,Close,Close_Forecast
2002-01-23,10400.0,10427.275
2002-01-24,10385.0,10426.549
2002-01-25,10435.0,10426.506
2002-01-28,10385.0,10422.908
2002-01-29,10295.0,10419.928
2002-01-30,10325.0,10415.188
2002-01-31,10315.0,10412.206
2002-02-01,10325.0,10408.584
2002-02-04,10315.0,10409.289
2002-02-05,10306.0,10409.407
2002-02-06,10325.0,10402.898
2002-02-07,10270.0,10396.317
2002-02-08,10250.0,10388.228
2002-02-11,10210.0,10377.662
2002-02-12,10175.0,10367.898
2002-02-13,10188.0,10354.467
2002-02-14,10230.0,10342.305
2002-02-15,10247.0,10332.451
2002-02-18,10235.0,10317.926
2002-02-19,10185.0,10304.059
2002-02-20,10187.0,10290.686
2002-02-21,10205.0,10273.541
2002-02-22,10215.0,10260.047
2002-02-25,10178.0,10245.229
2002-02-26,10175.0,10233.888
2002-02-27,10183.0,10222.848
2002-02-28,10150.0,10212.443
2002-03-01,10100.0,10208.452
2002-03-05,9985.0,10207.465
2002-03-06,9955.0,10204.803
2002-03-07,9943.0,10202.121
2002-03-08,10015.0,10197.51
2002-03-11,9945.0,10190.118
2002-03-12,9970.0,10177.921
2002-03-13,9975.0,10158.554
2002-03-14,9967.0,10134.847
2002-03-15,9995.0,10106.853
2002-03-18,9970.0,10078.044
2002-03-19,9965.0,10045.554
2002-03-20,9892.0,10014.565
2002-03-21,9870.0,9983.526
2002-03-22,9825.0,9963.776
2002-03-25,9705.0,9951.328
2002-03-26,9575.0,9946.534
2002-03-27,9660.0,9944.24
2002-03-28,9825.0,9940.565
2002-04-01,9770.0,9933.185
2002-04-02,9803.0,9916.963
2002-04-03,9655.0,9898.865
2002-04-04,9585.0,9867.869
2002-04-07,9547.0,9831.154
2002-04-08,9665.0,9790.873
2002-04-09,9580.0,9759.396
2002-04-10,9550.0,9731.021
2002-04-11,9545.0,9697.24
2002-04-14,9395.0,9675.422
2002-04-15,9433.0,9654.148
2002-04-16,9430.0,9644.93
2002-04-17,9390.0,9633.134
2002-04-18,9320.0,9623.53
2002-04-21,9352.0,9598.105
2002-04-22,9430.0,9560.555
2002-04-23,9325.0,9528.265
2002-04-24,9370.0,9496.867
2002-04-25,9305.0,9471.57
2002-04-28,9325.0,9445.571
2002-04-29,9330.0,9418.71
2002-05-01,9340.0,9383.213
2002-05-02,9310.0,9360.522
2002-05-05,9289.0,9341.099
2002-05-06,9290.0,9321.315
2002-05-07,9290.0,9313.006
2002-05-09,9285.0,9303.771
2002-05-12,9277.0,9298.707
2002-05-13,9270.0,9288.748
2002-05-14,9240.0,9284.582
2002-05-15,9150.0,9275.973
2002-05-16,9090.0,9267.223
2002-05-19,9040.0,9262.863
2002-05-20,9035.0,9255.499
2002-05-21,9065.0,9249.5625
2002-05-22,8945.0,9241.989
2002-05-23,8957.5,9232.386
2002-05-26,8905.0,9217.901
2002-05-27,8867.5,9201.674
2002-05-28,8850.0,9182.49
2002-05-29,8843.0,9158.836
2002-05-30,8697.5,9131.847
2002-06-02,8545.0,9104.192
2002-06-03,8650.0,9074.008
2002-06-04,8925.0,9043.149
2002-06-05,9045.0,9014.636
2002-06-06,8875.0,8993.792
2002-06-09,8730.0,8974.2705
2002-06-10,8775.0,8953.723
2002-06-11,8715.0,8932.254
2002-06-12,8751.0,8916.112
2002-06-13,8660.0,8907.288
2002-06-16,8688.0,8902.202
2002-06-17,8655.0,8894.94
2002-06-18,8695.0,8898.902
2002-06-19,8597.5,8899.972
2002-06-20,8630.0,8901.321
2002-06-23,8585.0,8902.072
2002-06-24,8657.5,8903.585
2002-06-25,8680.0,8902.696
2002-06-26,8640.0,8889.97
2002-06-27,8713.0,8872.29
2002-06-30,8710.0,8864.864
2002-07-01,8805.0,8860.449
2002-07-02,8965.0,8856.622
2002-07-03,8855.0,8853.966
2002-07-04,8860.0,8851.061
2002-07-07,8900.0,8849.797
2002-07-08,8910.0,8850.927
2002-07-09,8907.5,8853.678
2002-07-10,9135.0,8859.602
2002-07-11,9075.0,8870.497
2002-07-14,9047.5,8880.787
2002-07-15,9040.0,8893.161
2002-07-16,8965.0,8902.797
2002-07-17,8870.0,8910.939
2002-07-18,8775.0,8925.976
2002-07-21,8817.5,8943.066
2002-07-22,9005.0,8965.4
2002-07-23,9062.5,8981.067
2002-07-24,9005.0,8993.365
2002-07-25,9150.0,9001.545
2002-07-28,9250.0,9005.614
2002-07-29,9115.0,9000.981
2002-07-30,9064.5,8998.688
2002-07-31,9155.0,8996.576
2002-08-01,9075.0,8981.085
2002-08-04,9087.5,8972.652
2002-08-05,9085.0,8983.459
2002-08-06,9060.0,9005.393
2002-08-07,8990.0,9026.779
2002-08-08,8990.0,9051.486
2002-08-11,8850.0,9073.189
2002-08-12,8880.0,9089.7705
2002-08-13,8775.0,9093.653
2002-08-14,8857.5,9090.426
2002-08-15,8815.0,9086.732
2002-08-18,8847.5,9074.943
2002-08-19,8845.0,9053.932
2002-08-20,8875.0,9041.233
2002-08-21,8845.0,9025.487
2002-08-22,8887.5,9004.139
2002-08-25,8930.0,8985.893
2002-08-26,8887.5,8965.906
2002-08-27,8886.0,8944.194
2002-08-28,8865.0,8928.984
2002-08-29,8855.0,8917.515
2002-09-01,8851.0,8913.757
2002-09-02,8842.5,8914.487
2002-09-03,8870.0,8917.554
2002-09-04,8863.0,8921.667
2002-09-05,8870.0,8924.098
2002-09-08,8825.0,8926.79
2002-09-09,8871.0,8928.862
2002-09-10,8893.0,8928.8545
2002-09-11,8919.5,8927.567
2002-09-12,8975.0,8927.353
2002-09-15,9050.0,8924.97
2002-09-16,9060.0,8920.19
2002-09-17,9000.0,8919.117
2002-09-18,9025.0,8918.787
2002-09-19,9032.5,8920.787
2002-09-29,8994.0,8924.032
2002-09-30,9000.0,8932.676
2002-10-01,9007.0,8944.514
2002-10-02,9014.5,8958.144
2002-10-03,9014.5,8971.657
2002-10-06,9015.0,8987.247
2002-10-07,9005.0,9001.574
2002-10-08,8996.5,9010.203
2002-10-09,9010.0,9014.896
2002-10-10,9007.0,9017.169
2002-10-13,9345.0,9017.969
2002-10-14,9290.0,9014.438
2002-10-15,9194.0,9011.119
2002-10-16,9175.0,9011.302
2002-10-17,9214.0,9010.415
2002-10-20,9193.0,9009.754
2002-10-21,9200.0,9022.037
2002-10-22,9215.0,9041.606
2002-10-23,9215.0,9065.575
2002-10-24,9240.0,9085.262
2002-10-28,9224.0,9112.002
2002-10-29,9250.0,9132.461
2002-10-30,9227.0,9156.675
2002-10-31,9230.0,9165.805
2002-11-01,9225.0,9172.594
2002-11-04,9211.5,9177.922
2002-11-05,9205.0,9172.072
2002-11-06,9211.0,9172.032
2002-11-07,9205.0,9176.404
2002-11-08,9193.0,9181.447
2002-11-11,9147.0,9183.066
2002-11-12,9075.0,9185.922
2002-11-13,9047.0,9185.466
2002-11-14,9022.5,9185.037
2002-11-15,9027.0,9182.622
2002-11-18,8995.0,9178.926
2002-11-19,8965.0,9173.366
2002-11-20,8967.5,9163.946
2002-11-21,9020.0,9152.246
2002-11-22,8985.0,9137.785
2002-11-25,8975.0,9120.73
2002-11-26,8987.5,9102.047
2002-11-27,8935.0,9083.313
2002-11-28,8982.5,9061.774
2002-11-29,8977.5,9041.706
2002-12-02,8977.5,9023.871
2002-12-03,8980.0,9011.182
2002-12-04,8990.0,9002.17
2002-12-05,8990.0,8996.864
2002-12-06,8990.0,8993.697
2002-12-09,8977.5,8991.246
2002-12-11,8885.0,8989.252
2002-12-12,8867.5,8988.493
2002-12-13,8875.0,8988.484
2002-12-16,8815.0,8987.073
2002-12-17,8880.0,8988.99
2002-12-18,8890.0,8989.397
2002-12-19,8895.0,8987.944
2002-12-20,8888.0,8985.474
2002-12-23,8895.0,8980.43
2002-12-24,8890.0,8973.546
2002-12-27,8917.5,8966.422
2002-12-30,8950.0,8957.584
2002-12-31,8950.0,8948.469
2003-01-02,8920.0,8939.321
2003-01-03,8927.5,8930.876
2003-01-06,8934.5,8927.0
2003-01-07,8925.0,8929.381
2003-01-08,8930.0,8931.678
2003-01-09,8932.5,8937.157
2003-01-10,8917.5,8943.062
2003-01-13,8880.0,8947.0205
2003-01-14,8872.5,8950.32
2003-01-15,8865.0,8953.37
2003-01-16,8860.0,8955.588
2003-01-17,8870.0,8957.212
2003-01-20,8875.0,8958.215
2003-01-21,8880.0,8957.381
2003-01-22,8855.0,8954.139
2003-01-23,8886.5,8950.734
2003-01-24,8892.5,8948.077
2003-01-27,8892.5,8943.975
2003-01-28,8855.0,8939.202
2003-01-29,8850.0,8934.981
2003-01-30,8870.0,8929.835
2003-01-31,8870.0,8926.24
2003-02-03,8876.0,8924.829
2003-02-04,8870.0,8925.829
2003-02-05,8867.0,8925.525
2003-02-06,8869.0,8925.691
2003-02-07,8868.5,8925.812
2003-02-10,8865.0,8926.456
2003-02-11,8965.0,8925.5205
2003-02-13,8945.0,8924.948
2003-02-14,8920.0,8924.866
2003-02-17,8905.0,8924.363
2003-02-18,8877.5,8923.302
2003-02-19,8880.0,8922.042
2003-02-20,8845.0,8925.144
2003-02-21,8915.5,8929.277
2003-02-24,8895.0,8933.128
2003-02-25,8887.5,8936.125
2003-02-26,8887.5,8939.869
2003-02-27,8897.5,8941.898
2003-02-28,8883.5,8943.752
2003-03-03,8883.5,8943.47
2003-03-04,8830.0,8944.133
2003-03-05,8845.0,8943.926
2003-03-06,8866.0,8936.662
2003-03-07,8885.0,8933.927
2003-03-10,8883.0,8932.609
2003-03-11,8882.5,8933.033
2003-03-12,8892.5,8931.21
2003-03-13,8905.0,8931.224
2003-03-14,8917.5,8930.923
2003-03-17,8970.0,8928.321
2003-03-18,9040.0,8925.976
2003-03-19,9087.5,8924.851
2003-03-20,9020.0,8924.639
2003-03-21,8972.5,8925.784
2003-03-24,8950.0,8927.152
2003-03-25,8952.5,8930.93
2003-03-26,8915.0,8939.774
2003-03-27,8900.0,8952.711
2003-03-28,8912.5,8966.275
2003-03-30,8901.5,8977.576
2003-03-31,8885.0,8986.807
2003-04-01,8884.0,8995.1875
2003-04-02,8894.5,8999.431
2003-04-03,8892.5,8999.472
2003-04-06,8884.0,8994.448
2003-04-07,8877.5,8988.713
2003-04-08,8864.5,8976.685
2003-04-09,8853.0,8961.791
2003-04-10,8877.5,8952.36
2003-04-13,8854.5,8946.67
2003-04-14,8842.5,8942.106
2003-04-15,8807.5,8937.402
2003-04-16,8725.0,8935.16
2003-04-20,8680.0,8933.188
2003-04-21,8740.0,8931.002
2003-04-22,8775.0,8928.749
2003-04-23,8727.5,8926.89
2003-04-24,8740.0,8923.96
2003-04-27,8738.0,8919.114
2003-04-28,8707.5,8913.564
2003-04-30,8675.0,8908.215
2003-12-01,8498.400390625,8902.837
2003-12-02,8486.099609375,8897.834
2003-12-03,8467.900390625,8891.929
2003-12-04,8492.5,8884.646
2003-12-05,8469.099609375,8880.349
2003-12-08,8492.7001953125,8876.526
2003-12-09,8474.2998046875,8870.194
2003-12-10,8502.2001953125,8865.365
2003-12-11,8442.2001953125,8861.107
2003-12-12,8471.400390625,8853.604
2003-12-15,8461.2001953125,8843.513
2003-12-16,8479.2998046875,8835.237
2003-12-17,8478.7001953125,8825.565
2003-12-18,8459.900390625,8818.736
2003-12-19,8488.599609375,8813.125
2003-12-22,8498.2998046875,8809.7295
2003-12-23,8497.400390625,8809.073
2003-12-24,8501.2001953125,8809.564
2003-12-25,8493.7001953125,8808.871
2003-12-26,8497.900390625,8808.908
2003-12-29,8463.0,8808.228
2003-12-30,8453.7998046875,8808.933
2003-12-31,8404.2998046875,8809.155
2004-01-01,8336.7998046875,8809.484
2004-01-02,8445.400390625,8810.0625
2004-01-05,8369.7998046875,8810.695
2004-01-06,8361.7998046875,8810.91
2004-01-07,8369.2998046875,8810.724
2004-01-08,8338.0,8810.357
2004-01-09,8319.099609375,8808.555
2004-01-12,8340.0,8806.927
2004-01-13,8289.599609375,8805.975
2004-01-14,8380.7998046875,8803.211
2004-01-15,8360.400390625,8800.868
2004-01-16,8349.7001953125,8799.489
2004-01-19,8391.599609375,8797.081
2004-01-20,8392.7001953125,8795.841
2004-01-21,8372.7998046875,8793.923
2004-01-22,8398.2998046875,8793.797
2004-01-23,8417.0,8793.314
2004-01-26,8503.400390625,8792.692
2004-01-27,8426.7001953125,8792.284
2004-01-28,8535.7998046875,8793.352
2004-01-29,8413.400390625,8794.01
2004-01-30,8442.400390625,8794.957
2004-02-02,8452.2998046875,8795.875
2004-02-03,8460.7998046875,8798.357
2004-02-04,8449.400390625,8799.31
2004-02-05,8470.900390625,8800.67
2004-02-06,8451.400390625,8802.381
2004-02-09,8427.7001953125,8803.899
2004-02-10,8416.5,8804.202
2004-02-11,8407.2998046875,8806.581
2004-02-12,8398.400390625,8806.387
2004-02-13,8410.900390625,8807.057
2004-02-16,8391.2001953125,8806.105
2004-02-17,8391.900390625,8806.457
2004-02-18,8449.099609375,8805.682
2004-02-19,8394.7001953125,8805.116
2004-02-20,8451.7998046875,8804.503
2004-02-23,8438.0,8803.644
2004-02-24,8457.599609375,8802.619
2004-02-25,8439.400390625,8801.574
2004-02-26,8466.7001953125,8801.001
2004-02-27,8412.7998046875,8800.701
2004-03-01,8451.5,8800.251
2004-03-02,8521.5,8800.702
2004-03-03,8495.7001953125,8801.6
2004-03-04,8563.7001953125,8801.801
2004-03-05,8622.099609375,8802.905
2004-03-08,8543.7001953125,8803.2705
2004-03-09,8620.2998046875,8804.242
2004-03-10,8575.099609375,8804.756
2004-03-11,8567.0,8806.747
2004-03-12,8633.0,8807.038
2004-03-15,8614.900390625,8809.533
2004-03-16,8620.5,8812.29
2004-03-17,8645.900390625,8814.697
2004-03-18,8533.2001953125,8818.184
2004-03-19,8616.2998046875,8822.925
2004-03-22,8561.5,8826.94
2004-03-23,8562.900390625,8830.396
2004-03-24,8707.2001953125,8832.809
2004-03-25,8711.7998046875,8835.71
2004-03-26,8717.599609375,8835.763
2004-03-28,8688.2001953125,8835.773
2004-03-29,8676.099609375,8837.445
2004-03-30,8585.5,8836.482
2004-03-31,8549.400390625,8837.6875
2004-04-01,8716.099609375,8841.003
2004-04-04,8799.2001953125,8842.039
2004-04-05,8714.0,8844.51
2004-04-06,8584.0,8847.531
2004-04-07,8597.599609375,8849.043
2004-04-08,8591.900390625,8852.124
2004-04-11,8601.7998046875,8853.317
2004-04-12,8593.2001953125,8857.254
2004-04-13,8610.7001953125,8860.991
2004-04-14,8623.099609375,8857.152
2004-04-15,8609.7998046875,8855.01
2004-04-18,8606.7998046875,8854.307
2004-04-19,8660.7001953125,8853.762
2004-04-20,8676.599609375,8851.874
2004-04-21,8624.900390625,8849.824
2004-04-22,8608.5,8848.947
2004-04-25,8611.599609375,8845.846
2004-04-26,8625.2998046875,8839.773
2004-04-27,8681.7001953125,8837.763
2004-04-28,8694.900390625,8840.233
2004-04-29,8665.5,8841.87
2004-05-02,8700.400390625,8842.422
2004-05-03,8698.099609375,8842.969
2004-05-04,8690.7001953125,8844.552
2004-05-05,8702.400390625,8846.461
2004-05-06,8803.2001953125,8847.718
2004-05-09,8980.400390625,8848.493
2004-05-10,8964.7998046875,8850.523
2004-05-11,8903.599609375,8851.943
2004-05-12,8994.900390625,8853.527
2004-05-13,9031.099609375,8856.434
2004-05-16,8989.900390625,8860.311
2004-05-17,9052.400390625,8867.572
2004-05-18,9046.599609375,8879.397
2004-05-19,9013.599609375,8890.054
2004-05-20,9042.2998046875,8901.97
2004-05-23,9114.5,8916.3545
2004-05-24,9255.2998046875,8935.967
2004-05-25,9247.599609375,8955.6455
2004-05-26,9248.099609375,8976.276
2004-05-27,9262.0,8994.685
2004-05-30,9256.900390625,9007.356
2004-05-31,9345.7998046875,9016.411
2004-06-01,9458.900390625,9032.07
2004-06-02,9442.5,9055.16
2004-06-03,9455.7998046875,9078.559
2004-06-06,9293.599609375,9102.712
2004-06-07,9241.5,9131.194
2004-06-08,9282.7001953125,9158.578
2004-06-09,9348.7001953125,9193.759
2004-06-10,9370.7998046875,9229.942
2004-06-13,9373.599609375,9264.38
2004-06-14,9388.099609375,9285.536
2004-06-15,9412.599609375,9292.665
2004-06-16,9407.599609375,9297.766
2004-06-17,9388.5,9306.145
2004-06-20,9379.900390625,9308.361
2004-06-21,9380.7001953125,9306.61
2004-06-22,9419.599609375,9298.79
2004-06-23,9397.5,9293.608
2004-06-24,9379.900390625,9299.324
2004-06-27,9420.0,9306.2
2004-06-28,9398.0,9317.349
2004-06-29,9409.099609375,9327.197
2004-06-30,9302.5,9335.692
2004-07-01,9121.7998046875,9339.95
2004-07-04,9139.099609375,9340.508
2004-07-05,9000.7001953125,9341.546
2004-07-06,8993.5,9342.973
2004-07-07,8977.099609375,9343.769
2004-07-08,8880.7001953125,9339.461
2004-07-11,8791.5,9328.828
2004-07-12,8929.7001953125,9312.193
2004-07-13,8964.0,9287.333
2004-07-14,8962.0,9255.402
2004-07-15,8901.7001953125,9220.656
2004-07-18,8950.400390625,9180.855
2004-07-19,8975.7998046875,9130.329
2004-07-20,9000.2998046875,9079.316
2004-07-21,9037.599609375,9029.73
2004-07-22,9083.0,8996.823
2004-07-25,9133.5,8977.002
2004-07-26,9066.7998046875,8957.599
2004-07-27,9115.5,8956.355
2004-07-28,9173.5,8958.991
2004-07-29,9141.5,8962.306
2004-08-01,9141.400390625,8975.938
2004-08-02,9168.099609375,8993.814
2004-08-03,9194.2998046875,9009.017
2004-08-04,9178.7998046875,9022.435
2004-08-05,9140.400390625,9039.295
2004-08-08,9171.900390625,9059.085
2004-08-09,9200.5,9073.609
2004-08-10,9257.099609375,9088.305
2004-08-11,9248.2001953125,9100.35
2004-08-12,9238.2001953125,9112.512
2004-08-15,9278.900390625,9119.674
2004-08-16,9282.400390625,9123.26
2004-08-17,9254.599609375,9130.707
2004-08-18,9234.400390625,9139.563
2004-08-19,9211.5,9147.0205
2004-08-22,9280.400390625,9156.536
2004-08-23,9253.5,9166.891
2004-08-24,9274.7001953125,9179.447
2004-08-25,9296.5,9188.837
2004-08-26,9308.2998046875,9197.394
2004-08-29,9329.900390625,9202.299
2004-08-30,9361.5,9206.783
2004-08-31,9307.0,9210.084
2004-09-01,9262.7001953125,9210.398
2004-09-02,9275.2001953125,9210.682
2004-09-05,9279.599609375,9215.78
2004-09-06,9273.7998046875,9220.685
2004-09-07,9280.7998046875,9231.752
2004-09-08,9241.2998046875,9240.526
2004-09-09,9266.5,9246.788
2004-09-12,9220.099609375,9250.998
2004-09-13,9102.400390625,9252.229
2004-09-14,9113.900390625,9252.743
2004-09-15,8993.400390625,9250.526
2004-09-16,9038.7998046875,9242.501
2004-09-19,9022.2998046875,9235.645
2004-09-20,8991.599609375,9227.808
2004-09-21,9149.5,9216.082
2004-09-22,9121.7001953125,9202.5
2004-09-23,9106.099609375,9187.582
2004-09-26,9168.400390625,9168.448
2004-09-27,9229.7998046875,9143.891
2004-09-28,9172.0,9117.883
2004-09-29,9147.0,9094.2295
2004-09-30,9149.5,9074.977
2004-10-03,9089.599609375,9058.951
2004-10-04,9088.7998046875,9055.263
2004-10-05,9084.7998046875,9068.314
2004-10-06,9087.900390625,9080.697
2004-10-07,9083.7998046875,9099.382
2004-10-10,9074.099609375,9109.023
2004-10-11,9120.5,9116.736
2004-10-12,9121.7001953125,9120.631
2004-10-13,9098.2998046875,9117.734
2004-10-14,9080.400390625,9111.839
2004-10-17,9122.0,9104.907
2004-10-18,9068.900390625,9094.704
2004-10-19,9077.5,9082.443
2004-10-20,9093.7998046875,9077.106
2004-10-21,9044.0,9074.501
2004-10-24,9056.7998046875,9072.528
2004-10-25,9087.2998046875,9074.673
2004-10-26,9112.0,9075.622
2004-10-27,9100.0,9076.265
2004-10-28,9078.099609375,9075.138
2004-11-01,9086.2998046875,9073.4
2004-11-02,9090.900390625,9070.648
2004-11-03,9096.599609375,9066.9795
2004-11-04,9067.2001953125,9063.787
2004-11-05,9055.099609375,9063.033
2004-11-08,8936.0,9063.276
2004-11-09,8975.2998046875,9062.162
2004-11-10,9043.599609375,9065.082
2004-11-11,9057.400390625,9067.259
2004-11-12,8980.099609375,9067.5625
2004-11-15,8992.7998046875,9067.628
2004-11-16,8984.2998046875,9063.875
2004-11-17,8986.2998046875,9057.003
2004-11-18,9010.900390625,9048.518
2004-11-19,8981.2998046875,9043.17
2004-11-22,8997.099609375,9035.671
2004-11-23,8972.900390625,9025.989
2004-11-24,8962.2001953125,9016.021
2004-11-25,8943.7998046875,9011.477
2004-11-26,8992.0,9008.24
2004-11-29,9007.099609375,9005.566
2004-11-30,9018.2998046875,9005.392
2004-12-01,8991.099609375,9003.834
2004-12-02,9029.099609375,8999.228
2004-12-03,9009.900390625,8994.075
2004-12-06,9063.099609375,8993.661
2004-12-07,9083.7998046875,8992.411
2004-12-08,9149.2001953125,8993.295
2004-12-09,9159.2001953125,8992.212
2004-12-10,9254.2998046875,8994.512
2004-12-13,9266.0,8998.226
2004-12-14,9300.0,9003.793
2004-12-15,9236.7001953125,9010.605
2004-12-16,9263.7998046875,9022.694
2004-12-17,9269.5,9035.676
2004-12-20,9289.5,9054.899
2004-12-21,9314.2998046875,9077.511
2004-12-22,9313.2998046875,9107.279
2004-12-23,9266.900390625,9132.829
2004-12-24,9249.7998046875,9158.138
2004-12-27,9271.099609375,9178.192
2004-12-28,9328.0,9197.884
2004-12-29,9305.7001953125,9211.107
2004-12-30,9318.5,9223.03
2004-12-31,9359.0,9228.636
2005-01-03,9282.599609375,9230.719
2005-01-04,9286.400390625,9231.333
2005-01-05,9278.2001953125,9234.1
2005-01-06,9300.900390625,9238.894
2005-01-07,9289.0,9241.163
2005-01-10,9277.099609375,9245.377
2005-01-11,9271.099609375,9249.478
2005-01-12,9187.599609375,9250.486
2005-01-13,9133.2001953125,9251.306
2005-01-14,9156.599609375,9253.578
2005-01-17,9126.2001953125,9254.736
2005-01-18,9150.599609375,9253.605
2005-01-19,9161.2001953125,9245.624
2005-01-20,9147.7998046875,9238.907
2005-01-21,9143.2001953125,9227.917
2005-01-24,9142.900390625,9212.982
2005-01-25,9145.2998046875,9200.823
2005-01-26,9130.400390625,9186.144
2005-01-27,9144.7001953125,9169.629
2005-01-28,9143.599609375,9153.147
2005-01-31,9157.599609375,9136.806
2005-02-01,9230.0,9125.039
2005-02-02,9177.7998046875,9117.475
2005-02-03,9186.0,9115.254
2005-02-04,9187.2001953125,9115.462
2005-02-07,9212.5,9114.07
2005-02-08,9278.900390625,9115.035
2005-02-09,9273.900390625,9118.185
2005-02-10,9268.7998046875,9122.416
2005-02-11,9268.2001953125,9127.204
2005-02-14,9242.2001953125,9132.503
2005-02-15,9268.599609375,9139.731
2005-02-16,9286.2998046875,9148.945
2005-02-17,9280.900390625,9162.034
2005-02-18,9240.5,9172.169
2005-02-21,9262.5,9183.746
2005-02-22,9187.400390625,9193.085
2005-02-23,9199.2998046875,9199.053
2005-02-24,9246.0,9208.105
2005-02-25,9255.900390625,9214.603
2005-02-28,9258.2998046875,9217.742
2005-03-01,9286.2998046875,9220.007
2005-03-02,9269.900390625,9215.448
2005-03-03,9283.900390625,9210.938
2005-03-04,9333.5,9206.922
2005-03-07,9322.5,9204.234
2005-03-08,9376.7998046875,9200.981
2005-03-09,9328.900390625,9199.934
2005-03-10,9358.2001953125,9198.922
2005-03-11,9357.2001953125,9202.941
2005-03-14,9366.7998046875,9211.679
2005-03-15,9348.2001953125,9220.724
2005-03-16,9334.599609375,9235.437
2005-03-17,9360.0,9248.385
2005-03-18,9352.2001953125,9259.58
2005-03-21,9405.0,9269.319
2005-03-22,9394.2998046875,9281.045
2005-03-23,9406.0,9286.668
2005-03-24,9407.0,9293.381
2005-03-25,9405.2001953125,9296.223
2005-03-27,9445.0,9298.8
2005-03-28,9516.0,9303.081
2005-03-29,9506.0,9305.352
2005-03-30,9465.0,9311.628
2005-03-31,9462.0,9317.282
2005-04-03,9474.2998046875,9325.35
2005-04-04,9477.7998046875,9333.382
2005-04-05,9471.7001953125,9348.937
2005-04-06,9492.400390625,9365.356
2005-04-07,9479.599609375,9378.956
2005-04-10,9485.0,9390.667
2005-04-11,9480.0,9400.102
2005-04-12,9479.599609375,9409.482
2005-04-13,9512.400390625,9416.721
2005-04-14,9526.2001953125,9421.49
2005-04-17,9562.0,9424.744
2005-04-18,9562.0,9426.606
2005-04-19,9564.0,9424.904
2005-04-20,9675.0,9424.78
2005-04-21,9672.0,9427.922
2005-04-24,9740.0,9433.363
2005-04-25,9676.7001953125,9440.1
2005-04-26,9550.099609375,9448.983
2005-04-27,9565.900390625,9459.857
2005-04-28,9555.0,9477.04
2005-05-01,9520.7001953125,9499.383
2005-05-02,9519.2998046875,9526.176
2005-05-03,9505.0,9550.777
2005-05-04,9503.900390625,9565.659
2005-05-05,9482.0,9571.487
2005-05-08,9473.5,9576.928
2005-05-09,9448.0,9573.284
2005-05-10,9448.0,9566.277
2005-05-11,9465.0,9550.164
2005-05-12,9473.599609375,9524.888
2005-05-15,9460.5,9502.033
2005-05-16,9420.0,9478.737
2005-05-17,9422.0,9460.001
2005-05-18,9437.400390625,9448.844
2005-05-19,9437.0,9437.637
2005-05-22,9455.0,9429.013
2005-05-23,9467.0,9421.564
2005-05-24,9466.900390625,9413.273
2005-05-25,9481.599609375,9405.449
2005-05-26,9468.599609375,9399.758
2005-05-29,9480.5,9396.133
2005-05-30,9508.0,9393.291
2005-05-31,9562.2998046875,9392.057
2005-06-01,9565.0,9392.179
2005-06-02,9576.900390625,9394.139
2005-06-05,9576.900390625,9397.002
2005-06-06,9532.7001953125,9401.553
2005-06-07,9583.099609375,9409.596
2005-06-08,9615.0,9421.514
2005-06-09,9586.900390625,9434.034
2005-06-12,9610.0,9448.821
2005-06-13,9605.0,9462.683
2005-06-14,9592.0,9474.278
2005-06-15,9621.599609375,9486.101
2005-06-16,9584.900390625,9499.532
2005-06-19,9657.599609375,9510.787
2005-06-20,9648.0,9520.399
2005-06-21,9645.0,9528.545
2005-06-22,9637.2001953125,9532.318
2005-06-23,9638.7998046875,9538.718
2005-06-26,9649.599609375,9542.582
2005-06-27,9695.599609375,9548.167
2005-06-28,9693.2001953125,9556.793
2005-06-29,9753.400390625,9563.352
2005-06-30,9792.900390625,9566.335
2005-07-03,9855.0,9573.554
2005-07-04,9872.0,9577.495
2005-07-05,9772.0,9586.923
2005-07-06,9785.2001953125,9595.231
2005-07-07,9789.5,9606.289
2005-07-10,9743.7998046875,9623.377
2005-07-11,9750.0,9646.149
2005-07-12,9784.599609375,9674.786
2005-07-13,9792.599609375,9699.235
2005-07-14,9777.5,9718.6875
2005-07-17,9784.599609375,9736.2
2005-07-18,9780.7998046875,9746.234
2005-07-19,9813.0,9749.954
2005-07-20,9758.400390625,9750.89
2005-07-21,9778.5,9745.916
2005-07-24,9810.0,9741.302
2005-07-25,9805.2001953125,9735.483
2005-07-26,9830.0,9730.001
2005-07-27,9830.0,9734.261
2005-07-28,9798.7998046875,9735.414
2005-07-31,9780.0,9736.165
2005-08-01,9738.7998046875,9740.025
2005-08-02,9737.2998046875,9744.749
2005-08-03,9710.5,9748.086
2005-08-04,9733.900390625,9753.882
2005-08-07,9773.7001953125,9756.695
2005-08-08,9785.0,9758.882
2005-08-09,9762.0,9757.66
2005-08-10,9780.0,9751.474
2005-08-11,9793.0,9744.714
2005-08-14,9875.0,9735.54
2005-08-15,9890.0,9724.626
2005-08-16,9895.0,9717.729
2005-08-17,9965.099609375,9710.21
2005-08-18,9981.5,9708.211
2005-08-21,10000.0,9710.321
2005-08-22,10048.0,9722.09
2005-08-23,10260.0,9739.908
2005-08-24,10318.0,9759.759
2005-08-25,10393.0,9785.114
2005-08-28,10730.0,9814.436
2005-08-29,10289.0,9842.871
2005-08-30,9929.099609375,9875.595
2005-08-31,10153.0,9922.9375
2005-09-01,10353.0,9978.935
2005-09-04,10285.0,10045.903
2005-09-05,10526.0,10135.701
2005-09-06,10369.0,10205.516
2005-09-07,10340.0,10236.313
2005-09-08,10182.0,10265.069
2005-09-11,10079.0,10290.859
2005-09-12,10080.0,10312.615
2005-09-13,10000.0,10335.1875
2005-09-14,10034.0,10321.212
2005-09-15,10145.0,10314.872
2005-09-18,10145.0,10311.788
2005-09-19,10222.0,10289.98
2005-09-20,10225.0,10278.302
2005-09-21,10318.0,10279.35
2005-09-22,10221.0,10248.097
2005-09-25,10205.0,10201.908
2005-09-26,10268.0,10162.5625
2005-09-27,10365.0,10120.111
2005-09-28,10315.0,10111.42
2005-09-29,10286.0,10119.419
2005-10-02,10295.0,10139.611
2005-10-03,10186.0,10165.455
2005-10-04,9997.900390625,10187.815
2005-10-05,10025.0,10221.45
2005-10-06,10026.0,10246.346
2005-10-09,10068.0,10264.543
2005-10-10,10045.0,10276.053
2005-10-11,10101.0,10277.595
2005-10-12,10114.0,10266.39
2005-10-13,10116.0,10243.252
2005-10-16,10116.0,10214.883
2005-10-17,10075.0,10187.289
2005-10-18,10075.0,10152.255
2005-10-19,10064.0,10108.507
2005-10-20,10077.0,10075.839
2005-10-23,10070.0,10063.689
2005-10-24,9972.0,10055.717
2005-10-25,9980.099609375,10057.349
2005-10-26,10005.0,10065.481
2005-10-27,10034.0,10071.61
2005-10-31,10120.0,10074.671
2005-11-01,10007.0,10072.662
2005-11-02,10032.0,10064.269
2005-11-03,10044.0,10049.083
2005-11-04,10075.0,10035.504
2005-11-07,10075.0,10024.013
2005-11-08,10090.0,10020.167
2005-11-09,9905.0,10013.748
2005-11-10,10026.0,10008.572
2005-11-11,9956.0,10008.762
2005-11-14,9945.0,10013.554
2005-11-15,10000.0,10017.832
2005-11-16,10000.0,10030.587
2005-11-17,10010.0,10024.563
2005-11-18,10060.0,10023.122
2005-11-21,10032.0,10015.468
2005-11-22,10027.0,10002.96
2005-11-23,10031.0,9992.795
2005-11-24,10056.0,9984.391
2005-11-25,10058.0,9972.12
2005-11-28,10035.0,9972.71
2005-11-29,10030.0,9971.95
2005-11-30,10010.0,9973.45
2005-12-01,9998.7001953125,9986.615
2005-12-02,9985.099609375,9993.742
2005-12-05,9945.2998046875,10003.909
2005-12-06,9898.7001953125,10013.042
2005-12-07,9917.599609375,10015.446
2005-12-08,9770.0,10016.308
2005-12-09,9676.2001953125,10014.648
2005-12-12,9746.099609375,10008.465
2005-12-13,9751.0,9999.327
2005-12-14,9830.900390625,9985.197
2005-12-15,9829.099609375,9969.552
2005-12-16,9868.900390625,9946.197
2005-12-19,9835.5,9916.054
2005-12-20,9845.0,9879.403
2005-12-21,9874.0,9842.101
2005-12-22,9830.0,9810.855
2005-12-23,9845.0,9784.47
2005-12-26,9871.599609375,9762.3125
2005-12-27,9820.0,9754.267
2005-12-28,9868.7001953125,9759.85
2005-12-29,9815.599609375,9767.141
2005-12-30,9806.2001953125,9781.214
2006-01-02,9826.900390625,9794.364
2006-01-03,9648.900390625,9805.239
2006-01-04,9623.0,9809.612
2006-01-05,9582.400390625,9811.399
2006-01-06,9528.900390625,9811.006
2006-01-09,9458.7001953125,9805.459
2006-01-10,9442.0,9802.67
2006-01-11,9383.0,9790.779
2006-01-12,9335.0,9769.895
2006-01-13,9249.2998046875,9744.527
2006-01-16,9358.900390625,9712.756
2006-01-17,9453.599609375,9675.345
2006-01-18,9485.0,9634.757
2006-01-19,9387.0,9582.388
2006-01-20,9411.2001953125,9530.874
2006-01-23,9438.0,9476.194
2006-01-24,9478.0,9422.837
2006-01-25,9345.0,9383.156
2006-01-26,9358.0,9361.586
2006-01-27,9398.400390625,9341.845
2006-01-30,9375.599609375,9333.162
2006-01-31,9355.099609375,9336.019
2006-02-01,9310.0,9349.4375
2006-02-02,9347.5,9355.616
2006-02-03,9280.2998046875,9360.27
2006-02-06,9330.7001953125,9360.406
2006-02-07,9185.0,9360.288
2006-02-08,9262.0,9351.487
2006-02-09,9225.0,9338.444
2006-02-10,9218.400390625,9326.789
2006-02-13,9226.0,9314.986
2006-02-14,9190.5,9304.405
2006-02-15,9212.900390625,9286.215
2006-02-16,9185.2001953125,9274.165
2006-02-17,9204.0,9258.721
2006-02-20,9226.0,9244.505
2006-02-21,9241.900390625,9228.25
2006-02-22,9244.2998046875,9215.18
2006-02-23,9260.0,9202.088
2006-02-24,9274.599609375,9189.852
2006-02-27,9297.099609375,9181.245
2006-02-28,9232.599609375,9173.673
2006-03-01,9242.7001953125,9175.402
2006-03-02,9106.400390625,9173.158
2006-03-03,9170.2001953125,9177.399
2006-03-06,9172.0,9182.714
2006-03-07,9239.2001953125,9191.044
2006-03-08,9302.0,9198.104
2006-03-09,9300.0,9202.7705
2006-03-10,9198.900390625,9201.841
2006-03-13,9226.5,9197.949
2006-03-14,9165.0,9191.744
2006-03-15,9093.7001953125,9187.576
2006-03-16,9105.7998046875,9182.096
2006-03-17,9113.7001953125,9181.403
2006-03-20,9133.5,9178.048
2006-03-21,9172.400390625,9180.265
2006-03-22,9081.5,9180.438
2006-03-23,9089.0,9179.712
2006-03-24,9058.0,9178.334
2006-03-26,9017.099609375,9170.837
2006-03-27,9064.400390625,9159.632
2006-03-28,9115.5,9144.671
2006-03-29,9064.400390625,9125.534
2006-03-30,9035.7001953125,9107.3545
2006-04-02,8998.400390625,9096.742
2006-04-03,8953.0,9086.842
2006-04-04,8978.099609375,9079.928
2006-04-05,9011.2998046875,9077.754
2006-04-06,8988.7001953125,9072.09
2006-04-09,8959.2001953125,9064.59
2006-04-10,8958.099609375,9054.85
2006-04-11,8983.599609375,9045.118
2006-04-12,8981.0,9039.048
2006-04-13,8984.2998046875,9032.607
2006-04-16,8953.2998046875,9026.356
2006-04-17,8911.900390625,9020.692
2006-04-18,8872.0,9010.141
2006-04-19,8920.7001953125,8998.135
2006-04-20,8873.900390625,8993.555
2006-04-23,8818.7001953125,8990.33
2006-04-24,8807.099609375,8987.456
2006-04-25,8784.2001953125,8986.205
2006-04-26,8766.2998046875,8981.905
2006-04-27,8762.7998046875,8976.529
2006-04-30,8824.2001953125,8971.09
2006-05-01,8770.599609375,8965.619
2006-05-02,8766.7998046875,8957.228
2006-05-03,8764.099609375,8946.142
2006-05-04,8777.0,8934.559
2006-05-07,8748.0,8922.999
2006-05-08,8710.599609375,8913.403
2006-05-09,8724.7998046875,8906.928
2006-05-10,8682.7998046875,8902.349
2006-05-11,8752.0,8895.058
2006-05-14,9104.7998046875,8891.5625
2006-05-15,9188.599609375,8890.013
2006-05-16,8978.900390625,8887.826
2006-05-17,9124.900390625,8885.036
2006-05-18,9189.2001953125,8883.798
2006-05-21,9242.7001953125,8882.41
2006-05-22,9304.7001953125,8883.343
2006-05-23,9343.2998046875,8895.605
2006-05-24,9323.400390625,8910.199
2006-05-25,9303.2001953125,8928.391
2006-05-28,9293.400390625,8956.961
2006-05-29,9184.5,8998.1875
2006-05-30,9270.7001953125,9044.337
2006-05-31,9323.7998046875,9096.558
2006-06-01,9247.900390625,9138.171
2006-06-04,9299.5,9178.356
2006-06-05,9341.2001953125,9200.421
2006-06-06,9357.5,9213.918
2006-06-07,9472.2001953125,9229.141
2006-06-08,9376.5,9238.125
2006-06-11,9392.5,9239.846
2006-06-12,9510.099609375,9236.877
2006-06-13,9470.599609375,9235.269
2006-06-14,9364.2001953125,9237.479
2006-06-15,9270.7001953125,9251.511
2006-06-18,9318.2001953125,9267.765
2006-06-19,9310.7998046875,9282.256
2006-06-20,9257.099609375,9307.373
2006-06-21,9314.5,9332.161
2006-06-22,9360.2998046875,9344.491
2006-06-25,9300.0,9351.864
2006-07-02,9050.0,9348.076
2006-07-17,9211.2998046875,9343.134
2006-07-18,9140.2998046875,9335.48
2006-07-19,9155.2998046875,9315.211
2006-07-20,9114.900390625,9298.755
2006-07-23,9159.0,9285.461
2006-07-24,9159.7001953125,9260.527
2006-07-25,9046.900390625,9239.248
2006-07-26,9059.400390625,9222.188
2006-07-27,9021.0,9213.697
2006-07-30,9074.2001953125,9194.212
2006-07-31,9069.599609375,9176.257
2006-08-01,9104.2001953125,9158.816
2006-08-02,9083.099609375,9137.519
2006-08-03,9062.7001953125,9113.398
2006-08-06,9077.2998046875,9098.553
2006-08-07,9121.0,9094.435
2006-08-08,9062.0,9083.504
2006-08-09,9087.400390625,9076.097
2006-08-10,9065.900390625,9066.917
2006-08-13,9079.099609375,9061.203
2006-08-14,9085.599609375,9056.236
2006-08-15,9095.5,9057.022
2006-08-16,9087.0,9059.918
2006-08-17,9047.7001953125,9062.461
2006-08-20,9065.7998046875,9063.624
2006-08-21,9051.2001953125,9064.425
2006-08-22,9103.0,9064.579
2006-08-23,9176.400390625,9064.662
2006-08-24,9134.0,9063.148
2006-08-27,9123.099609375,9063.8125
2006-08-28,9058.7001953125,9062.174
2006-08-29,9089.5,9059.709
2006-08-30,9104.0,9060.475
2006-08-31,9085.2001953125,9062.713
2006-09-03,9069.7001953125,9067.439
2006-09-04,9097.599609375,9072.004
2006-09-05,9097.2998046875,9075.779
2006-09-06,9093.099609375,9077.526
2006-09-07,9119.599609375,9080.54
2006-09-10,9104.099609375,9084.658
2006-09-11,9147.900390625,9082.401
2006-09-12,9141.0,9080.625
2006-09-13,9142.7001953125,9077.052
2006-09-14,9112.099609375,9072.498
2006-09-17,9073.400390625,9070.69
2006-09-18,9142.2001953125,9071.062
2006-09-19,9150.7001953125,9075.721
2006-09-20,9117.2001953125,9080.723
2006-09-21,9150.599609375,9085.702
2006-09-24,9233.5,9089.414
2006-09-25,9214.5,9092.538
2006-09-26,9196.7998046875,9093.557
2006-09-27,9207.2001953125,9097.526
2006-09-28,9209.7001953125,9098.776
2006-10-01,9183.2998046875,9098.518
2006-10-02,9164.400390625,9105.043
2006-10-03,9196.7998046875,9112.887
2006-10-04,9193.0,9122.097
2006-10-05,9261.2001953125,9130.904
2006-10-08,9262.2998046875,9141.091
2006-10-09,9314.0,9150.504
2006-10-10,9227.7998046875,9155.291
2006-10-11,9197.0,9157.3545
2006-10-12,9202.5,9159.795
2006-10-15,9175.0,9163.74
2006-10-16,9155.599609375,9164.613
2006-10-17,9121.400390625,9172.96
2006-10-18,9112.5,9179.926
2006-10-19,9109.599609375,9185.907
2006-10-22,9156.099609375,9187.15
2006-10-23,9157.099609375,9190.662
2006-10-24,9148.599609375,9188.884
2006-10-25,9147.7001953125,9184.043
2006-10-26,9092.2998046875,9172.763
2006-10-30,9099.099609375,9156.974
2006-10-31,9083.099609375,9141.316
2006-11-01,9090.900390625,9126.824
2006-11-02,9093.400390625,9118.622
2006-11-03,9103.400390625,9112.495
2006-11-06,9111.099609375,9108.012
2006-11-07,9109.2001953125,9104.177
2006-11-08,9103.7001953125,9101.468
2006-11-09,9106.7001953125,9098.544
2006-11-10,9111.400390625,9095.304
2006-11-13,9105.7998046875,9091.493
2006-11-14,9120.0,9084.806
2006-11-15,9170.7998046875,9080.292
2006-11-16,9193.7998046875,9077.593
2006-11-17,9145.400390625,9077.01
2006-11-20,9149.400390625,9078.803
2006-11-21,9129.099609375,9080.099
2006-11-22,9123.900390625,9082.06
2006-11-23,9114.400390625,9085.744
2006-11-24,9134.7001953125,9093.02
2006-11-27,9126.7001953125,9099.343
2006-11-28,9163.099609375,9104.79
2006-11-29,9162.7998046875,9108.905
2006-11-30,9155.400390625,9112.108
2006-12-01,9149.2001953125,9113.839
2006-12-04,9130.5,9114.793
2006-12-05,9094.2998046875,9112.569
2006-12-06,9100.099609375,9112.044
2006-12-07,9103.2001953125,9109.204
2006-12-08,9020.2998046875,9108.57
2006-12-11,9084.0,9110.044
2006-12-12,9064.2001953125,9111.9375
2006-12-13,9056.2001953125,9111.137
2006-12-14,9051.5,9110.388
2006-12-15,9056.2001953125,9107.976
2006-12-18,9054.5,9102.12
2006-12-19,9113.2998046875,9094.865
2006-12-20,9109.2001953125,9085.261
2006-12-21,9053.0,9076.925
2006-12-22,9087.099609375,9067.206
2006-12-25,9086.7998046875,9059.24
2006-12-26,9065.2998046875,9052.949
2006-12-27,9063.900390625,9052.63
2006-12-28,9035.900390625,9052.062
2006-12-29,8980.7001953125,9052.534
2007-01-01,8965.7001953125,9055.93
2007-01-02,8987.5,9058.22
2007-01-03,8952.5,9060.427
2007-01-04,9007.2001953125,9061.967
2007-01-05,9015.599609375,9060.694
2007-01-08,9023.599609375,9057.342
2007-01-09,9037.7001953125,9052.093
2007-01-10,9051.2001953125,9042.427
2007-01-11,9109.2001953125,9032.589
2007-01-12,9106.400390625,9025.839
2007-01-15,9099.7001953125,9015.802
2007-01-16,9068.400390625,9008.705
2007-01-17,9104.599609375,9003.544
2007-01-18,9081.099609375,9005.338
2007-01-19,9073.7001953125,9010.709
2007-01-22,9066.2001953125,9022.05
2007-01-23,9065.400390625,9032.87
2007-01-24,9057.599609375,9042.1875
2007-01-25,9038.900390625,9052.414
2007-01-26,9096.5,9059.199
2007-01-29,9100.0,9065.24
2007-01-30,9086.400390625,9066.516
2007-01-31,9031.2001953125,9067.082
2007-02-01,9071.599609375,9065.821
2007-02-02,9057.2001953125,9061.909
2007-02-05,9047.2998046875,9058.084
2007-02-06,9039.099609375,9056.809
2007-02-07,9011.7001953125,9057.069
2007-02-08,9035.7998046875,9054.726
2007-02-09,9043.400390625,9054.645
2007-02-12,9073.900390625,9054.484
2007-02-13,9067.2001953125,9055.141
2007-02-14,9077.099609375,9052.514
2007-02-15,9038.599609375,9049.662
2007-02-16,9040.7001953125,9046.505
2007-02-19,9030.400390625,9042.434
2007-02-20,9052.5,9038.333
2007-02-21,9058.400390625,9035.693
2007-02-22,9071.5,9037.944
2007-02-23,9075.400390625,9038.32
2007-02-26,9043.0,9039.835
2007-02-27,9092.599609375,9039.983
2007-02-28,9124.2001953125,9041.749
2007-03-01,9142.2998046875,9042.504
2007-03-02,9173.400390625,9043.227
2007-03-05,9262.5,9042.476
2007-03-06,9203.7001953125,9042.571
2007-03-07,9170.900390625,9043.842
2007-03-08,9156.2998046875,9048.019
2007-03-09,9161.2998046875,9055.576
2007-03-12,9167.7998046875,9064.566
2007-03-13,9209.099609375,9080.721
2007-03-14,9219.7001953125,9097.221
2007-03-15,9183.0,9113.025
2007-03-16,9210.400390625,9123.846
2007-03-19,9185.2001953125,9133.586
2007-03-20,9151.0,9141.466
2007-03-21,9057.2998046875,9149.048
2007-03-22,9098.400390625,9150.191
2007-03-23,9105.599609375,9151.048
2007-03-25,9090.599609375,9151.796
2007-03-26,9099.400390625,9150.765
2007-03-27,9142.099609375,9150.598
2007-03-28,9116.5,9147.505
2007-03-29,9081.0,9142.037
2007-04-01,9114.7001953125,9134.8
2007-04-02,9108.2998046875,9126.732
2007-04-03,9112.0,9113.103
2007-04-04,9084.099609375,9100.875
2007-04-05,9104.5,9092.686
2007-04-08,9090.599609375,9085.023
2007-04-09,9107.5,9081.369
2007-04-10,9101.099609375,9080.907
2007-04-11,9087.900390625,9083.844
2007-04-12,9080.5,9083.889
2007-04-15,9107.400390625,9082.673
2007-04-16,9074.7998046875,9081.802
2007-04-17,9065.2001953125,9081.986
2007-04-18,9072.900390625,9078.991
2007-04-19,9097.2998046875,9077.974
2007-04-22,9078.2001953125,9076.868
2007-04-23,9073.099609375,9076.082
2007-04-24,9070.2001953125,9074.641
2007-04-25,9074.2001953125,9072.526
2007-04-26,9031.0,9070.418
2007-04-29,9102.2001953125,9068.836
2007-04-30,9067.2001953125,9067.584
2007-05-01,9067.7998046875,9065.56
2007-05-02,9041.2998046875,9062.385
2007-05-03,8946.7001953125,9061.902
2007-05-06,8948.2001953125,9060.02
2007-05-07,8871.5,9058.536
2007-05-08,8805.599609375,9057.628
2007-05-09,8759.7998046875,9057.228
2007-05-10,8777.2001953125,9054.638
2007-05-13,8791.5,9050.367
2007-05-14,8791.0,9043.363
2007-05-15,8797.099609375,9034.796
2007-05-16,8785.400390625,9021.654
2007-05-17,8807.2998046875,9006.66
2007-05-20,8741.5,8991.986
2007-05-21,8753.7001953125,8968.94
2007-05-22,8719.400390625,8948.092
2007-05-23,8783.900390625,8927.222
2007-05-24,8782.2998046875,8909.912
2007-05-27,8780.2998046875,8901.965
2007-05-28,8783.599609375,8894.637
2007-05-29,8827.2998046875,8891.689
2007-05-30,8818.900390625,8889.806
2007-05-31,8817.599609375,8890.067
2007-06-03,8766.7001953125,8889.002
2007-06-04,8746.599609375,8888.044
2007-06-05,8804.2001953125,8886.362
2007-06-06,8870.5,8887.953
2007-06-07,9096.400390625,8889.696
2007-06-10,9072.2001953125,8891.307
2007-06-11,9105.900390625,8892.016
2007-06-12,9065.599609375,8893.281
2007-06-13,9091.599609375,8895.552
2007-06-14,9030.400390625,8896.821
2007-06-17,9005.2001953125,8902.083
2007-06-18,9000.5,8911.503
2007-06-19,8943.2998046875,8928.665
2007-06-20,8946.0,8947.506
2007-06-21,8991.2998046875,8973.541
2007-06-24,8994.0,8995.815
2007-06-25,9083.5,9021.943
2007-06-26,9064.900390625,9033.892
2007-06-27,9084.7998046875,9041.175
2007-06-28,9025.099609375,9039.736
2007-07-01,9005.2001953125,9029.943
2007-07-02,9000.400390625,9020.338
2007-07-03,8998.400390625,9012.137
2007-07-04,9005.2998046875,9007.507
2007-07-05,9037.2001953125,9008.25
2007-07-08,9014.2001953125,9013.207
2007-07-09,8963.0,9019.654
2007-07-10,9031.400390625,9022.411
2007-07-11,9049.0,9028.433
2007-07-12,9014.7001953125,9028.778
2007-07-15,9038.099609375,9028.791
2007-07-16,9032.2001953125,9026.511
2007-07-17,9087.0,9018.845
2007-07-18,9092.900390625,9013.313
2007-07-19,9070.2001953125,9011.836
2007-07-22,9078.099609375,9013.058
2007-07-23,9028.7998046875,9014.012
2007-07-24,9082.2998046875,9016.37
2007-07-25,9062.7998046875,9021.589
2007-07-26,9138.599609375,9027.836
2007-07-29,9187.099609375,9032.637
2007-07-30,9213.599609375,9037.835
2007-07-31,9294.0,9044.618
2007-08-01,9273.599609375,9047.43
2007-08-02,9220.7998046875,9050.394
2007-08-05,9213.099609375,9055.252
2007-08-06,9250.0,9061.493
2007-08-07,9209.099609375,9074.133
2007-08-08,9296.0,9089.8125
2007-08-09,9286.900390625,9113.125
2007-08-12,9350.099609375,9132.875
2007-08-13,9402.599609375,9151.5205
2007-08-14,9437.2998046875,9169.603
2007-08-15,9457.2998046875,9181.288
2007-08-16,9464.5,9194.39
2007-08-19,9383.7001953125,9200.004
2007-08-20,9441.5,9208.484
2007-08-21,9378.7998046875,9221.2295
2007-08-22,9351.599609375,9241.058
2007-08-23,9381.599609375,9262.609
2007-08-26,9401.599609375,9291.96
2007-08-27,9427.5,9313.517
2007-08-28,9376.5,9335.5205
2007-08-29,9420.5,9350.412
2007-08-30,9454.5,9357.921
2007-09-02,9471.2001953125,9359.69
2007-09-03,9370.0,9359.133
2007-09-04,9396.900390625,9354.647
2007-09-05,9383.2998046875,9349.383
2007-09-06,9395.900390625,9343.248
2007-09-10,9401.599609375,9342.75
2007-09-11,9355.7001953125,9352.651
2007-09-12,9403.2998046875,9353.6875
2007-09-13,9357.900390625,9357.663
2007-09-16,9383.7001953125,9358.505
2007-09-17,9307.5,9360.91
2007-09-18,9207.099609375,9359.676
2007-09-19,9144.2001953125,9353.4375
2007-09-20,9155.099609375,9347.883
2007-09-23,9127.7001953125,9342.329
2007-09-24,9148.099609375,9336.059
2007-09-25,9142.7001953125,9325.92
2007-09-26,9126.900390625,9317.562
2007-09-27,9093.5,9299.462
2007-09-30,9112.0,9281.325
2007-10-01,9077.400390625,9256.444
2007-10-02,9125.099609375,9231.648
2007-10-03,9123.400390625,9205.966
2007-10-04,9050.400390625,9176.711
2007-10-07,9106.099609375,9148.557
2007-10-08,9057.099609375,9122.023
2007-10-09,9081.599609375,9106.09
2007-10-10,9041.900390625,9099.122
2007-10-11,9042.900390625,9095.453
2007-10-14,9057.2998046875,9089.672
2007-10-15,9075.7998046875,9084.549
2007-10-16,9050.2998046875,9079.785
2007-10-17,9000.0,9076.009
2007-10-18,9055.599609375,9071.549
2007-10-21,9131.0,9067.573
2007-10-22,9135.5,9061.356
2007-10-23,9158.7998046875,9059.747
2007-10-24,9117.2001953125,9052.993
2007-10-25,9112.7001953125,9047.029
2007-10-29,9063.2001953125,9044.052
2007-10-30,9090.2998046875,9043.734
2007-10-31,9087.7998046875,9048.546
2007-11-01,9087.7998046875,9053.739
2007-11-02,9049.5,9062.455
2007-11-05,9135.5,9070.536
2007-11-06,9102.7998046875,9076.277
2007-11-07,9133.5,9080.738
2007-11-08,9125.599609375,9083.726
2007-11-09,9107.900390625,9086.783
2007-11-12,9203.2998046875,9083.214
2007-11-13,9141.2998046875,9078.007
2007-11-14,9223.400390625,9074.037
2007-11-15,9241.099609375,9072.899
2007-11-16,9013.900390625,9073.98
2007-11-19,9313.7001953125,9077.829
2007-11-20,9310.599609375,9084.4
2007-11-21,9372.400390625,9093.652
2007-11-22,9374.900390625,9102.7
2007-11-23,9408.7998046875,9115.931
2007-11-27,9386.599609375,9122.114
2007-11-28,9383.7001953125,9126.664
2007-11-29,9370.599609375,9144.789
2007-11-30,9370.5,9163.8
2007-12-03,9319.599609375,9184.532
2007-12-04,9286.099609375,9214.445
2007-12-05,9297.099609375,9234.507
2007-12-06,9247.7998046875,9266.883
2007-12-07,9270.2001953125,9283.142
2007-12-10,9259.0,9303.402
2007-12-11,9287.7001953125,9316.169
2007-12-12,9258.099609375,9314.757
2007-12-13,9298.2001953125,9309.332
2007-12-14,9314.7998046875,9298.347
2007-12-17,9329.0,9285.398
2007-12-19,9410.7001953125,9269.7295
2007-12-20,9444.2001953125,9255.824
2007-12-21,9405.0,9242.783
2007-12-24,9405.7001953125,9235.036
2007-12-25,9406.0,9229.184
2007-12-26,9347.0,9232.095
2007-12-27,9416.900390625,9241.581
2007-12-28,9385.0,9258.486
2007-12-31,9459.900390625,9276.531
2008-01-01,9445.599609375,9293.867
2008-01-02,9390.7998046875,9310.904
2008-01-03,9417.099609375,9321.966
2008-01-04,9441.7998046875,9334.286
2008-01-07,9439.5,9340.893
2008-01-08,9424.7001953125,9347.805
2008-01-09,9426.400390625,9353.343
2008-01-10,9425.400390625,9354.737
2008-01-11,9420.400390625,9351.966
2008-01-14,9370.099609375,9358.58
2008-01-15,9442.900390625,9362.993
2008-01-16,9515.400390625,9367.955
2008-01-17,9457.900390625,9371.951
2008-01-18,9444.7998046875,9371.759
2008-01-21,9574.5,9374.603
2008-01-22,9455.5,9370.042
2008-01-23,9340.400390625,9368.27
2008-01-24,9338.599609375,9374.033
2008-01-25,9337.5,9378.838
2008-01-28,9336.900390625,9380.262
2008-01-29,9346.599609375,9391.683
2008-01-30,9252.5,9401.183
2008-01-31,9209.900390625,9402.859
2008-02-01,9210.400390625,9399.007
2008-02-04,9219.400390625,9390.408
2008-02-05,9210.2001953125,9382.891
2008-02-06,9247.0,9370.713
2008-02-07,9336.5,9345.659
2008-02-08,9231.900390625,9319.205
2008-02-11,9278.7001953125,9291.002
2008-02-12,9227.400390625,9258.748
2008-02-13,9264.5,9239.511
2008-02-14,9202.7001953125,9225.852
2008-02-15,9173.2998046875,9215.8
2008-02-18,9187.7001953125,9206.219
2008-02-19,9154.099609375,9202.269
2008-02-20,9139.099609375,9200.151
2008-02-21,9082.599609375,9204.091
2008-02-22,9164.7998046875,9205.222
2008-02-25,9158.2998046875,9206.262
2008-02-26,9037.2001953125,9200.005
2008-02-27,9036.7998046875,9194.45
2008-02-28,9059.2001953125,9183.582
2008-02-29,9039.400390625,9166.498
2008-03-03,9092.400390625,9153.601
2008-03-04,9093.599609375,9140.104
2008-03-05,9078.7001953125,9129.001
2008-03-06,9016.2001953125,9110.97
2008-03-07,9036.400390625,9098.41
2008-03-10,9180.099609375,9088.243
2008-03-11,9151.599609375,9079.777
2008-03-12,9119.0,9070.942
2008-03-13,9183.2001953125,9063.99
2008-03-14,9228.2998046875,9058.426
2008-03-18,9259.2998046875,9051.281
2008-03-19,9188.599609375,9050.452
2008-03-20,9161.0,9059.82
2008-03-21,9031.2998046875,9065.346
2008-03-24,9168.099609375,9073.32
2008-03-25,9169.2001953125,9088.487
2008-03-26,9146.400390625,9105.449
2008-03-27,9182.900390625,9122.184
2008-03-28,9220.7001953125,9133.349
2008-03-30,9223.599609375,9138.015
2008-04-01,9185.7001953125,9141.929
2008-04-02,9199.099609375,9141.148
2008-04-03,9158.5,9141.297
2008-04-06,9185.900390625,9135.894
2008-04-07,9198.7001953125,9132.614
2008-04-08,9221.599609375,9131.567
2008-04-09,9179.599609375,9134.753
2008-04-10,9180.7998046875,9139.723
2008-04-13,9181.7001953125,9144.454
2008-04-14,9183.599609375,9152.308
2008-04-15,9187.5,9154.429
2008-04-16,9191.5,9157.326
2008-04-17,9175.0,9157.331
2008-04-20,9163.2001953125,9157.161
2008-04-21,9120.7998046875,9153.636
2008-04-22,9204.2998046875,9153.022
2008-04-23,9191.2001953125,9152.947
2008-04-24,9220.2998046875,9152.753
2008-04-27,9338.2998046875,9152.059
2008-04-28,9210.099609375,9150.325
2008-04-29,9354.5,9145.753
2008-05-01,9212.0,9142.947
2008-05-04,9195.7001953125,9142.845
2008-05-05,9207.599609375,9144.45
2008-05-06,9218.2998046875,9150.945
2008-05-07,9207.599609375,9160.169
2008-05-08,9213.599609375,9172.304
2008-05-11,9183.7998046875,9183.951
2008-05-12,9239.900390625,9192.322
2008-05-13,9290.5,9196.165
2008-05-14,9313.900390625,9203.907
2008-05-15,9228.2001953125,9199.972
2008-05-18,9257.7998046875,9200.392
2008-05-19,9183.7998046875,9190.846
2008-05-20,9375.2001953125,9179.995
2008-05-21,9408.5,9181.421
2008-05-22,9295.400390625,9182.327
2008-05-25,9297.7998046875,9187.907
2008-05-26,9340.0,9195.217
2008-05-27,9278.7998046875,9196.524
2008-05-28,9361.599609375,9205.849
2008-05-29,9346.7998046875,9220.191
2008-06-01,9343.7998046875,9232.769
2008-06-02,9401.900390625,9238.272
2008-06-03,9412.599609375,9249.471
2008-06-04,9276.099609375,9254.159
2008-06-05,9161.7998046875,9263.471
2008-06-08,9341.0,9269.815
2008-06-09,9317.0,9274.087
2008-06-10,9308.099609375,9283.001
2008-06-11,9365.2001953125,9290.267
2008-06-12,9423.099609375,9288.443
2008-06-15,9303.599609375,9286.967
2008-06-16,9286.7998046875,9281.682
2008-06-17,9277.599609375,9279.644
2008-06-18,9266.2001953125,9280.098
2008-06-19,9251.2001953125,9272.298
2008-06-22,9311.7001953125,9270.267
2008-06-23,9269.0,9270.707
2008-06-24,9188.400390625,9271.518
2008-06-25,9192.2998046875,9267.215
2008-06-26,9193.7001953125,9270.208
2008-06-29,9194.5,9271.271
2008-07-01,9203.400390625,9265.471
2008-07-02,9202.2001953125,9255.326
2008-07-03,9194.2001953125,9244.737
2008-07-06,9189.2001953125,9229.259
2008-07-07,9208.2998046875,9212.893
2008-07-08,9157.099609375,9204.391
2008-07-09,9152.0,9196.732
2008-07-10,9058.099609375,9186.584
2008-07-13,9141.5,9177.181
2008-07-14,9140.2998046875,9169.529
2008-07-15,9184.2998046875,9162.697
2008-07-16,9158.7001953125,9157.803
2008-07-17,9137.099609375,9155.584
2008-07-20,9150.2998046875,9149.348
2008-07-21,9151.099609375,9141.816
2008-07-22,9210.0,9134.835
2008-07-23,9110.2998046875,9130.17
2008-07-24,9140.5,9122.344
2008-07-27,9120.400390625,9117.658
2008-07-28,9106.900390625,9113.641
2008-07-29,9118.599609375,9114.352
2008-07-30,9108.099609375,9117.942
2008-08-25,9312.7998046875,9120.761
2008-08-26,9159.400390625,9123.191
2008-08-27,9165.7001953125,9120.926
2008-08-28,9193.5,9119.434
2008-08-31,9253.2001953125,9113.93
2008-09-01,9500.5,9110.863
2008-09-02,9521.099609375,9112.762
2008-09-03,9330.400390625,9116.783
2008-09-04,9318.900390625,9121.106
2008-09-07,9377.7998046875,9122.85
2008-09-08,9357.599609375,9137.138
2008-09-09,9470.2001953125,9158.616
2008-09-10,9461.2001953125,9196.076
2008-09-11,9299.099609375,9224.013
2008-09-14,9118.900390625,9248.438
2008-09-15,9468.2001953125,9274.597
2008-09-16,9367.7001953125,9291.597
2008-09-17,9385.0,9320.262
2008-09-18,9389.2001953125,9337.572
2008-09-21,9277.7001953125,9339.348
2008-09-22,9327.2998046875,9332.963
2008-09-23,9367.099609375,9318.281
2008-09-24,9360.400390625,9311.472
2008-09-25,9393.0,9318.876
2008-09-28,9442.7001953125,9313.319
2008-09-29,9481.7001953125,9304.556
2008-09-30,9536.2001953125,9296.985
2008-10-01,9431.0,9298.206
2008-10-02,9453.7001953125,9293.041
2008-10-05,9572.099609375,9301.719
2008-10-06,9605.099609375,9313.552
2008-10-07,9572.400390625,9315.998
2008-10-08,9634.900390625,9335.471
2008-10-09,9876.099609375,9350.857
2008-10-12,9713.7001953125,9364.789
2008-10-13,9715.400390625,9388.358
2008-10-14,9823.7001953125,9415.588
2008-10-15,9838.0,9437.2295
2008-10-16,9868.900390625,9461.808
2008-10-19,9953.7001953125,9499.431
2008-10-20,9858.099609375,9535.938
2008-10-21,9954.0,9569.616
2008-10-22,9854.0,9603.135
2008-10-23,9993.7001953125,9646.042
2008-10-27,10832.0,9685.663
2008-10-28,10542.0,9729.108
2008-10-29,10700.0,9755.83
2008-10-30,10782.0,9789.613
2008-10-31,11024.0,9814.937
2008-11-03,11065.0,9834.053
2008-11-04,10749.0,9920.261
2008-11-05,10453.0,10013.68
2008-11-06,11100.0,10120.899
2008-11-07,11155.0,10252.699
2008-11-10,11124.0,10396.23
2008-11-11,11171.0,10535.554
2008-11-12,11218.0,10675.128
2008-11-13,11314.0,10730.317
2008-11-14,11493.0,10820.071
2008-11-17,11865.0,10892.947
2008-11-18,12009.0,10934.657
2008-11-19,12000.0,10983.579
2008-11-20,12372.0,11036.594
2008-11-21,11955.0,11082.187
2008-11-24,12407.0,11162.352
2008-11-25,12416.0,11256.529
2008-11-26,12549.0,11384.111
2008-11-27,12552.0,11524.159
2008-11-28,12749.0,11667.164
2008-12-01,12233.0,11790.319
2008-12-02,12313.0,11927.663
2008-12-03,11961.0,12064.147
2008-12-04,11949.0,12193.473
2008-12-05,12002.0,12295.718
2008-12-08,11430.0,12416.783
2008-12-09,10856.0,12453.911
2008-12-10,10889.0,12504.906
2008-12-11,10926.0,12508.623
2008-12-12,10909.0,12482.905
2008-12-15,11100.0,12456.831
2008-12-16,10853.0,12388.113
2008-12-17,10863.0,12275.902
2008-12-18,10953.0,12127.659
2008-12-19,11244.0,11948.714
2008-12-22,10934.0,11725.408
2008-12-23,11179.0,11563.225
2008-12-24,11165.0,11394.457
2008-12-25,11158.0,11233.378
2008-12-26,11148.0,11088.447
2008-12-29,11111.0,11037.366
2008-12-30,11032.0,11013.936
2008-12-31,11160.0,11048.425
2009-01-01,11142.0,11069.515
2009-01-02,10991.0,11099.067
2009-01-05,10929.0,11126.661
2009-01-06,10992.0,11154.524
2009-01-07,10852.0,11161.989
2009-01-09,11001.0,11187.475
2009-01-12,11109.0,11198.252
2009-01-13,11076.0,11181.894
2009-01-14,11101.0,11173.605
2009-01-15,11087.0,11153.182
2009-01-16,10964.0,11122.186
2009-01-19,11128.0,11103.294
2009-01-20,11308.0,11089.606
2009-01-21,11129.0,11077.625
2009-01-22,11160.0,11078.218
2009-01-23,11255.0,11084.372
2009-01-26,11060.0,11078.649
2009-01-27,11043.0,11097.677
2009-01-28,11369.0,11132.2
2009-01-29,11414.0,11149.246
2009-01-30,11328.0,11174.608
2009-02-02,11725.0,11199.556
2009-02-03,11667.0,11201.128
2009-02-04,11622.0,11206.127
2009-02-05,11681.0,11231.206
2009-02-06,11559.0,11251.626
2009-02-09,11793.0,11278.504
2009-02-10,11838.0,11332.132
2009-02-11,11878.0,11381.288
2009-02-12,11689.0,11443.796
2009-02-13,11812.0,11518.341
2009-02-16,11873.0,11573.8545
2009-02-17,12075.0,11633.021
2009-02-18,11869.0,11705.636
2009-02-19,11982.0,11753.006
2009-02-20,11650.0,11781.078
2009-02-23,12031.0,11824.048
2009-02-24,11786.0,11839.564
2009-02-25,11935.0,11882.849
2009-02-26,12045.0,11912.139
2009-02-27,12041.0,11945.786
2009-03-02,12145.0,11953.679
2009-03-03,12029.0,11975.958
2009-03-04,12043.0,11978.082
2009-03-05,11995.0,11989.935
2009-03-06,12048.0,11999.745
2009-03-09,12064.0,12022.4375
2009-03-10,11925.0,12032.245
2009-03-11,11842.0,12056.699
2009-03-12,11901.0,12075.085
2009-03-13,11950.0,12092.53
2009-03-16,11988.0,12127.131
2009-03-17,11936.0,12132.897
2009-03-18,11624.0,12143.863
2009-03-19,11930.0,12129.5
2009-03-20,11726.0,12111.9
2009-03-23,11694.0,12095.3
2009-03-24,11814.0,12077.941
2009-03-25,11585.0,12066.445
2009-03-26,11505.0,12033.461
2009-03-27,11456.0,12016.427
2009-03-29,11548.0,11992.457
2009-03-30,11590.0,11963.719
2009-03-31,11538.0,11943.218
2009-04-01,11459.0,11917.053
2009-04-02,11396.0,11868.253
2009-04-05,11467.0,11826.3125
2009-04-06,11294.0,11776.573
2009-04-07,11320.0,11736.343
2009-04-08,11354.0,11717.392
2009-04-09,11336.0,11669.372
2009-04-12,11178.0,11637.115
2009-04-13,10892.0,11612.959
2009-04-14,10851.0,11577.127
2009-04-15,10969.0,11552.413
2009-04-16,11083.0,11528.485
2009-04-19,10684.0,11505.437
2009-04-20,10828.0,11466.63
2009-04-21,10824.0,11419.415
2009-04-22,10787.0,11354.495
2009-04-23,10693.0,11292.283
2009-04-26,10889.0,11245.203
2009-04-27,10796.0,11182.245
2009-04-28,10686.0,11116.374
2009-04-29,10713.0,11042.168
2009-04-30,10598.0,10985.278
2009-05-03,10477.0,10933.45
2009-05-04,10410.0,10906.61
2009-05-05,10420.0,10879.765
2009-05-06,10366.0,10864.721
2009-05-07,10258.0,10840.73
2009-05-10,10296.0,10807.429
2009-05-11,10318.0,10784.558
2009-05-12,10362.0,10749.762
2009-05-13,10338.0,10700.997
2009-05-14,10326.0,10650.83
2009-05-17,10251.0,10602.139
2009-05-18,10271.0,10530.666
2009-05-19,10337.0,10464.426
2009-05-20,10252.0,10419.466
2009-05-21,10181.0,10381.823
2009-05-24,10177.0,10356.462
2009-05-25,10300.0,10336.196
2009-05-26,10684.0,10326.071
2009-05-27,10321.0,10320.047
2009-05-28,10155.0,10313.272
2009-05-31,10151.0,10302.833
2009-06-01,10229.0,10287.633
2009-06-02,10125.0,10277.465
2009-06-03,10070.0,10295.836
2009-06-04,9949.5,10304.372
2009-06-07,10006.0,10301.874
2009-06-08,10012.0,10298.368
2009-06-09,10013.0,10297.353
2009-06-10,10024.0,10288.397
2009-06-11,10104.0,10282.99
2009-06-14,10175.0,10246.213
2009-06-15,10203.0,10202.918
2009-06-16,10179.0,10149.369
2009-06-17,10450.0,10088.4375
2009-06-18,10426.0,10050.375
2009-06-21,10185.0,10034.045
2009-06-22,10341.0,10029.144
2009-06-23,10331.0,10035.083
2009-06-24,10297.0,10052.827
2009-06-25,10262.0,10095.762
2009-06-28,10238.0,10150.528
2009-06-29,10179.0,10187.974
2009-06-30,10105.0,10226.689
2009-07-01,10239.0,10264.314
2009-07-02,10237.0,10287.675
2009-07-05,10225.0,10307.613
2009-07-06,10269.0,10311.022
2009-07-07,10297.0,10298.364
2009-07-08,10187.0,10287.6455
2009-07-09,10035.0,10262.963
2009-07-12,10125.0,10241.915
2009-07-13,10184.9501953125,10234.896
2009-07-14,10048.0,10223.703
2009-07-15,9990.0,10222.419
2009-07-16,10045.0,10217.2705
2009-07-19,10150.0,10209.705
2009-07-20,9990.7998046875,10200.22
2009-07-21,9987.2998046875,10195.859
2009-07-22,10070.0,10188.14
2009-07-23,10035.0,10162.823
2009-07-26,10010.0,10127.93
2009-07-27,9982.400390625,10106.815
2009-07-28,9983.7001953125,10084.817
2009-07-29,9894.2001953125,10058.914
2009-07-30,9774.099609375,10041.672
2009-08-02,9671.0,10037.043
2009-08-03,9664.400390625,10026.996
2009-08-04,9867.099609375,10014.89
2009-08-05,9896.2001953125,10004.03
2009-08-06,9941.5,9994.041
2009-08-09,9919.0,9974.98
2009-08-10,9926.7998046875,9938.887
2009-08-11,9952.900390625,9904.832
2009-08-12,9944.7001953125,9869.574
2009-08-13,9965.5,9836.922
2009-08-16,10030.0,9813.409
2009-08-17,10023.0,9794.467
2009-08-18,9926.7001953125,9799.346
2009-08-19,10050.0,9812.756
2009-08-20,9986.0,9837.673
2009-08-23,10006.0,9862.731
2009-08-24,10011.0,9893.528
2009-08-25,10046.0,9918.67
2009-08-26,10048.0,9928.372
2009-08-27,10006.0,9942.478
2009-08-30,10101.0,9950.737
2009-08-31,10124.0,9960.547
2009-09-01,10090.0,9968.396
2009-09-02,10133.0,9977.306
2009-09-03,10110.0,9982.539
2009-09-06,10083.0,9990.829
2009-09-07,9880.7001953125,9996.182
2009-09-08,9916.099609375,10008.846
2009-09-09,9893.0,10024.719
2009-09-10,9894.0,10036.938
2009-09-13,9850.7998046875,10052.809
2009-09-14,9833.2998046875,10062.368
2009-09-15,9697.7998046875,10060.132
2009-09-16,9459.0,10048.417
2009-09-17,9688.7001953125,10030.032
2009-09-20,9719.400390625,10012.823
2009-09-21,9679.2998046875,9982.755
2009-09-22,9641.5,9945.794
2009-09-23,9690.5,9901.25
2009-09-24,9671.0,9849.909
2009-09-27,9705.2998046875,9802.732
2009-09-28,9680.7001953125,9751.708
2009-09-29,9622.5,9725.062
2009-09-30,9729.0,9688.66
2009-10-01,9540.0,9650.442
2009-10-04,9577.7001953125,9626.211
2009-10-05,9537.7001953125,9621.883
2009-10-06,9414.7001953125,9616.43
2009-10-07,9389.400390625,9617.292
2009-10-08,9401.900390625,9627.314
2009-10-11,9364.099609375,9621.242
2009-10-12,9330.099609375,9609.7
2009-10-13,9350.599609375,9596.862
2009-10-14,9307.2998046875,9580.002
2009-10-15,9379.400390625,9553.373
2009-10-18,9385.900390625,9526.521
2009-10-19,9360.900390625,9488.216
2009-10-20,9315.7001953125,9450.757
2009-10-21,9398.599609375,9414.662
2009-10-22,9418.900390625,9371.69
2009-10-26,9513.099609375,9344.223
2009-10-27,9539.400390625,9324.113
2009-10-28,9652.400390625,9310.007
2009-10-29,9573.099609375,9301.828
2009-10-30,9605.599609375,9302.38
2009-11-02,9568.5,9304.683
2009-11-03,9565.5,9319.595
2009-11-04,9504.2998046875,9338.145
2009-11-05,9470.400390625,9367.891
2009-11-06,9456.099609375,9398.14
2009-11-09,9356.7998046875,9431.062
2009-11-10,9372.2998046875,9456.885
2009-11-11,9377.599609375,9485.353
2009-11-12,9430.900390625,9500.648
2009-11-13,9318.400390625,9508.469
2009-11-16,9317.2998046875,9503.489
2009-11-17,9386.7001953125,9491.432
2009-11-18,9439.2998046875,9471.003
2009-11-19,9540.0,9441.431
2009-11-20,9497.7001953125,9416.967
2009-11-23,9455.2998046875,9389.894
2009-11-24,9419.2998046875,9363.763
2009-11-25,9374.599609375,9338.501
2009-11-26,9471.7001953125,9331.62
2009-11-27,9383.2001953125,9335.186
2009-11-30,9353.599609375,9344.632
2009-12-01,9321.400390625,9357.131
2009-12-02,9423.900390625,9368.009
2009-12-03,9430.099609375,9376.278
2009-12-04,9562.099609375,9383.836
2009-12-07,9572.099609375,9392.01
2009-12-08,9670.7998046875,9388.946
2009-12-09,9638.7001953125,9377.655
2009-12-10,9644.7998046875,9365.133
2009-12-11,9717.7998046875,9353.387
2009-12-14,9449.9501953125,9357.448
2009-12-15,9504.5,9364.527
2009-12-16,9515.0,9392.5
2009-12-17,9633.0,9423.333
2009-12-18,9633.0,9458.051
2009-12-21,9673.7998046875,9495.772
2009-12-22,9509.2998046875,9522.82
2009-12-23,9474.2998046875,9534.986
2009-12-24,9443.7001953125,9541.214
2009-12-25,9431.900390625,9546.573
2009-12-28,9447.900390625,9545.725
2009-12-29,9388.2001953125,9547.354
2009-12-30,9417.400390625,9531.041
2009-12-31,9427.2001953125,9523.076
2010-01-01,9385.599609375,9509.763
2010-01-04,9364.2001953125,9498.286
2010-01-05,9305.2001953125,9491.695
2010-01-06,9218.099609375,9478.402
2010-01-07,9272.5,9455.418
2010-01-08,9212.7001953125,9424.555
2010-01-11,9148.099609375,9398.233
2010-01-12,9171.0,9374.04
2010-01-13,9141.0,9358.988
2010-01-14,9155.7998046875,9341.444
2010-01-15,9226.099609375,9323.405
2010-01-18,9130.0,9303.08
2010-01-19,9229.9501953125,9279.25
2010-01-20,9294.9501953125,9255.054
2010-01-21,9183.0,9228.431
2010-01-22,9240.0,9200.456
2010-01-25,9319.9501953125,9177.916
2010-01-26,9379.9501953125,9159.692
2010-01-27,9399.9501953125,9148.394
2010-01-28,9324.9501953125,9149.663
2010-01-29,9250.0,9151.859
2010-02-01,9256.400390625,9155.785
2010-02-02,9313.7001953125,9170.504
2010-02-03,9364.599609375,9186.697
2010-02-04,9386.900390625,9209.432
2010-02-05,9468.099609375,9230.0205
2010-02-08,9484.5,9238.88
2010-02-09,9339.2998046875,9249.556
2010-02-10,9314.400390625,9256.866
2010-02-11,9330.099609375,9265.182
2010-02-12,9323.7001953125,9274.12
2010-02-15,9344.7998046875,9281.812
2010-02-16,9292.900390625,9295.586
2010-02-17,9400.599609375,9305.405
2010-02-18,9499.7998046875,9310.007
2010-02-19,9292.2001953125,9316.469
2010-02-22,9281.7001953125,9323.23
2010-02-23,9341.7998046875,9326.98
2010-02-24,9352.2998046875,9320.349
2010-02-25,9335.2001953125,9309.194
2010-02-26,9340.0,9308.437
2010-03-01,9385.099609375,9302.65
2010-03-02,9184.400390625,9294.826
2010-03-03,9149.2998046875,9295.191
2010-03-04,9328.900390625,9299.179
2010-03-05,8898.400390625,9302.316
2010-03-08,9180.0,9301.238
2010-03-09,9173.099609375,9294.219
2010-03-10,9169.900390625,9289.58
2010-03-11,9152.900390625,9274.657
2010-03-12,9144.7001953125,9256.81
2010-03-15,9205.900390625,9245.087
2010-03-16,9151.7998046875,9229.104
2010-03-17,9099.5,9205.664
2010-03-18,9120.2998046875,9184.305
2010-03-19,9110.400390625,9157.828
2010-03-22,9115.400390625,9139.831
2010-03-23,9144.599609375,9121.995
2010-03-24,9114.7001953125,9126.062
2010-03-25,9132.599609375,9122.71
2010-03-26,9112.900390625,9117.439
2010-03-28,9073.0,9122.528
2010-03-29,9075.400390625,9117.237
2010-03-30,9103.0,9113.642
2010-03-31,9041.400390625,9106.757
2010-04-01,9094.900390625,9102.088
2010-04-04,9052.7998046875,9099.0
2010-04-05,9037.2998046875,9093.029
2010-04-06,9054.5,9089.302
2010-04-07,9057.7001953125,9088.448
2010-04-08,8992.900390625,9084.192
2010-04-11,9011.0,9080.355
2010-04-12,9009.5,9074.374
2010-04-13,9011.400390625,9067.415
2010-04-14,9001.099609375,9060.994
2010-04-15,9006.099609375,9056.29
2010-04-18,9016.400390625,9049.645
2010-04-19,9017.7998046875,9045.362
2010-04-20,9023.2998046875,9038.8545
2010-04-21,9104.2998046875,9032.905
2010-04-22,9004.0,9029.112
2010-04-25,8961.900390625,9021.742
2010-04-26,9096.099609375,9017.251
2010-04-27,9022.400390625,9015.334
2010-04-28,9002.5,9012.576
2010-04-29,9028.7001953125,9014.608
2010-05-02,9021.099609375,9018.373
2010-05-03,9069.7001953125,9019.041
2010-05-04,9116.5,9020.898
2010-05-05,9273.400390625,9024.728
2010-05-06,9220.2998046875,9025.999
2010-05-09,9203.2001953125,9025.926
2010-05-10,9186.7001953125,9024.722
2010-05-11,9179.0,9026.199
2010-05-12,9103.7001953125,9031.086
2010-05-13,9104.2001953125,9037.641
2010-05-16,9078.7998046875,9056.455
2010-05-17,9283.5,9080.022
2010-05-18,9123.900390625,9095.72
2010-05-19,9121.099609375,9116.728
2010-05-20,9260.599609375,9128.816
2010-05-23,9282.400390625,9139.094
2010-05-24,9283.900390625,9138.564
2010-05-25,9376.2001953125,9141.273
2010-05-26,9215.0,9138.154
2010-05-27,9295.599609375,9127.567
2010-05-30,9284.599609375,9121.207
2010-05-31,9245.099609375,9132.653
2010-06-01,9242.099609375,9143.21
2010-06-02,9237.5,9165.553
2010-06-03,9282.7001953125,9179.873
2010-06-06,9318.099609375,9197.407
2010-06-07,9223.400390625,9213.516
2010-06-08,9281.2001953125,9220.377
2010-06-09,9193.400390625,9226.4795
2010-06-10,9196.599609375,9231.034
2010-06-13,9205.2001953125,9226.106
2010-06-14,9141.0,9226.379
2010-06-15,9163.2998046875,9221.93
2010-06-16,9142.900390625,9215.603
2010-06-17,9071.5,9215.269
2010-06-20,8997.900390625,9210.757
2010-06-21,9012.0,9205.415
2010-06-22,8979.5,9200.142
2010-06-23,9065.5,9190.132
2010-06-24,9065.599609375,9179.491
2010-06-27,9059.099609375,9163.196
2010-06-28,9077.099609375,9142.285
2010-06-29,9044.7998046875,9124.86
2010-06-30,9035.7001953125,9101.224
2010-07-01,9062.7001953125,9086.391
2010-07-04,9085.099609375,9069.428
2010-07-05,9023.599609375,9055.007
2010-07-06,9060.2998046875,9043.888
2010-07-07,9044.900390625,9037.336
2010-07-08,9034.099609375,9034.59
2010-07-11,9072.099609375,9036.819
2010-07-12,8977.900390625,9041.098
2010-07-13,9018.7998046875,9043.553
2010-07-14,9037.400390625,9045.503
2010-07-15,9034.0,9043.72
2010-07-18,9079.5,9043.056
2010-07-19,9037.7001953125,9042.497
2010-07-20,9090.599609375,9039.4
2010-07-21,8995.5,9036.408
2010-07-22,8977.5,9034.876
2010-07-25,8917.099609375,9032.566
2010-07-26,8921.900390625,9029.408
2010-07-27,9025.0,9030.002
2010-07-28,8970.599609375,9030.582
2010-07-29,8923.599609375,9032.26
2010-08-01,8831.7998046875,9032.169
2010-08-02,8798.2998046875,9026.843
2010-08-03,8798.099609375,9024.263
2010-08-04,8942.099609375,9019.155
2010-08-05,8925.7998046875,9013.849
2010-08-08,8863.5,9005.116
2010-08-09,8935.599609375,8990.215
2010-08-10,8883.2998046875,8978.516
2010-08-11,9005.7001953125,8964.211
2010-08-12,9026.7998046875,8957.283
2010-08-15,8954.7001953125,8949.611
2010-08-16,8924.599609375,8946.223
2010-08-17,8880.2001953125,8938.907
2010-08-18,8896.099609375,8931.035
2010-08-19,8928.599609375,8932.034
2010-08-22,8997.900390625,8938.84
2010-08-23,8867.0,8949.076
2010-08-24,8977.4501953125,8957.198
2010-08-25,8878.0,8965.361
2010-08-26,8987.4501953125,8963.864
2010-08-29,9014.9501953125,8967.243
2010-08-30,8918.0,8968.947
2010-08-31,9014.2001953125,8966.728
2010-09-01,9004.900390625,8966.885
2010-09-02,8991.0,8958.58
2010-09-05,8982.2998046875,8956.941
2010-09-06,8999.2001953125,8958.411
2010-09-07,9032.0,8962.695
2010-09-08,9005.900390625,8965.2
2010-09-09,9032.900390625,8974.719
2010-09-12,9016.900390625,8979.288
2010-09-13,8997.7001953125,8982.95
2010-09-14,8987.2998046875,8989.682
2010-09-15,8974.599609375,8993.12
2010-09-16,8931.0,9001.481
2010-09-19,8970.7001953125,9002.669
2010-09-20,8982.400390625,9005.156
2010-09-21,8875.2998046875,9010.309
2010-09-22,8918.400390625,9009.828
2010-09-23,8965.599609375,9009.653
2010-09-26,8859.400390625,9007.56
2010-09-27,8971.400390625,9005.526
2010-09-28,8952.2001953125,9001.7705
2010-09-29,8931.7998046875,8994.988
2010-09-30,8934.7001953125,8987.701
2010-10-03,8920.099609375,8979.303
2010-10-04,8933.0,8972.827
2010-10-05,8829.7001953125,8967.631
2010-10-06,8871.5,8962.679
2010-10-07,8912.900390625,8960.919
2010-10-10,8887.0,8960.489
2010-10-11,8995.2998046875,8958.936
2010-10-12,8910.2998046875,8956.685
2010-10-13,8878.099609375,8959.103
2010-10-14,8904.2001953125,8955.299
2010-10-17,8949.0,8952.874
2010-10-18,8948.7998046875,8952.962
2010-10-19,8965.400390625,8948.187
2010-10-20,8820.0,8944.777
2010-10-21,8849.5,8943.602
2010-10-24,8908.2998046875,8943.225
2010-10-25,8933.599609375,8944.653
2010-10-26,8913.7001953125,8946.979
2010-10-27,8923.7998046875,8953.753
2010-10-28,8923.7998046875,8951.826
2010-11-02,8906.7001953125,8951.798
2010-11-03,8827.900390625,8951.028
2010-11-04,8772.599609375,8947.639
2010-11-05,8909.9501953125,8946.74
2010-11-08,8900.0,8946.258
2010-11-09,8904.4501953125,8945.1875
2010-11-10,8805.0,8945.686
2010-11-11,8779.599609375,8942.252
2010-11-12,8798.0,8937.633
2010-11-15,8924.4501953125,8939.815
2010-11-16,8967.4501953125,8940.02
2010-11-17,8856.0,8938.211
2010-11-18,8846.0,8930.459
2010-11-19,8843.0,8924.131
2010-11-22,8748.2001953125,8920.053
2010-11-23,8929.4501953125,8918.284
2010-11-24,8966.2998046875,8916.64
2010-11-25,8962.4501953125,8919.5625
2010-11-26,8967.4501953125,8921.461
2010-11-29,9000.0,8920.679
2010-11-30,9015.4501953125,8919.638
2010-12-01,9033.9501953125,8919.897
2010-12-02,9018.4501953125,8923.556
2010-12-03,8916.0,8929.16
2010-12-06,9017.4501953125,8935.099
2010-12-07,9009.9501953125,8939.647
2010-12-08,8990.0,8946.367
2010-12-09,9020.0,8961.695
2010-12-10,9018.0,8974.19
2010-12-13,9021.9501953125,8985.236
2010-12-14,9015.0,8995.401
2010-12-15,9009.4501953125,9000.341
2010-12-16,9022.4501953125,9003.302
2010-12-17,8938.0,9003.891
2010-12-20,9034.4501953125,9005.121
2010-12-21,8943.0,9006.076
2010-12-22,9041.9501953125,9008.431
2010-12-23,9041.599609375,9007.842
2010-12-24,9038.900390625,9009.854
2010-12-27,9041.9501953125,9012.227
2010-12-28,8939.0,9011.306
2010-12-29,9017.4501953125,9009.247
2010-12-30,9001.4501953125,9009.482
2010-12-31,8886.0,9007.844
2011-01-03,9009.9501953125,9009.321
2011-01-04,8989.9501953125,9009.375
2011-01-05,8886.0,9012.096
2011-01-06,8983.9501953125,9010.43
2011-01-07,9015.7998046875,9013.389
2011-01-10,9027.4501953125,9011.966
2011-01-11,9050.9501953125,9007.8125
2011-01-12,8935.7001953125,9006.193
2011-01-13,9040.0,8999.599
2011-01-14,9049.9501953125,8991.924
2011-01-17,8901.7998046875,8985.58
2011-01-18,9060.0,8984.741
2011-01-19,9053.9501953125,8990.766
2011-01-20,8948.0,8989.975
2011-01-21,8911.2001953125,8992.719
2011-01-24,8947.599609375,9003.731
2011-01-25,9050.0,9004.094
2011-01-26,9036.4501953125,9006.111
2011-01-27,8920.599609375,9012.339
2011-01-28,9026.9501953125,9012.463
2011-01-31,8935.599609375,9008.656
2011-02-01,8958.0,9003.04
2011-02-02,9000.0,8999.707
2011-02-03,9020.9501953125,9006.023
2011-02-04,8921.0,8998.05
2011-02-07,8852.2998046875,8992.726
2011-02-08,8823.599609375,8995.648
2011-02-09,8900.0,8992.967
2011-02-10,8929.9501953125,8991.148
2011-02-11,8925.0,8993.808
2011-02-14,8763.7001953125,8993.37
2011-02-15,8914.4501953125,8991.026
2011-02-16,8815.0,8979.86
2011-02-17,8894.9501953125,8973.122
2011-02-18,8780.0,8970.312
2011-02-21,8610.2001953125,8962.037
2011-02-22,8750.0,8953.983
2011-02-23,8876.4501953125,8946.11
2011-02-24,8872.0,8933.959
2011-02-25,8865.0,8928.958
2011-02-28,8841.4501953125,8923.76
2011-03-01,8821.4501953125,8919.877
2011-03-02,8798.0,8916.377
2011-03-03,8812.4501953125,8912.449
2011-03-04,8805.4501953125,8905.192
2011-03-07,8616.2998046875,8901.8
2011-03-08,8785.9501953125,8900.242
2011-03-09,8786.0,8901.599
2011-03-10,8760.0,8904.749
2011-03-11,8783.4501953125,8903.012
2011-03-14,8776.9501953125,8903.941
2011-03-15,8762.4501953125,8906.251
2011-03-16,8775.0,8905.1045
2011-03-17,8760.5,8900.079
2011-03-18,8770.0,8896.145
2011-03-21,8584.2001953125,8891.337
2011-03-22,8720.0,8887.071
2011-03-23,8721.0,8885.869
2011-03-24,8721.4501953125,8887.572
2011-03-25,8710.0,8884.872
2011-03-27,8633.7998046875,8884.739
2011-03-28,8718.2001953125,8884.945
2011-03-29,8688.900390625,8882.138
2011-03-30,8700.0,8879.8125
2011-03-31,8718.5,8878.982
2011-04-03,8665.900390625,8875.168
2011-04-04,8645.900390625,8871.31
2011-04-05,8653.2998046875,8868.465
2011-04-06,8636.7001953125,8868.046
2011-04-07,8643.099609375,8865.525
2011-04-10,8616.7001953125,8863.27
2011-04-11,8655.400390625,8865.562
2011-04-12,8617.099609375,8863.48
2011-04-13,8668.5,8862.68
2011-04-17,8637.900390625,8860.106
2011-04-18,8657.7001953125,8858.603
2011-04-19,8667.400390625,8857.956
2011-04-20,8633.599609375,8854.906
2011-04-21,8640.5,8853.167
2011-04-24,8622.900390625,8851.662
2011-04-25,8623.5,8848.8955
2011-04-26,8616.400390625,8848.756
2011-04-27,8566.2998046875,8848.588
2011-04-28,8553.2998046875,8849.085
2011-05-01,8568.400390625,8848.784
2011-05-02,8561.400390625,8849.141
2011-05-03,8558.900390625,8849.15
2011-05-04,8535.599609375,8848.614
2011-05-05,8580.099609375,8847.649
2011-05-08,8618.2998046875,8844.431
2011-05-09,8522.0,8842.485
2011-05-10,8530.900390625,8839.565
2011-05-11,8586.2001953125,8836.237
2011-05-12,8549.099609375,8832.894
2011-05-15,8553.0,8829.973
2011-05-16,8592.400390625,8829.274
2011-05-17,8372.7001953125,8827.544
2011-05-18,8540.900390625,8825.149
2011-05-19,8552.0,8825.252
2011-05-22,8419.5,8826.104
2011-05-23,8600.0,8825.976
2011-05-24,8405.7998046875,8825.513
2011-05-25,8591.9501953125,8823.701
2011-05-26,8575.0,8822.493
2011-05-29,8559.9501953125,8821.647
2011-05-30,8544.4501953125,8819.666
2011-05-31,8537.900390625,8817.214
2011-06-01,8540.0,8816.779
2011-06-02,8540.099609375,8815.257
2011-06-05,8520.4501953125,8816.47
2011-06-06,8500.0,8816.424
2011-06-07,8515.4501953125,8816.152
2011-06-08,8490.599609375,8819.784
2011-06-09,8520.0,8818.405
2011-06-12,8517.4501953125,8822.175
2011-06-13,8539.4501953125,8821.139
2011-06-14,8533.9501953125,8821.851
2011-06-15,8521.599609375,8821.092
2011-06-16,8610.0,8819.265
2011-06-19,8386.7998046875,8817.806
2011-06-20,8611.400390625,8816.761
2011-06-21,8600.0,8816.404
2011-06-22,8580.0,8815.974
2011-06-23,8599.9501953125,8815.986
2011-06-26,8599.9501953125,8816.375
2011-06-27,8625.0,8816.515
2011-06-28,8620.0,8816.74
2011-06-29,8616.9501953125,8819.426
2011-06-30,8568.0,8821.348
2011-07-03,8545.4501953125,8821.045
2011-07-04,8522.4501953125,8825.029
2011-07-05,8537.4501953125,8825.923
2011-07-06,8535.2998046875,8830.77
2011-07-07,8533.4501953125,8831.748
2011-07-10,8512.4501953125,8835.068
2011-07-11,8525.9501953125,8836.252
2011-07-12,8566.9501953125,8834.707
2011-07-13,8550.0,8833.566
2011-07-14,8531.9501953125,8831.64
2011-07-17,8366.099609375,8829.082
2011-07-18,8563.599609375,8825.802
2011-07-19,8540.0,8822.958
2011-07-20,8530.0,8821.224
2011-07-21,8537.0,8820.301
2011-07-24,8526.9501953125,8819.14
2011-07-25,8522.9501953125,8817.066
2011-07-26,8500.0,8816.715
2011-07-27,8482.0,8817.839
2011-07-28,8495.0,8817.677
2011-07-31,8499.9501953125,8815.899
2011-08-01,8433.599609375,8816.638
2011-08-02,8467.4501953125,8816.1045
2011-08-03,8325.2001953125,8816.845
2011-08-04,8472.400390625,8814.7705
2011-08-07,8514.9501953125,8817.201
2011-08-08,8478.2998046875,8816.461
2011-08-09,8517.599609375,8814.424
2011-08-10,8500.2998046875,8812.563
2011-08-11,8509.2998046875,8810.464
2011-08-14,8542.9501953125,8808.474
2011-08-15,8292.7001953125,8808.755
2011-08-16,8358.7001953125,8808.29
2011-08-17,8374.2001953125,8806.379
2011-08-18,8560.0,8807.865
2011-08-21,8339.2998046875,8807.93
2011-08-22,8537.0,8809.132
2011-08-23,8543.0,8809.225
2011-08-24,8550.0,8809.292
2011-08-25,8600.0,8808.52
2011-08-28,8532.9501953125,8807.697
2011-08-29,8520.0,8807.05
2011-08-30,8532.9501953125,8804.947
2011-08-31,8532.9501953125,8804.369
2011-09-01,8490.0,8807.518
2011-09-04,8402.0,8805.953
2011-09-05,8379.5,8810.663
2011-09-06,8552.9501953125,8812.68
2011-09-07,8535.0,8816.883
2011-09-08,8567.9501953125,8818.305
2011-09-11,8491.7001953125,8821.252
2011-09-12,8572.2998046875,8818.725
2011-09-13,8631.0,8815.316
2011-09-14,8719.9501953125,8815.04
2011-09-15,8809.0,8815.079
2011-09-18,8764.9501953125,8812.941
2011-09-19,8822.400390625,8811.394
2011-09-20,8812.7001953125,8812.79
2011-09-21,8840.900390625,8813.864
2011-09-22,8762.9501953125,8818.28
2011-09-25,8779.9501953125,8825.148
2011-09-26,9080.0,8837.12
2011-09-27,8904.9501953125,8846.711
2011-09-28,8889.9501953125,8857.307
2011-09-29,8952.599609375,8869.063
2011-10-02,8789.9501953125,8878.159
2011-10-03,8897.4501953125,8886.742
2011-10-04,8622.0,8895.455
2011-10-05,8956.2998046875,8906.605
2011-10-09,8897.4501953125,8912.127
2011-10-10,8892.4501953125,8918.031
2011-10-11,8717.0,8926.784
2011-10-12,8857.599609375,8931.695
2011-10-13,8869.9501953125,8932.396
2011-10-16,8637.599609375,8931.936
2011-10-17,8880.2001953125,8937.388
2011-10-18,8880.0,8940.548
2011-10-19,8840.7998046875,8916.877
2011-10-20,8824.9501953125,8916.379
2011-10-23,8859.9501953125,8914.64
2011-10-24,8839.9501953125,8913.242
2011-10-25,8849.9501953125,8908.08
2011-10-26,8872.9501953125,8909.591
2011-10-27,8854.599609375,8913.923
2011-10-31,8624.2001953125,8906.448
2011-11-01,8825.599609375,8904.536
2011-11-02,8866.5,8906.389
2011-11-03,8900.7001953125,8912.749
2011-11-04,8943.599609375,8909.306
2011-11-07,8949.9501953125,8911.481
2011-11-08,8954.9501953125,8912.859
2011-11-09,8915.0,8910.328
2011-11-10,8889.9501953125,8908.264
2011-11-11,8969.9501953125,8909.48
2011-11-14,8967.9501953125,8909.056
2011-11-15,8964.9501953125,8911.052
2011-11-16,8994.9501953125,8917.2705
2011-11-17,8993.4501953125,8926.4375
2011-11-18,8972.7001953125,8930.957
2011-11-21,9019.9501953125,8940.433
2011-11-22,9024.9501953125,8952.806
2011-11-23,9044.9501953125,8959.267
2011-11-24,9016.900390625,8964.139
2011-11-25,8962.400390625,8970.049
2011-11-28,9054.9501953125,8974.096
2011-11-29,9114.9501953125,8979.296
2011-11-30,9120.5,8985.135
2011-12-01,9076.7001953125,8994.44
2011-12-02,8994.9501953125,9001.974
2011-12-05,9014.9501953125,9004.814
2011-12-06,9016.599609375,9008.389
2011-12-07,9034.9501953125,9016.797
2011-12-08,9027.400390625,9025.021
2011-12-09,8994.9501953125,9031.93
2011-12-12,9035.7001953125,9038.014
2011-12-13,9049.9501953125,9039.286
2011-12-14,9112.099609375,9041.687
2011-12-15,9100.0,9042.631
2011-12-16,9089.9501953125,9042.267
2011-12-19,9016.5,9039.745
2011-12-20,9114.2998046875,9034.02
2011-12-21,9047.599609375,9026.833
2011-12-22,9043.5,9025.323
2011-12-23,9136.5,9028.448
2011-12-26,9040.0,9036.61
2011-12-27,9038.400390625,9040.71
2011-12-28,9062.0,9047.805
2011-12-29,9044.400390625,9051.637
2011-12-30,8854.7998046875,9056.043
2012-01-02,9055.0,9058.314
2012-01-03,8903.7998046875,9059.843
2012-01-04,9115.0,9058.1045
2012-01-05,9115.7998046875,9054.567
2012-01-06,9110.0,9052.021
2012-01-09,9058.400390625,9045.402
2012-01-10,9146.0,9042.529
2012-01-11,9145.0,9029.975
2012-01-12,9190.0,9028.948
2012-01-13,9150.0,9024.059
2012-01-16,9052.900390625,9022.523
2012-01-17,9099.900390625,9022.695
2012-01-18,9070.0,9037.651
2012-01-19,9008.099609375,9044.849
2012-01-20,8945.0,9065.274
2012-01-23,8920.0,9080.576
2012-01-24,8920.0,9089.287
2012-01-25,8958.0,9095.319
2012-01-26,9050.599609375,9095.664
2012-01-27,9074.0,9091.8125
2012-01-30,8952.0,9084.863
2012-01-31,9074.0,9074.847
2012-02-01,8981.900390625,9058.236
2012-02-02,8980.0,9040.242
2012-02-03,8958.7998046875,9020.584
2012-02-06,8928.099609375,9008.138
2012-02-08,8930.0,9000.309
2012-02-09,8851.5,8995.405
2012-02-10,8920.0,8997.304
2012-02-13,8965.0,9001.711
2012-02-14,8971.5,9005.143
2012-02-15,8998.0,9006.837
2012-02-16,8930.0,9004.384
2012-02-17,8980.0,9000.892
2012-02-20,8983.2001953125,8987.962
2012-02-21,8971.599609375,8977.818
2012-02-22,9030.0,8974.808
2012-02-23,9040.0,8964.89
2012-02-24,9040.0,8962.867
2012-02-27,9020.900390625,8964.055
2012-02-28,9105.0,8967.831
2012-02-29,9005.0,8972.367
2012-03-01,9010.0,8978.302
2012-03-02,9055.0,8987.984
2012-03-05,9055.0,8994.966
2012-03-06,9113.0,9001.214
2012-03-07,9115.0,9009.696
2012-03-08,9085.0,9015.832
2012-03-09,9105.0,9022.767
2012-03-12,9132.4501953125,9025.634
2012-03-13,9133.0,9030.907
2012-03-14,9133.0,9035.537
2012-03-15,9163.0,9041.514
2012-03-16,9163.0,9045.085
2012-03-19,9120.0,9051.463
2012-03-20,9110.0,9060.923
2012-03-21,9145.0,9066.622
2012-03-22,9145.0,9076.685
2012-03-23,9220.0,9085.538
2012-03-25,9150.0,9093.6455
2012-03-26,9150.0,9100.514
2012-03-27,9150.0,9102.663
2012-03-28,9150.0,9104.787
2012-03-29,9150.0,9108.303
2012-04-01,9112.0,9114.093
2012-04-02,9118.0,9115.914
2012-04-03,9136.0,9118.379
2012-04-04,9133.0,9119.675
2012-04-05,9085.0,9122.116
2012-04-08,9085.0,9122.0625
2012-04-09,9151.5,9124.35
2012-04-10,9149.0,9120.9375
2012-04-11,9149.0,9117.878
2012-04-12,9149.0,9115.094
2012-04-15,9139.9501953125,9106.806
2012-04-16,9155.0,9101.012
2012-04-17,9155.0,9097.512
2012-04-18,9155.0,9096.903
2012-04-19,9154.0,9096.516
2012-04-22,9143.7001953125,9097.127
2012-04-23,9163.0,9100.554
2012-04-24,9163.0,9104.424
2012-04-25,9163.0,9108.736
2012-04-26,9156.7001953125,9111.884
2012-04-29,9188.9501953125,9116.34
2012-04-30,9168.0,9119.265
2012-05-01,9181.2998046875,9119.697
2012-05-02,9165.0,9121.128
2012-05-03,9165.0,9122.427
2012-05-06,9047.599609375,9123.208
2012-05-07,9170.0,9125.983
2012-05-08,9166.0,9127.926
2012-05-09,9213.0,9130.776
2012-05-10,9170.0,9132.287
2012-05-13,9165.0,9134.323
2012-05-14,9238.0,9131.538
2012-05-15,9238.0,9128.78
2012-05-16,9238.0,9126.6875
2012-05-17,9217.0,9128.46
2012-05-20,8995.2001953125,9125.885
2012-05-21,9243.0,9126.885
2012-05-22,9210.0,9129.727
2012-05-23,9255.0,9139.788
2012-05-24,9255.0,9147.732
2012-05-27,9287.4501953125,9157.5625
2012-05-28,9265.0,9159.637
2012-05-29,9370.0,9156.609
2012-05-30,9410.0,9159.528
2012-05-31,9375.0,9162.665
2012-06-03,9387.4501953125,9162.371
2012-06-04,9375.0,9170.64
2012-06-05,9378.0,9173.804
2012-06-06,9275.0,9190.755
2012-06-07,9355.0,9207.375
2012-06-10,9384.9501953125,9233.368
2012-06-11,9380.0,9258.436
2012-06-12,9405.0,9276.286
2012-06-13,9395.0,9291.982
2012-06-14,9395.0,9300.654
2012-06-17,9293.0,9306.193
2012-06-18,9357.599609375,9309.916
2012-06-19,9375.599609375,9314.898
2012-06-20,9391.0,9313.128
2012-06-21,9399.400390625,9312.89
2012-06-24,9437.4501953125,9314.551
2012-06-25,9409.7998046875,9314.675
2012-06-26,9409.400390625,9315.091
2012-06-27,9413.900390625,9315.954
2012-06-28,9415.2998046875,9322.082
2012-07-01,9368.0,9321.345
2012-07-02,9384.9501953125,9323.559
2012-07-03,9334.9501953125,9325.131
2012-07-04,9344.9501953125,9331.845
2012-07-05,9387.4501953125,9337.124
2012-07-08,9441.9501953125,9343.733
2012-07-09,9379.7001953125,9349.443
2012-07-10,9398.7001953125,9351.512
2012-07-11,9383.900390625,9347.322
2012-07-12,9414.900390625,9341.7
2012-07-15,9423.0,9336.47
2012-07-16,9419.599609375,9334.106
2012-07-17,9409.2998046875,9329.26
2012-07-18,9419.2001953125,9328.826
2012-07-19,9417.099609375,9326.79
2012-07-22,9425.0,9331.151
2012-07-23,9423.2998046875,9337.041
2012-07-24,9436.5,9343.309
2012-07-25,9452.599609375,9347.2295
2012-07-26,9446.2998046875,9353.221
2012-07-29,9430.0,9355.613
2012-07-30,9424.2001953125,9357.317
2012-07-31,9413.5,9360.907
2012-08-01,9412.599609375,9363.95
2012-08-02,9436.7001953125,9368.314
2012-08-05,9443.0,9372.047
2012-08-06,9433.599609375,9374.239
2012-08-07,9437.2001953125,9376.287
2012-08-08,9439.599609375,9377.551
2012-08-09,9441.099609375,9377.611
2012-08-12,9477.4501953125,9377.903
2012-08-13,9454.2001953125,9377.659
2012-08-14,9451.599609375,9377.089
2012-08-15,9467.0,9376.3
2012-08-16,9459.5,9375.943
2012-08-19,9489.9501953125,9377.153
2012-08-20,9459.2998046875,9381.717
2012-08-21,9465.0,9385.857
2012-08-22,9465.0,9389.744
2012-08-23,9463.2998046875,9393.863
2012-08-26,9480.0,9397.517
2012-08-27,9485.0,9401.776
2012-08-28,9505.400390625,9405.74
2012-08-29,9517.7001953125,9408.182
2012-08-30,9514.7998046875,9409.987
2012-09-02,9534.9501953125,9412.57
2012-09-03,9505.400390625,9412.683
2012-09-04,9541.7001953125,9415.55
2012-09-05,9540.400390625,9418.482
2012-09-06,9535.7001953125,9422.926
2012-09-09,9541.900390625,9428.755
2012-09-10,9547.900390625,9434.956
2012-09-11,9548.400390625,9442.105
2012-09-12,9538.599609375,9449.773
2012-09-13,9548.599609375,9457.487
2012-09-16,9480.0,9465.274
2012-09-17,9434.7001953125,9470.279
2012-09-18,9474.0,9476.507
2012-09-19,9508.7998046875,9480.029
2012-09-20,9510.599609375,9483.644
2012-09-23,9520.0,9486.5
2012-09-24,9533.099609375,9484.425
2012-09-25,9545.400390625,9479.166
2012-09-26,9555.599609375,9470.913
2012-09-27,9546.099609375,9465.071
2012-09-30,9569.9501953125,9459.525
2012-10-01,9550.2001953125,9453.757
2012-10-02,9551.400390625,9448.64
2012-10-03,9557.2001953125,9448.7295
2012-10-04,9562.2998046875,9454.461
2012-10-07,9407.2001953125,9460.928
2012-10-08,9561.900390625,9471.003
2012-10-09,9563.7001953125,9481.28
2012-10-10,9562.099609375,9488.897
2012-10-11,9553.7001953125,9493.712
2012-10-14,9577.4501953125,9498.64
2012-10-15,9561.599609375,9493.694
2012-10-16,9555.7001953125,9490.692
2012-10-17,9545.5,9488.727
2012-10-18,9559.400390625,9489.564
2012-10-21,9592.4501953125,9486.586
2012-10-22,9576.099609375,9488.692
2012-10-23,9579.2001953125,9488.34
2012-10-24,9581.5,9495.169
2012-10-25,9577.099609375,9497.002
2012-10-29,9604.9501953125,9500.948
2012-10-30,9575.599609375,9509.722
2012-10-31,9586.2998046875,9511.693
2012-11-01,9576.400390625,9512.8125
2012-11-02,9591.5,9514.817
2012-11-05,9469.2001953125,9517.677
2012-11-06,9591.400390625,9521.264
2012-11-07,9591.0,9524.898
2012-11-08,9575.7001953125,9527.602
2012-11-09,9601.7998046875,9529.753
2012-11-12,9443.599609375,9532.148
2012-11-13,9590.099609375,9525.306
2012-11-14,9595.400390625,9523.204
2012-11-15,9595.2998046875,9520.998
2012-11-16,9595.5,9521.132
2012-11-19,9624.9501953125,9519.177
2012-11-20,9600.2998046875,9512.275
2012-11-21,9603.900390625,9507.043
2012-11-22,9605.5,9510.052
2012-11-23,9598.0,9513.474
2012-11-26,9612.4501953125,9512.837
2012-11-27,9571.099609375,9523.974
2012-11-28,9571.7001953125,9523.963
2012-11-29,9571.5,9532.099
2012-11-30,9571.400390625,9537.171
2012-12-03,9569.0,9542.259
2012-12-05,9573.599609375,9551.099
2012-12-06,9570.7998046875,9550.945
2012-12-07,9580.900390625,9548.08
2012-12-10,9612.4501953125,9544.818
2012-12-11,9600.7998046875,9541.553
2012-12-12,9606.099609375,9535.763
2012-12-13,9601.7998046875,9531.927
2012-12-14,9606.099609375,9527.022
2012-12-17,9612.4501953125,9524.397
2012-12-18,9611.7998046875,9524.728
2012-12-19,9615.7001953125,9525.706
2012-12-20,9622.2998046875,9529.577
2012-12-21,9624.0,9533.554
2012-12-24,9610.0,9538.129
2012-12-25,9632.7998046875,9542.882
2012-12-26,9630.5,9547.976
2012-12-27,9629.0,9551.421
2012-12-28,9633.900390625,9555.398
2012-12-31,9612.4501953125,9558.708
2013-01-01,9609.0,9559.877
2013-01-02,9609.0,9562.588
2013-01-03,9622.5,9565.158
2013-01-04,9626.2998046875,9568.119
2013-01-07,9770.0,9570.473
2013-01-08,9639.099609375,9571.651
2013-01-09,9641.2001953125,9571.478
2013-01-10,9632.099609375,9571.183
2013-01-11,9631.7001953125,9570.553
2013-01-14,9612.4501953125,9569.829
2013-01-15,9606.7998046875,9578.395
2013-01-16,9621.599609375,9582.406
2013-01-17,9626.2001953125,9587.274
2013-01-18,9621.7998046875,9589.123
2013-01-21,9682.0,9594.001
2013-01-22,9589.400390625,9595.09
2013-01-23,9591.599609375,9596.692
2013-01-24,9596.900390625,9589.668
2013-01-25,9597.5,9586.004
2013-01-28,9612.4501953125,9581.707
2013-01-29,9649.7998046875,9575.523
2013-01-30,9650.0,9573.578
2013-01-31,9659.7001953125,9571.039
2013-02-01,9669.900390625,9568.125
2013-02-04,9612.4501953125,9566.62
2013-02-05,9642.7001953125,9564.784
2013-02-06,9647.900390625,9566.128
2013-02-07,9682.099609375,9564.516
2013-02-08,9666.0,9567.631
2013-02-11,9612.4501953125,9572.953
2013-02-12,9593.099609375,9574.3
2013-02-13,9617.7001953125,9580.346
2013-02-14,9618.5,9586.538
2013-02-15,9631.599609375,9593.292
2013-02-18,9645.0,9597.879
2013-02-19,9652.599609375,9598.92
2013-02-20,9674.900390625,9593.112
2013-02-21,9655.5,9590.552
2013-02-22,9674.5,9587.005
2013-02-25,9684.0,9583.772
2013-02-26,9676.400390625,9581.41
2013-02-27,9678.5,9579.22
2013-02-28,9657.2998046875,9580.464
2013-03-01,9633.7998046875,9582.34
2013-03-04,9612.4501953125,9586.542
2013-03-05,9677.5,9594.505
2013-03-06,9663.7998046875,9603.42
2013-03-07,9658.7998046875,9609.638
2013-03-08,9663.900390625,9614.505
2013-03-11,9612.4501953125,9615.023
2013-03-12,9668.599609375,9612.691
2013-03-13,9668.0,9611.907
2013-03-14,9661.7998046875,9609.532
2013-03-15,9673.400390625,9608.216
2013-03-18,9675.7998046875,9605.017
2013-03-19,9682.5,9600.974
2013-03-20,9682.7001953125,9599.525
2013-03-21,9695.2001953125,9601.065
2013-03-22,9703.2001953125,9602.347
2013-03-25,9612.4501953125,9604.063
2013-03-26,9705.0,9608.511
2013-03-27,9702.2001953125,9608.945
2013-03-28,9694.7998046875,9613.212
2013-03-29,9688.599609375,9617.436
2013-03-31,9612.4501953125,9621.983
2013-04-01,9715.0,9624.154
2013-04-02,9707.5,9625.599
2013-04-03,9718.2001953125,9628.175
2013-04-04,9720.0,9631.652
2013-04-07,9728.2998046875,9631.825
2013-04-08,9719.0,9629.499
2013-04-09,9690.400390625,9627.494
2013-04-10,9661.400390625,9631.574
2013-04-11,9674.2998046875,9634.304
2013-04-14,9683.5,9635.431
2013-04-15,9683.400390625,9644.385
2013-04-16,9688.099609375,9645.977
2013-04-17,9680.900390625,9651.371
2013-04-18,9684.900390625,9650.991
2013-04-21,9688.0,9650.518
2013-04-22,9688.7001953125,9652.228
2013-04-23,9694.7001953125,9647.944
2013-04-24,9688.7998046875,9643.018
2013-04-25,9689.400390625,9637.788
2013-04-28,9612.4501953125,9633.896
2013-04-29,9691.5,9631.75
2013-04-30,9694.099609375,9631.026
2013-05-01,9695.0,9632.049
2013-05-02,9708.2001953125,9634.32
2013-05-05,9612.4501953125,9635.478
2013-05-06,9705.599609375,9631.775
2013-05-07,9705.599609375,9630.321
2013-05-08,9705.0,9629.633
2013-05-09,9702.0,9630.591
2013-05-12,9709.0,9630.136
2013-05-13,9708.7001953125,9627.232
2013-05-14,9708.099609375,9625.132
2013-05-15,9718.2001953125,9628.5
2013-05-16,9720.5,9631.833
2013-05-19,9731.0,9632.787
2013-05-20,9727.7001953125,9640.019
2013-05-21,9734.2998046875,9640.083
2013-05-22,9736.900390625,9645.287
2013-05-23,9744.0,9648.39
2013-05-26,9744.0,9651.514
2013-05-27,9760.2001953125,9659.531
2013-05-28,9763.7998046875,9662.5205
2013-05-29,9772.900390625,9666.105
2013-05-30,9778.2001953125,9669.917
2013-06-02,9612.4501953125,9674.812
2013-06-03,9776.599609375,9678.97
2013-06-04,9769.900390625,9684.425
2013-06-05,9762.7998046875,9689.887
2013-06-06,9764.5,9695.958
2013-06-09,9764.5,9702.213
2013-06-10,9764.5,9697.754
2013-06-11,9764.5,9697.333
2013-06-12,9831.2998046875,9699.52
2013-06-13,9854.5,9701.89
2013-06-16,9612.4501953125,9700.032
2013-06-17,9859.2998046875,9703.575
2013-06-18,9877.2001953125,9700.876
2013-06-19,9880.2001953125,9707.739
2013-06-20,9897.400390625,9714.267
2013-06-23,9612.4501953125,9724.789
2013-06-24,9901.7998046875,9728.695
2013-06-25,9892.0,9729.925
2013-06-26,9895.7998046875,9740.291
2013-06-27,9897.2001953125,9753.041
2013-06-30,9612.4501953125,9765.6455
2013-07-01,9898.2001953125,9766.684
2013-07-02,9903.2001953125,9766.677
2013-07-03,9910.7001953125,9784.215
2013-07-04,9911.0,9794.454
2013-07-07,9918.0,9799.591
2013-07-08,9926.7998046875,9804.075
2013-07-09,9928.7998046875,9792.493
2013-07-10,9935.400390625,9801.672
2013-07-11,9968.0,9807.51
2013-07-14,9612.4501953125,9810.3125
2013-07-15,9989.2001953125,9831.608
2013-07-16,10007.0,9832.362
2013-07-17,10017.0,9849.043
2013-07-18,10032.0,9859.978
2013-07-21,9612.4501953125,9874.801
2013-07-22,10037.0,9877.847
2013-07-23,10171.0,9870.788
2013-07-24,10303.0,9875.418
2013-07-25,10240.0,9884.638
2013-07-28,10269.0,9890.091
2013-07-29,10244.0,9885.505
2013-07-30,10244.0,9877.746
2013-07-31,10250.0,9906.472
2013-08-01,10252.0,9941.779
2013-08-04,10029.0,9980.106
2013-08-05,10256.0,10043.908
2013-08-06,10257.0,10075.337
2013-08-07,10257.0,10127.729
2013-08-08,10256.0,10164.792
2013-08-11,10262.0,10205.773
2013-08-12,10309.0,10222.692
2013-08-13,10308.0,10229.761
2013-08-14,10265.0,10229.168
2013-08-15,10390.0,10223.688
2013-08-18,10509.0,10220.827
2013-08-19,10664.0,10225.255
2013-08-20,10657.0,10226.33
2013-08-21,10747.0,10243.434
2013-08-22,10790.0,10252.315
2013-08-25,11005.0,10268.796
2013-08-26,10817.0,10305.206
2013-08-27,10897.0,10344.673
2013-08-28,10917.0,10393.932
2013-08-29,10908.0,10454.869
2013-09-01,10895.0,10519.647
2013-09-02,10950.0,10604.621
2013-09-03,11037.0,10675.128
2013-09-04,11097.0,10748.824
2013-09-05,11098.0,10810.528
2013-09-08,11150.0,10861.985
2013-09-09,11132.0,10896.49
2013-09-10,11210.0,10930.842
2013-09-11,11318.0,10955.308
2013-09-12,11322.0,10985.833
2013-09-15,11213.0,11015.87
2013-09-16,11349.0,11040.108
2013-09-17,11417.0,11074.4
2013-09-18,11449.0,11110.422
2013-09-19,11255.0,11153.834
2013-09-22,11325.0,11198.612
2013-09-23,11417.0,11232.798
2013-09-24,11443.0,11272.318
2013-09-25,11457.0,11308.274
2013-09-26,11453.0,11345.395
2013-09-29,11552.0,11370.7295
2013-09-30,11552.0,11391.806
2013-10-01,11476.0,11410.154
2013-10-02,11503.0,11431.977
2013-10-03,11500.0,11446.492
2013-10-06,11480.0,11463.221
2013-10-08,11489.0,11484.775
2013-10-09,11504.0,11507.74
2013-10-10,11463.0,11525.914
2013-10-13,10787.0,11541.246
2013-10-14,11337.0,11563.846
2013-10-15,11339.0,11575.757
2013-10-16,11339.0,11583.413
2013-10-17,11303.0,11587.184
2013-10-20,10758.0,11583.511
2013-10-21,11307.0,11550.319
2013-10-22,11264.0,11504.396
2013-10-23,11244.0,11472.179
2013-10-24,11128.0,11451.57
2013-10-28,9612.4501953125,11417.035
2013-10-29,11025.0,11372.638
2013-10-30,11075.0,11316.69
2013-10-31,11147.0,11304.158
2013-11-01,11245.0,11290.604
2013-11-04,11308.0,11267.188
2013-11-05,11327.0,11244.194
2013-11-06,11330.0,11167.828
2013-11-07,11380.0,11083.755
2013-11-08,11363.0,11051.121
2013-11-11,9612.4501953125,11018.506
2013-11-12,11532.0,11048.186
2013-11-13,11565.0,11038.605
2013-11-14,11577.0,11114.184
2013-11-15,11515.0,11179.964
2013-11-18,9612.4501953125,11259.139
2013-11-19,11605.0,11283.634
2013-11-20,11570.0,11261.176
2013-11-21,11629.0,11249.667
2013-11-22,11674.0,11273.48
2013-11-25,9612.4501953125,11272.42
2013-11-26,11719.0,11247.887
2013-11-27,11750.0,11184.829
2013-11-28,11880.0,11212.17
2013-11-29,9612.4501953125,11267.152
2013-12-02,9612.4501953125,11316.722
2013-12-03,9612.4501953125,11361.75
2013-12-04,11885.0,11279.978
2013-12-05,11972.0,11295.417
2013-12-06,9612.4501953125,11352.638
2013-12-09,9610.0,11337.977
2013-12-10,11813.0,11364.484
2013-12-11,11834.0,11226.028
2013-12-12,11878.0,11079.723
2013-12-13,11999.0,10982.449
2013-12-16,11988.0,10929.684
2013-12-17,11973.0,10917.06
2013-12-18,11984.0,10773.0205
2013-12-19,12012.0,10755.704
2013-12-20,12118.0,10936.164
2013-12-23,12153.0,11154.201
2013-12-24,12147.0,11311.887
2013-12-25,12148.0,11496.973
2013-12-26,12143.0,11690.47
2013-12-27,12148.0,11829.011
2013-12-30,12142.0,11972.238
2013-12-31,12217.0,12084.43
2014-01-01,12158.0,12116.838
2014-01-02,12158.0,12146.93
2014-01-03,12102.0,12174.984
2014-01-06,12112.0,12194.995
2014-01-07,12133.0,12215.678
2014-01-08,12065.0,12237.281
2014-01-09,12077.0,12251.462
2014-01-10,12032.0,12262.443
2014-01-13,12017.0,12262.316
2014-01-14,11812.0,12260.1455
2014-01-15,11801.0,12256.843
2014-01-16,11828.0,12251.084
2014-01-17,11878.0,12240.501
2014-01-20,11858.0,12227.426
2014-01-21,11897.0,12211.977
2014-01-22,12038.0,12179.716
2014-01-23,12052.0,12146.902
2014-01-24,12093.0,12108.656
2014-01-27,12127.0,12078.043
2014-01-28,12197.0,12043.636
2014-01-29,12093.0,12014.877
2014-01-30,12145.0,12000.533
2014-01-31,12143.0,12001.198
2014-02-03,12150.0,12015.966
2014-02-04,12083.0,12041.023
2014-02-05,11981.0,12082.698
2014-02-06,12020.0,12118.681
2014-02-07,11940.0,12157.68
2014-02-10,12001.0,12186.062
2014-02-11,12026.0,12212.693
2014-02-12,11946.0,12227.451
2014-02-13,11931.0,12227.235
2014-02-14,11876.0,12216.932
2014-02-17,11686.0,12201.085
2014-02-18,11631.0,12182.847
2014-02-19,11840.0,12161.504
2014-02-20,11671.0,12142.505
2014-02-21,11761.0,12117.544
2014-02-24,11686.0,12096.595
2014-02-25,11576.0,12060.0625
2014-02-26,11620.0,12021.101
2014-02-27,11666.0,11996.6455
2014-02-28,11601.0,11955.542
2014-03-03,11569.0,11925.487
2014-03-04,11656.0,11888.167
2014-03-05,11566.0,11847.384
2014-03-06,11571.0,11814.062
2014-03-07,11410.0,11797.273
2014-03-10,11486.0,11769.583
2014-03-11,11430.0,11756.112
2014-03-12,11485.0,11748.038
2014-03-13,11435.0,11723.576
2014-03-14,11421.0,11712.915
2014-03-17,11296.0,11688.661
2014-03-18,11286.0,11668.988
2014-03-19,11325.0,11647.989
2014-03-20,11310.0,11631.581
2014-03-21,11435.0,11603.305
2014-03-24,11401.0,11584.055
2014-03-25,11361.0,11552.696
2014-03-26,11381.0,11523.51
2014-03-27,11435.0,11496.745
2014-03-28,11381.0,11472.723
2014-03-30,11305.0,11462.307
2014-03-31,11230.0,11451.021
2014-04-01,11285.0,11441.96
2014-04-02,11330.0,11436.796
2014-04-03,11375.0,11443.645
2014-04-06,11310.0,11446.012
2014-04-07,11295.0,11453.689
2014-04-08,11295.0,11448.734
2014-04-09,11363.0,11439.71
2014-04-10,11415.0,11432.684
2014-04-13,11395.0,11423.775
2014-04-14,11436.0,11411.893
2014-04-15,11410.0,11403.6
2014-04-16,11405.0,11394.522
2014-04-17,11445.0,11392.428
2014-04-20,11445.0,11398.5625
2014-04-21,11425.0,11410.179
2014-04-22,11540.0,11425.684
2014-04-23,11610.0,11439.329
2014-04-24,11595.0,11450.538
2014-04-27,11565.0,11463.638
2014-04-28,11580.0,11480.081
2014-04-29,11515.0,11490.9375
2014-04-30,11545.0,11510.216
2014-05-01,11520.0,11530.407
2014-05-04,11505.0,11549.813
2014-05-05,11505.0,11572.113
2014-05-06,11510.0,11593.659
2014-05-07,11550.0,11608.968
2014-05-08,11525.0,11626.435
2014-05-11,11505.0,11635.778
2014-05-12,11520.0,11637.842
2014-05-13,11485.0,11636.537
2014-05-14,11370.0,11630.295
2014-05-15,11420.0,11620.888
2014-05-18,11390.0,11615.296
2014-05-19,11400.0,11610.428
2014-05-20,11460.0,11606.344
2014-05-21,11495.0,11604.623
2014-05-25,11590.0,11592.164
2014-05-26,11560.0,11582.347
2014-05-27,11560.0,11568.076
2014-05-28,11630.0,11551.817
2014-05-29,11595.0,11539.788
2014-06-01,11660.0,11531.14
2014-06-02,11760.0,11530.733
2014-06-03,11770.0,11541.24
2014-06-04,11880.0,11553.588
2014-06-05,11845.0,11574.786
2014-06-08,11815.0,11603.207
2014-06-09,11775.0,11629.583
2014-06-10,11815.0,11665.882
2014-06-11,11805.0,11699.752
2014-06-12,11780.0,11737.562
2014-06-15,11785.0,11777.636
2014-06-16,11815.0,11808.388
2014-06-17,11885.0,11837.606
2014-06-18,12005.0,11867.942
2014-06-19,11925.0,11885.427
2014-06-22,11950.0,11901.297
2014-06-23,11988.0,11906.2705
2014-06-24,11995.0,11906.46
2014-06-25,12090.0,11910.253
2014-06-26,12100.0,11921.266
2014-06-29,12020.0,11934.02
2014-06-30,11885.0,11951.614
2014-07-01,11865.0,11975.971
2014-07-02,11900.0,12000.424
2014-07-03,11905.0,12029.808
2014-07-06,11860.0,12064.833
2014-07-07,11725.0,12087.409
2014-07-08,11665.0,12098.522
2014-07-09,11615.0,12100.49
2014-07-10,11570.0,12091.057
2014-07-13,11605.0,12084.436
2014-07-14,11663.0,12068.606
2014-07-15,11720.0,12037.602
2014-07-16,11642.0,11998.735
2014-07-17,11660.0,11953.038
2014-07-20,11615.0,11904.944
2014-07-21,11566.0,11861.227
2014-07-22,11580.0,11826.59
2014-07-23,11485.0,11796.563
2014-07-24,11552.0,11769.199
2014-07-27,11561.0,11750.987
2014-07-28,11561.0,11736.566
2014-07-29,11560.0,11729.545
2014-07-30,11561.0,11724.775
2014-07-31,11761.0,11714.832
2014-08-03,11861.0,11703.054
2014-08-04,11755.0,11690.73
2014-08-05,11675.0,11675.792
2014-08-06,11758.0,11658.638
2014-08-07,11785.0,11652.471
2014-08-10,11745.0,11656.997
2014-08-11,11700.0,11681.84
2014-08-12,11680.0,11708.215
2014-08-13,11683.0,11730.065
2014-08-14,11670.0,11762.173
2014-08-17,11667.0,11788.079
2014-08-18,11680.0,11813.794
2014-08-19,11663.0,11829.884
2014-08-20,11700.0,11834.871
2014-08-21,11688.0,11834.709
2014-08-24,11660.0,11825.875
2014-08-25,11703.0,11810.414
2014-08-26,11688.0,11799.802
2014-08-27,11665.0,11792.424
2014-08-28,11715.0,11784.333
2014-08-31,11694.0,11777.311
2014-09-01,11698.0,11772.077
2014-09-02,11743.0,11772.288
2014-09-03,11767.0,11774.488
2014-09-04,11741.0,11773.527
2014-09-07,11722.0,11777.506
2014-09-08,11713.0,11780.322
2014-09-09,11775.0,11781.105
2014-09-10,11805.0,11788.088
2014-09-11,11830.0,11795.27
2014-09-14,11885.0,11801.153
2014-09-15,11925.0,11810.304
2014-09-16,11975.0,11814.239
2014-09-17,11962.0,11821.856
2014-09-18,11969.0,11833.793
2014-09-21,11983.0,11845.055
2014-09-22,11978.0,11860.87
2014-09-23,11970.0,11882.057
2014-09-24,11943.0,11906.534
2014-09-25,11968.0,11933.869
2014-09-28,12050.0,11963.215
2014-09-29,12132.0,11992.492
2014-09-30,12175.0,12020.733
2014-10-01,12130.0,12041.001
2014-10-02,12112.0,12055.538
2014-10-05,12181.0,12065.167
2014-10-06,12147.0,12075.455
2014-10-07,12218.0,12090.555
2014-10-08,12210.0,12108.765
2014-10-09,12192.0,12129.299
2014-10-12,12210.0,12149.429
2014-10-13,12200.0,12173.779
2014-10-14,12188.0,12197.546
2014-10-15,12227.0,12223.368
2014-10-16,12210.0,12247.481
2014-10-19,12102.0,12265.394
2014-10-20,12008.0,12277.629
2014-10-21,11987.0,12288.705
2014-10-22,11980.0,12292.005
2014-10-23,12032.0,12301.864
2014-10-27,12075.0,12309.353
2014-10-28,12100.0,12304.353
2014-10-29,12137.0,12293.288
2014-10-30,12092.0,12272.001
2014-10-31,12150.0,12246.546
2014-11-03,12070.0,12223.5625
2014-11-04,12107.0,12200.838
2014-11-05,12110.0,12180.977
2014-11-06,12175.0,12170.596
2014-11-07,12150.0,12164.529
2014-11-10,12175.0,12167.395
2014-11-11,12145.0,12175.1455
2014-11-12,12128.0,12188.801
2014-11-13,12187.0,12199.812
2014-11-14,12187.0,12215.126
2014-11-17,12200.0,12221.895
2014-11-18,12195.0,12232.358
2014-11-19,12125.0,12235.875
2014-11-20,12102.0,12240.33
2014-11-21,12133.0,12248.303
2014-11-24,12133.0,12255.893
2014-11-25,12133.0,12265.314
2014-11-26,12133.0,12273.485
2014-11-27,12175.0,12276.2705
2014-11-28,12175.0,12271.731
2014-12-01,12175.0,12271.088
2014-12-02,12285.0,12266.463
2014-12-03,12285.0,12261.758
2014-12-04,12285.0,12257.825
2014-12-05,12285.0,12252.542
2014-12-08,12285.0,12250.537
2014-12-09,12285.0,12252.009
2014-12-10,12285.0,12261.562
2014-12-11,12285.0,12278.149
2014-12-12,12463.0,12297.429
2014-12-15,12612.0,12317.046
2014-12-16,12850.0,12335.952
2014-12-17,12705.0,12352.072
2014-12-18,12673.0,12370.136
2014-12-19,12480.0,12380.523
2014-12-22,12435.0,12399.918
2014-12-23,12460.0,12431.74
2014-12-24,12415.0,12479.646
2014-12-25,12470.0,12530.499
2014-12-26,12470.0,12586.172
2014-12-29,12405.0,12625.099
2014-12-30,12410.0,12658.292
2014-12-31,12420.0,12679.227
2015-01-01,12390.0,12688.768
2015-01-02,12390.0,12678.844
2015-01-05,12480.0,12658.526
2015-01-06,12625.0,12625.427
2015-01-07,12635.0,12587.687
2015-01-08,12720.0,12567.072
2015-01-09,12610.0,12546.819
2015-01-12,12565.0,12539.77
2015-01-13,12558.0,12539.523
2015-01-14,12587.0,12547.177
2015-01-15,12555.0,12565.658
2015-01-16,12469.0,12592.804
2015-01-19,12580.0,12617.459
2015-01-20,12630.0,12644.07
2015-01-21,12562.0,12667.699
2015-01-22,12465.0,12690.661
2015-01-23,12405.0,12702.295
2015-01-26,12423.0,12705.332
2015-01-27,12487.0,12699.974
2015-01-28,12450.0,12692.689
2015-01-29,12455.0,12685.549
2015-01-30,12570.0,12670.483
2015-02-02,12730.0,12656.532
2015-02-03,12645.0,12640.013
2015-02-04,12575.0,12631.721
2015-02-05,12625.0,12617.521
2015-02-06,12587.0,12601.673
2015-02-09,12633.0,12598.134
2015-02-10,12665.0,12605.885
2015-02-11,12727.0,12616.591
2015-02-12,12805.0,12633.439
2015-02-13,12770.0,12655.21
2015-02-16,12677.0,12677.283
2015-02-17,12615.0,12699.983
2015-02-18,12772.0,12719.641
2015-02-19,12810.0,12736.306
2015-02-20,12885.0,12756.996
2015-02-23,12813.0,12777.986
2015-02-24,12860.0,12784.313
2015-02-25,12797.0,12792.833
2015-02-26,12855.0,12809.375
2015-02-27,12857.0,12825.32
2015-03-02,12978.0,12846.798
2015-03-03,12995.0,12861.301
2015-03-04,12970.0,12876.936
2015-03-05,13015.0,12886.704
2015-03-06,12900.0,12902.647
2015-03-09,13030.0,12915.814
2015-03-10,13073.0,12940.694
2015-03-11,13070.0,12964.762
2015-03-12,13175.0,12985.441
2015-03-13,13170.0,13003.977
2015-03-16,13185.0,13018.05
2015-03-17,13195.0,13037.666
2015-03-18,13120.0,13060.389
2015-03-19,12880.0,13083.345
2015-03-20,13058.0,13106.311
2015-03-23,13025.0,13135.503
2015-03-24,12943.0,13154.707
2015-03-25,12905.0,13181.903
2015-03-26,12930.0,13204.252
2015-03-27,13010.0,13204.465
2015-03-29,13035.0,13214.251
2015-03-30,13087.0,13208.367
2015-03-31,13060.0,13191.693
2015-04-01,12958.0,13167.703
2015-04-02,12985.0,13140.447
2015-04-05,12965.0,13112.049
2015-04-06,12945.0,13101.069
2015-04-07,12995.0,13092.917
2015-04-08,12925.0,13091.739
2015-04-09,12935.0,13100.454
2015-04-12,12890.0,13101.726
2015-04-13,13045.0,13104.391
2015-04-14,12975.0,13105.259
2015-04-15,12897.0,13107.3955
2015-04-16,12820.0,13101.931
2015-04-19,12800.0,13088.817
2015-04-20,12970.0,13076.021
2015-04-21,12925.0,13069.213
2015-04-22,12900.0,13063.357
2015-04-23,12930.0,13061.739
2015-04-26,12942.0,13049.32
2015-04-27,12927.0,13037.897
2015-04-28,12935.0,13031.128
2015-04-29,12915.0,13026.536
2015-04-30,12957.0,13018.943
2015-05-03,12975.0,13013.928
2015-05-04,12860.0,13015.409
2015-05-05,13005.0,13010.572
2015-05-06,13004.0,13017.332
2015-05-07,13095.0,13021.148
2015-05-10,13047.0,13029.447
2015-05-11,13170.0,13040.722
2015-05-12,13145.0,13036.762
2015-05-13,13102.0,13040.579
2015-05-14,13013.0,13048.357
2015-05-17,13047.0,13059.941
2015-05-18,13162.0,13072.709
2015-05-19,13168.0,13096.414
2015-05-20,13015.0,13115.535
2015-05-21,13108.0,13143.022
2015-05-24,13140.0,13155.984
2015-05-25,13173.0,13169.774
2015-05-26,13217.0,13185.996
2015-05-27,13170.0,13198.99
2015-05-28,13165.0,13198.943
2015-05-31,13200.0,13198.184
2015-06-01,13188.0,13200.58
2015-06-02,13150.0,13203.368
2015-06-03,13230.0,13213.217
2015-06-04,13275.0,13224.705
2015-06-07,13388.0,13233.114
2015-06-08,13310.0,13248.531
2015-06-09,13345.0,13256.153
2015-06-10,13205.0,13260.316
2015-06-11,13230.0,13275.167
2015-06-14,13315.0,13284.296
2015-06-15,13320.0,13300.427
2015-06-16,13340.0,13316.191
2015-06-17,13330.0,13332.861
2015-06-18,13290.0,13343.131
2015-06-21,13310.0,13355.899
2015-06-22,13302.0,13365.407
2015-06-23,13250.0,13377.25
2015-06-24,13290.0,13383.937
2015-06-25,13303.0,13390.654
2015-06-28,13322.0,13388.647
2015-06-29,13322.0,13386.797
2015-06-30,13342.0,13391.766
2015-07-01,13318.0,13388.925
2015-07-02,13260.0,13392.808
2015-07-05,13340.0,13394.053
2015-07-06,13340.0,13390.991
2015-07-07,13325.0,13390.432
2015-07-08,13335.0,13391.603
2015-07-09,13303.0,13391.42
2015-07-12,13278.0,13393.584
2015-07-13,13280.0,13396.507
2015-07-14,13305.0,13400.286
2015-07-15,13338.0,13405.096
2015-07-16,13331.0,13408.332
2015-07-19,13350.0,13409.058
2015-07-20,13340.0,13404.672
2015-07-21,13335.0,13403.9375
2015-07-22,13400.0,13400.667
2015-07-23,13430.0,13399.376
2015-07-26,13430.0,13402.018
2015-07-27,13465.0,13401.717
2015-07-28,13290.0,13402.652
2015-07-29,13460.0,13405.989
2015-07-30,13492.0,13413.036
2015-08-02,13425.0,13425.079
2015-08-03,13440.0,13437.945
2015-08-04,13485.0,13453.873
2015-08-05,13517.0,13459.893
2015-08-06,13465.0,13469.023
2015-08-09,13465.0,13482.008
2015-08-10,13467.0,13491.3
2015-08-11,13605.0,13498.205
2015-08-12,13745.0,13510.733
2015-08-13,13675.0,13514.156
2015-08-16,13715.0,13524.443
2015-08-17,13830.0,13532.3545
2015-08-18,13828.0,13533.916
2015-08-19,13748.0,13551.966
2015-08-20,13885.0,13571.612
2015-08-23,13815.0,13592.585
2015-08-24,13915.0,13618.726
2015-08-25,13800.0,13652.974
2015-08-26,13960.0,13687.722
2015-08-27,13795.0,13721.223
2015-08-30,13910.0,13762.765
2015-08-31,14000.0,13792.072
2015-09-01,13988.0,13825.297
2015-09-02,14050.0,13846.837
2015-09-03,14065.0,13865.446
2015-09-06,14190.0,13874.267
2015-09-07,14275.0,13892.929
2015-09-08,14160.0,13901.602
2015-09-09,14250.0,13919.085
2015-09-10,14235.0,13936.875
2015-09-13,14270.0,13960.579
2015-09-14,14310.0,13986.085
2015-09-15,14400.0,14020.091
2015-09-16,14377.0,14060.204
2015-09-17,14225.0,14091.09
2015-09-20,14403.0,14130.911
2015-09-21,14470.0,14162.721
2015-09-22,14595.0,14191.641
2015-09-23,14640.0,14226.334
2015-09-24,14670.0,14249.078
2015-09-27,14617.0,14269.989
2015-09-28,14697.0,14285.7705
2015-09-29,14680.0,14302.209
2015-09-30,14552.0,14333.138
2015-10-01,14665.0,14365.418
2015-10-04,14605.0,14403.704
2015-10-05,14433.0,14433.199
2015-10-06,14060.0,14473.944
2015-10-07,13865.0,14506.615
2015-10-08,13410.0,14535.092
2015-10-11,13320.0,14566.187
2015-10-12,13502.0,14581.601
2015-10-13,13650.0,14579.239
2015-10-14,13260.0,14548.78
2015-10-15,13400.0,14494.839
2015-10-18,13475.0,14411.2295
2015-10-19,13650.0,14305.868
2015-10-20,13733.0,14179.941
2015-10-21,13700.0,14045.739
2015-10-22,13478.0,13910.785
2015-10-26,13520.0,13768.782
2015-10-27,13610.0,13649.446
2015-10-28,13650.0,13586.095
2015-10-29,13602.0,13569.236
2015-10-30,13602.0,13578.268
2015-11-02,13630.0,13585.211
2015-11-03,13580.0,13610.559
2015-11-04,13395.0,13624.73
2015-11-05,13455.0,13636.701
2015-11-06,13525.0,13659.198
2015-11-09,13610.0,13669.502
2015-11-10,13645.0,13668.978
2015-11-11,13560.0,13666.363
2015-11-12,13525.0,13652.321
2015-11-13,13610.0,13638.526
2015-11-16,13743.0,13632.214
2015-11-17,13708.0,13628.389
2015-11-18,13720.0,13623.953
2015-11-19,13705.0,13618.735
2015-11-20,13655.0,13611.7
2015-11-23,13540.0,13616.766
2015-11-24,13665.0,13629.5625
2015-11-25,13620.0,13646.83
2015-11-26,13590.0,13674.386
2015-11-27,13735.0,13693.994
2015-11-30,13638.0,13708.002
2015-12-01,13883.0,13712.21
2015-12-02,13820.0,13718.892
2015-12-03,13807.0,13720.142
2015-12-04,13695.0,13719.375
2015-12-07,13758.0,13718.249
2015-12-08,13870.0,13710.04
2015-12-09,13979.0,13714.82
2015-12-10,13920.0,13729.763
2015-12-11,13925.0,13746.655
2015-12-14,14130.0,13758.547
2015-12-15,13997.0,13784.949
2015-12-16,13970.0,13797.288
2015-12-17,13760.0,13827.837
2015-12-18,14020.0,13851.042
2015-12-21,13865.0,13869.821
2015-12-22,13760.0,13900.731
2015-12-23,13645.0,13921.487
2015-12-24,13625.0,13947.156
2015-12-25,13630.0,13959.704
2015-12-28,13630.0,13978.808
2015-12-29,13495.0,13983.486
2015-12-30,13682.0,13980.791
2015-12-31,13845.0,13949.886
2016-01-01,13775.0,13920.645
2016-01-04,13775.0,13879.401
2016-01-05,13957.0,13842.114
2016-01-06,13805.0,13793.831
2016-01-07,13905.0,13756.755
2016-01-08,13930.0,13744.33
2016-01-11,13890.0,13728.604
2016-01-12,13805.0,13729.145
2016-01-13,13795.0,13750.024
2016-01-14,13847.0,13769.13
2016-01-15,13825.0,13802.6455
2016-01-18,13973.0,13837.268
2016-01-19,13925.0,13862.355
2016-01-20,13830.0,13885.529
2016-01-21,13825.0,13901.549
2016-01-22,13769.0,13896.61
2016-01-25,13747.0,13899.232
2016-01-26,13830.0,13906.562
2016-01-27,13880.0,13903.538
2016-01-28,13802.0,13905.415
2016-01-29,13765.0,13902.064
2016-02-01,13675.0,13897.401
2016-02-02,13630.0,13887.8125
2016-02-03,13730.0,13888.248
2016-02-04,13582.0,13886.197
2016-02-05,13612.0,13876.554
2016-02-08,13585.0,13870.197
2016-02-09,13676.0,13851.154
2016-02-10,13560.0,13831.359
2016-02-11,13455.0,13821.535
2016-02-12,13480.0,13803.574
2016-02-15,13465.0,13782.302
2016-02-16,13275.0,13760.159
2016-02-17,13397.0,13739.5625
2016-02-18,13500.0,13713.503
2016-02-19,13415.0,13693.692
2016-02-22,13427.0,13666.326
2016-02-23,13385.0,13647.832
2016-02-24,13410.0,13618.681
2016-02-25,13385.0,13589.433
2016-02-26,13430.0,13567.677
2016-02-29,13425.0,13543.972
2016-03-01,13365.0,13527.018
2016-03-02,13246.0,13509.927
2016-03-03,13249.0,13495.14
2016-03-04,13140.0,13493.834
2016-03-07,13028.0,13494.293
2016-03-08,13000.0,13489.684
2016-03-09,13181.0,13494.22
2016-03-10,13100.0,13482.826
2016-03-11,13130.0,13466.109
2016-03-14,12943.0,13443.48
2016-03-15,12980.0,13411.665
2016-03-16,13123.0,13372.586
2016-03-17,12770.0,13336.921
2016-03-18,12935.0,13298.018
2016-03-21,13038.0,13265.719
2016-03-22,13183.0,13226.71
2016-03-23,13101.0,13195.839
2016-03-24,13215.0,13180.889
2016-03-25,13233.0,13156.273
2016-03-27,13170.0,13131.503
2016-03-28,13278.0,13122.287
2016-03-29,13180.0,13119.98
2016-03-30,13240.0,13114.078
2016-03-31,13158.0,13132.423
2016-04-03,13127.0,13140.193
2016-04-04,13140.0,13173.986
2016-04-05,13210.0,13207.659
2016-04-06,13172.0,13232.911
2016-04-07,13172.0,13265.345
2016-04-10,13115.0,13286.315
2016-04-11,13095.0,13295.102
2016-04-12,13073.0,13288.134
2016-04-13,13145.0,13293.678
2016-04-14,13172.0,13284.667
2016-04-17,13130.0,13280.254
2016-04-18,13104.0,13272.593
2016-04-19,13086.0,13259.87
2016-04-20,13166.0,13251.063
2016-04-21,13172.0,13243.946
2016-04-24,13195.0,13240.006
2016-04-25,13190.0,13237.457
2016-04-26,13160.0,13232.079
2016-04-27,13155.0,13224.659
2016-04-28,13170.0,13223.15
2016-05-01,13175.0,13226.232
2016-05-02,13095.0,13233.264
2016-05-03,13185.0,13240.266
2016-05-04,13350.0,13247.956
2016-05-05,13345.0,13250.7295
2016-05-08,13310.0,13256.182
2016-05-09,13377.0,13260.916
2016-05-10,13298.0,13261.758
2016-05-11,13247.0,13265.092
2016-05-12,13255.0,13272.521
2016-05-15,13332.0,13285.382
2016-05-16,13320.0,13299.79
2016-05-17,13318.0,13321.314
2016-05-18,13435.0,13339.063
2016-05-19,13595.0,13356.665
2016-05-22,13605.0,13372.733
2016-05-23,13540.0,13383.796
2016-05-24,13570.0,13393.924
2016-05-25,13608.0,13400.675
2016-05-26,13549.0,13402.29
2016-05-29,13560.0,13417.792
2016-05-30,13631.0,13443.883
2016-05-31,13643.0,13471.885
2016-06-01,13610.0,13504.167
2016-06-02,13610.0,13539.268
2016-06-05,13418.0,13572.029
2016-06-06,13347.0,13599.211
2016-06-07,13227.0,13621.964
2016-06-08,13205.0,13640.258
2016-06-09,13250.0,13652.471
2016-06-12,13326.0,13657.829
2016-06-13,13321.0,13649.55
2016-06-14,13350.0,13637.22
2016-06-15,13320.0,13612.91
2016-06-16,13386.0,13576.856
2016-06-19,13332.0,13538.661
2016-06-20,13250.0,13502.426
2016-06-21,13255.0,13458.284
2016-06-22,13195.0,13426.832
2016-06-23,13250.0,13402.604
2016-06-26,13375.0,13391.475
2016-06-27,13385.0,13393.612
2016-06-28,13160.0,13397.398
2016-06-29,13139.0,13400.535
2016-06-30,13177.0,13399.457
2016-07-03,13115.0,13392.693
2016-07-04,13060.0,13389.784
2016-07-05,13160.0,13388.187
2016-07-06,13212.0,13375.807
2016-07-07,13100.0,13365.872
2016-07-10,13105.0,13349.413
2016-07-11,13120.0,13335.535
2016-07-12,13075.0,13320.284
2016-07-13,13015.0,13303.624
2016-07-14,13020.0,13286.839
2016-07-17,13062.0,13269.113
2016-07-18,13078.0,13250.484
2016-07-19,13093.0,13234.069
2016-07-20,13105.0,13226.958
2016-07-21,13111.0,13219.614
2016-07-24,13113.0,13208.327
2016-07-25,13095.0,13195.84
2016-07-26,13162.0,13189.46
2016-07-27,13098.0,13180.544
2016-07-28,13058.0,13172.292
2016-07-31,13020.0,13172.384
2016-08-01,13010.0,13175.906
2016-08-02,13092.0,13180.254
2016-08-03,13140.0,13189.813
2016-08-04,13103.0,13198.961
2016-08-07,13122.0,13203.476
2016-08-08,13105.0,13200.864
2016-08-09,13101.0,13194.655
2016-08-10,13083.0,13188.546
2016-08-11,13098.0,13187.582
2016-08-14,13106.0,13183.221
2016-08-15,13062.0,13182.951
2016-08-16,13111.0,13185.44
2016-08-17,13115.0,13185.899
2016-08-18,13109.0,13190.918
2016-08-21,13179.0,13197.106
2016-08-22,13209.0,13201.033
2016-08-23,13234.0,13203.256
2016-08-24,13258.0,13201.644
2016-08-25,13246.0,13199.499
2016-08-28,13310.0,13199.202
2016-08-29,13248.0,13203.374
2016-08-30,13283.0,13213.196
2016-08-31,13280.0,13224.518
2016-09-01,13273.0,13242.803
2016-09-04,13195.0,13260.379
2016-09-05,13125.0,13280.152
2016-09-06,13058.0,13301.826
2016-09-07,13070.0,13319.875
2016-09-08,13071.0,13335.209
2016-09-11,13176.0,13349.484
2016-09-12,13172.0,13351.601
2016-09-13,13241.0,13348.988
2016-09-14,13191.0,13332.49
2016-09-15,13144.0,13314.126
2016-09-18,13163.0,13291.839
2016-09-19,13139.0,13270.825
2016-09-20,13158.0,13253.992
2016-09-21,13058.0,13245.179
2016-09-22,13062.0,13240.308
2016-09-25,13053.0,13239.853
2016-09-26,13039.0,13243.462
2016-09-27,12917.0,13252.824
2016-09-28,12921.0,13259.903
2016-09-29,13003.0,13260.282
2016-10-02,12966.0,13253.769
2016-10-03,12962.0,13238.362
2016-10-04,13031.0,13223.838
2016-10-05,13014.0,13196.683
2016-10-06,13005.0,13172.025
2016-10-09,12967.0,13149.984
2016-10-10,12926.0,13129.353
2016-10-11,13068.0,13110.177
2016-10-12,13019.0,13097.622
2016-10-13,13044.0,13090.448
2016-10-16,13092.0,13087.904
2016-10-17,13051.0,13088.694
2016-10-18,13020.0,13084.409
2016-10-19,12972.0,13092.316
2016-10-20,13005.0,13100.535
2016-10-23,13050.0,13103.135
2016-10-24,13012.0,13112.124
2016-10-25,12976.0,13121.172
2016-10-26,13024.0,13123.228
2016-10-27,13053.0,13129.32
2016-10-31,13063.0,13129.211
2016-11-01,13013.0,13133.307
2016-11-02,13038.0,13136.744
2016-11-03,13046.0,13127.8545
2016-11-04,13068.0,13124.745
2016-11-07,13115.0,13122.396
2016-11-08,13087.0,13122.178
2016-11-09,13041.0,13123.537
2016-11-10,13137.0,13125.946
2016-11-11,13588.0,13130.564
2016-11-14,13342.0,13136.96
2016-11-15,13459.0,13143.518
2016-11-16,13313.0,13152.018
2016-11-17,13368.0,13157.262
2016-11-18,13411.0,13166.683
2016-11-21,13479.0,13201.681
2016-11-22,13412.0,13232.864
2016-11-23,13432.0,13278.182
2016-11-24,13607.0,13314.75
2016-11-25,13558.0,13353.238
2016-11-28,13480.0,13388.195
2016-11-29,13479.0,13435.943
2016-11-30,13502.0,13453.021
2016-12-01,13572.0,13480.957
2016-12-02,13518.0,13502.904
2016-12-05,13640.0,13510.314
2016-12-06,13436.0,13528.342
2016-12-07,13296.0,13540.614
2016-12-08,13277.0,13555.235
2016-12-09,13306.0,13569.219
2016-12-12,13357.0,13582.338
2016-12-13,13278.0,13592.099
2016-12-14,13280.0,13594.201
2016-12-15,13418.0,13588.147
2016-12-16,13411.0,13565.4375
2016-12-19,13383.0,13545.636
2016-12-20,13370.0,13523.604
2016-12-21,13421.0,13501.555
2016-12-22,13439.0,13468.882
2016-12-23,13449.0,13443.711
2016-12-26,13442.0,13432.919
2016-12-27,13442.0,13422.036
2016-12-28,13429.0,13426.007
2016-12-29,13490.0,13436.298
2016-12-30,13466.0,13449.37
2017-01-02,13512.0,13466.3545
2017-01-03,13506.0,13476.53
2017-01-04,13443.0,13489.085
2017-01-05,13348.0,13499.507
2017-01-06,13319.0,13507.402
2017-01-09,13351.0,13514.13
2017-01-10,13314.0,13524.264
2017-01-11,13291.0,13534.24
2017-01-12,13241.0,13539.601
2017-01-13,13258.0,13536.254
2017-01-16,13313.0,13530.069
2017-01-17,13349.0,13519.21
2017-01-18,13296.0,13505.65
2017-01-19,13370.0,13487.895
2017-01-20,13378.0,13462.009
2017-01-23,13406.0,13437.209
2017-01-24,13345.0,13415.86
2017-01-25,13342.0,13402.731
2017-01-26,13316.0,13391.865
2017-01-27,13387.0,13392.434
2017-01-30,13326.0,13396.479
2017-01-31,13338.0,13404.922
2017-02-01,13345.0,13414.55
2017-02-02,13360.0,13424.896
2017-02-03,13346.0,13430.001
2017-02-06,13338.0,13439.688
2017-02-07,13326.0,13440.731
2017-02-08,13310.0,13440.28
2017-02-09,13302.0,13438.708
2017-02-10,13288.0,13436.96
2017-02-13,13335.0,13433.461
2017-02-14,13323.0,13432.493
2017-02-15,13321.0,13429.822
2017-02-16,13316.0,13427.917
2017-02-17,13321.0,13425.761
2017-02-20,13350.0,13418.949
2017-02-21,13347.0,13416.0205
2017-02-22,13358.0,13412.563
2017-02-23,13338.0,13409.45
2017-02-24,13325.0,13405.934
2017-02-27,13324.0,13404.812
2017-02-28,13339.0,13405.31
2017-03-01,13391.0,13409.506
2017-03-02,13392.0,13413.668
2017-03-03,13373.0,13417.616
2017-03-06,13278.0,13421.199
2017-03-07,13342.0,13421.547
2017-03-08,13336.0,13423.655
2017-03-09,13368.0,13427.029
2017-03-10,13403.0,13432.114
2017-03-13,13346.0,13436.297
2017-03-14,13372.0,13434.578
2017-03-15,13390.0,13434.796
2017-03-16,13217.0,13433.756
2017-03-17,13283.0,13435.883
2017-03-20,13330.0,13438.407
2017-03-21,13332.0,13440.175
2017-03-22,13308.0,13439.151
2017-03-23,13327.0,13442.5
2017-03-24,13318.0,13436.059
2017-03-26,13320.0,13430.497
2017-03-27,13308.0,13430.516
2017-03-28,13309.0,13424.4375
2017-03-29,13303.0,13418.315
2017-03-30,13299.0,13414.747
2017-04-02,13335.0,13403.212
2017-04-03,13316.0,13403.498
2017-04-04,13332.0,13402.713
2017-04-05,13323.0,13400.223
2017-04-06,13353.0,13403.752
2017-04-09,13373.0,13404.268
2017-04-10,13271.0,13403.05
2017-04-11,13291.0,13402.04
2017-04-12,13277.0,13402.975
2017-04-13,13276.0,13403.431
2017-04-16,13287.0,13406.44
2017-04-17,13279.0,13410.669
2017-04-18,13296.0,13412.843
2017-04-19,13343.0,13411.941
2017-04-20,13317.0,13410.114
2017-04-23,13105.0,13406.487
2017-04-24,13124.0,13400.7705
2017-04-25,13303.0,13396.203
2017-04-26,13261.0,13387.333
2017-04-27,13351.0,13386.653
2017-04-30,13322.0,13385.021
2017-05-01,13325.0,13372.699
2017-05-02,13295.0,13362.568
2017-05-03,13304.0,13356.525
2017-05-04,13340.0,13351.318
2017-05-07,13315.0,13350.901
2017-05-08,13324.0,13352.61
2017-05-09,13359.0,13352.486
2017-05-10,13353.0,13357.105
2017-05-11,13312.0,13368.6045
2017-05-14,13323.0,13374.389
2017-05-15,13285.0,13392.796
2017-05-16,13274.0,13403.674
2017-05-17,13318.0,13407.339
2017-05-18,13399.0,13412.525
2017-05-21,13328.0,13412.398
2017-05-22,13296.0,13415.262
2017-05-23,13296.0,13413.313
2017-05-24,13302.0,13411.38
2017-05-25,13302.0,13410.332
2017-05-28,13288.0,13411.068
2017-05-29,13315.0,13410.212
2017-05-30,13319.0,13409.894
2017-05-31,13294.0,13406.236
2017-06-01,13288.0,13403.818
2017-06-04,13304.0,13404.172
2017-06-05,13283.0,13403.781
2017-06-06,13259.0,13401.307
2017-06-07,13313.0,13400.345
2017-06-08,13293.0,13397.898
2017-06-11,13295.0,13392.013
2017-06-12,13314.0,13390.901
2017-06-13,13282.0,13389.575
2017-06-14,13286.0,13387.633
2017-06-15,13294.0,13386.819
2017-06-18,13277.0,13384.565
2017-06-19,13286.0,13383.774
2017-06-20,13291.0,13383.87
2017-06-21,13301.0,13382.46
2017-06-22,13341.0,13381.384
2017-06-25,13284.0,13383.709
2017-06-26,13318.0,13382.057
2017-06-27,13308.0,13381.447
2017-06-28,13296.0,13382.967
2017-06-29,13278.0,13380.713
2017-07-02,13298.0,13383.076
2017-07-03,13364.0,13384.277
2017-07-04,13351.0,13385.344
2017-07-05,13363.0,13388.46
2017-07-06,13383.0,13390.877
2017-07-09,13408.0,13390.549
2017-07-11,13349.0,13392.981
2017-07-12,13363.0,13394.294
2017-07-13,13341.0,13398.9795
2017-07-16,13332.0,13403.9795
2017-07-17,13321.0,13409.321
2017-07-18,13302.0,13420.102
2017-07-19,13309.0,13427.588
2017-07-20,13303.0,13437.243
2017-07-23,13265.0,13442.194
2017-07-24,13316.0,13446.135
2017-07-25,13328.0,13446.294
2017-07-26,13329.0,13441.521
2017-07-27,13311.0,13433.54
2017-07-30,13320.0,13426.392
2017-07-31,13318.0,13415.745
2017-08-01,13317.0,13406.557
2017-08-02,13317.0,13402.45
2017-08-03,13319.0,13399.004
2017-08-06,13309.0,13397.708
2017-08-07,13315.0,13398.324
2017-08-08,13306.0,13398.02
2017-08-09,13326.0,13401.646
2017-08-10,13327.0,13403.436
2017-08-13,13351.0,13404.971
2017-08-14,13342.0,13406.509
2017-08-15,13354.0,13406.268
2017-08-16,13350.0,13404.692
2017-08-17,13372.0,13404.11
2017-08-20,13355.0,13404.745
2017-08-21,13344.0,13406.892
2017-08-22,13325.0,13408.954
2017-08-23,13351.0,13413.024
2017-08-24,13333.0,13416.583
2017-08-27,13339.0,13422.532
2017-08-28,13303.0,13427.406
2017-08-29,13333.0,13431.949
2017-08-30,13334.0,13433.732
2017-08-31,13321.0,13435.405
2017-09-03,13331.0,13434.929
2017-09-04,13353.0,13433.928
2017-09-05,13333.0,13430.084
2017-09-06,13339.0,13426.91
2017-09-07,13289.0,13423.543
2017-09-10,13197.0,13420.737
2017-09-11,13176.0,13417.865
2017-09-12,13208.0,13418.393
2017-09-13,13242.0,13417.855
2017-09-14,13262.0,13418.757
2017-09-17,13252.0,13417.4375
2017-09-18,13268.0,13409.136
2017-09-19,13256.0,13398.34
2017-09-20,13273.0,13385.447
2017-09-21,13273.0,13371.447
2017-09-24,13306.0,13359.818
2017-09-25,13319.0,13348.324
2017-09-26,13375.0,13338.275
2017-09-27,13433.0,13333.672
2017-09-28,13508.0,13333.519
2017-10-01,13465.0,13337.113
2017-10-02,13531.0,13347.028
2017-10-03,13536.0,13357.195
2017-10-04,13470.0,13370.144
2017-10-05,13451.0,13384.81
2017-10-08,13497.0,13406.499
2017-10-09,13510.0,13428.894
2017-10-10,13510.0,13456.233
2017-10-11,13510.0,13484.334
2017-10-12,13498.0,13509.362
2017-10-15,13492.0,13529.227
2017-10-16,13476.0,13547.04
2017-10-17,13495.0,13557.932
2017-10-18,13510.0,13566.838
2017-10-19,13490.0,13571.324
2017-10-22,13516.0,13569.624
2017-10-23,13535.0,13570.662
2017-10-24,13525.0,13569.76
2017-10-25,13572.0,13568.402
2017-10-26,13643.0,13570.092
2017-10-30,13588.0,13571.689
2017-10-31,13574.0,13571.665
2017-11-01,13554.0,13573.092
2017-11-02,13553.0,13574.864
2017-11-03,13543.0,13580.567
2017-11-06,13480.0,13592.27
2017-11-07,13483.0,13602.671
2017-11-08,13514.0,13614.669
2017-11-09,13503.0,13623.898
2017-11-10,13527.0,13629.604
2017-11-13,13512.0,13634.703
2017-11-14,13553.0,13634.109
2017-11-15,13545.0,13626.012
2017-11-17,13514.0,13618.914
2017-11-20,13508.0,13609.206
2017-11-21,13525.0,13598.137
2017-11-22,13519.0,13591.45
2017-11-23,13491.0,13587.452
2017-11-24,13489.0,13587.493
2017-11-27,13498.0,13589.002
2017-11-28,13511.0,13588.83
2017-11-29,13500.0,13593.148
2017-11-30,13504.0,13594.718
2017-12-01,13541.0,13594.128
2017-12-04,13560.0,13591.9
2017-12-05,13494.0,13587.37
2017-12-06,13513.0,13584.812
2017-12-07,13534.0,13580.898
2017-12-08,13553.0,13577.892
2017-12-11,13507.0,13577.988
2017-12-12,13552.0,13581.386
2017-12-13,13551.0,13582.381
2017-12-14,13540.0,13584.493
2017-12-15,13554.0,13587.712
2017-12-18,13568.0,13592.173
2017-12-19,13580.0,13594.535
2017-12-20,13575.0,13598.227
2017-12-21,13573.0,13599.453
2017-12-22,13562.0,13602.859
2017-12-25,13551.0,13605.05
2017-12-26,13532.0,13608.215
2017-12-27,13552.0,13612.904
2017-12-28,13558.0,13619.414
2017-12-29,13558.0,13623.961
2018-01-01,13542.0,13626.291
2018-01-02,13550.0,13630.393
2018-01-03,13496.0,13630.169
2018-01-04,13468.0,13629.788
2018-01-05,13415.0,13629.059
2018-01-08,13427.0,13627.719
2018-01-09,13427.0,13624.883
2018-01-10,13430.0,13622.343
2018-01-11,13441.0,13617.087
2018-01-12,13393.0,13610.6875
2018-01-15,13295.0,13599.96
2018-01-16,13305.0,13588.165
2018-01-17,13306.0,13574.626
2018-01-18,13336.0,13560.6045
2018-01-19,13334.0,13545.451
2018-01-22,13325.0,13530.874
2018-01-23,13342.0,13512.049
2018-01-24,13336.0,13493.93
2018-01-25,13298.0,13477.627
2018-01-26,13299.0,13463.4
2018-01-29,13296.0,13451.576
2018-01-30,13367.0,13439.21
2018-01-31,13421.0,13427.046
2018-02-01,13383.0,13420.753
2018-02-02,13386.0,13413.627
2018-02-05,13411.0,13410.072
2018-02-06,13564.0,13409.578
2018-02-07,13544.0,13410.938
2018-02-08,13641.0,13416.847
2018-02-09,13598.0,13421.786
2018-02-12,13610.0,13427.236
2018-02-13,13643.0,13436.79
2018-02-14,13640.0,13453.897
2018-02-15,13622.0,13475.62
2018-02-16,13552.0,13506.78
2018-02-19,13552.0,13534.8
2018-02-20,13554.0,13565.681
2018-02-21,13608.0,13592.427
2018-02-22,13612.0,13621.217
2018-02-23,13676.0,13642.62
2018-02-26,13652.0,13661.009
2018-02-27,13651.0,13668.826
2018-02-28,13694.0,13666.53
2018-03-01,13756.0,13667.242
2018-03-02,13741.0,13662.1
2018-03-05,13751.0,13663.833
2018-03-06,13737.0,13665.005
2018-03-07,13759.0,13669.384
2018-03-08,13745.0,13676.963
2018-03-09,13786.0,13692.039
2018-03-12,13772.0,13709.4
2018-03-13,13755.0,13729.632
2018-03-14,13740.0,13745.853
2018-03-15,13725.0,13759.786
2018-03-16,13758.0,13772.669
2018-03-19,13748.0,13784.474
2018-03-20,13771.0,13793.564
2018-03-21,13743.0,13802.067
2018-03-22,13705.0,13805.275
2018-03-23,13754.0,13805.065
2018-03-25,13762.0,13804.723
2018-03-26,13718.0,13804.812
2018-03-27,13740.0,13805.38
2018-03-28,13756.0,13803.44
2018-03-29,13757.0,13800.848
2018-04-01,13768.0,13797.305
2018-04-02,13748.0,13797.326
2018-04-03,13741.0,13795.146
2018-04-04,13751.0,13795.084
2018-04-05,13760.0,13795.581
2018-04-08,13763.0,13793.907
2018-04-09,13768.0,13796.502
2018-04-10,13742.099609375,13797.347
2018-04-11,13753.5,13797.047
2018-04-12,13767.0,13800.394
2018-04-15,13733.0,13801.647
2018-04-16,13766.0,13801.985
2018-04-17,13757.0,13805.386
2018-04-18,13769.0,13805.489
2018-04-19,13800.0,13805.218
2018-04-22,13899.0,13806.024
2018-04-23,13961.0,13804.913
2018-04-24,13872.0,13805.532
2018-04-25,13919.0,13806.413
2018-04-26,13879.0,13806.513
2018-04-29,13870.0,13808.76
2018-04-30,13901.0,13818.007
2018-05-01,13982.2998046875,13831.32
2018-05-02,14002.2998046875,13848.004
2018-05-03,13931.0,13865.959
2018-05-06,13933.0,13881.514
2018-05-07,14268.5,13897.217
2018-05-08,14264.099609375,13911.163
2018-05-09,14073.0,13928.159
2018-05-10,14073.0,13939.945
2018-05-13,13943.0,13952.131
2018-05-14,13963.0,13956.926
2018-05-15,14030.0,13975.518
2018-05-16,14149.2001953125,14006.206
2018-05-17,14153.5,14033.484
2018-05-20,14163.0,14059.684
2018-05-21,14220.0,14073.372
2018-05-22,14200.7998046875,14079.19
2018-05-23,14169.0,14088.562
2018-05-24,14124.0,14092.38
2018-05-27,14078.0,14092.634
2018-05-28,14010.0,14102.63
2018-05-29,14029.0,14099.276
2018-05-30,13977.0,14105.267
2018-05-31,13880.0,14122.949
2018-06-03,13938.0,14139.297
2018-06-04,13860.0,14152.93
2018-06-05,13870.0,14155.916
2018-06-06,13822.0,14152.655
2018-06-07,13863.0,14135.077
2018-06-10,13866.0,14109.339
2018-06-11,13923.0,14082.597
2018-06-12,13923.0,14049.511
2018-06-13,13923.0,14017.718
2018-06-14,14121.400390625,13988.042
2018-06-17,13923.0,13963.188
2018-06-18,13923.0,13939.845
2018-06-19,13923.0,13930.882
2018-06-20,13923.0,13920.518
2018-06-21,14088.0,13919.277
2018-06-24,14073.0,13932.865
2018-06-25,14148.0,13941.681
2018-06-26,14188.0,13953.941
2018-06-27,14235.0,13963.753
2018-06-28,14350.0,13973.042
2018-07-01,14317.0,13984.173
2018-07-02,14347.0,14002.601
2018-07-03,14353.0,14013.251
2018-07-04,14400.0,14033.319
2018-07-05,14378.7998046875,14061.688
2018-07-08,14307.0,14086.464
2018-07-09,14311.0,14130.648
2018-07-10,14375.0,14171.013
2018-07-11,14378.0,14211.673
2018-07-12,14385.0,14252.428
2018-07-15,14373.0,14280.27
2018-07-16,14365.5,14306.65
2018-07-17,14377.0,14319.806
2018-07-18,14441.0,14331.697
2018-07-19,14468.0,14339.426
2018-07-22,14473.0,14342.74
2018-07-23,14567.5,14346.464
2018-07-24,14543.2998046875,14346.503
2018-07-25,14465.0,14348.055
2018-07-26,14525.0,14353.56
2018-07-29,14411.0,14361.476
2018-07-30,14403.0,14374.681
2018-07-31,14409.2001953125,14392.129
2018-08-01,14489.0,14407.962
2018-08-02,14521.0,14421.688
2018-08-05,14486.0,14437.455
2018-08-06,14543.2998046875,14447.022
2018-08-07,14422.0,14451.153
2018-08-08,14398.0,14452.918
2018-08-09,14472.0,14451.055
2018-08-12,14473.0,14446.144
2018-08-13,14594.0,14446.269
2018-08-14,14642.0,14441.771
2018-08-15,14555.7998046875,14438.428
2018-08-16,14598.599609375,14437.304
2018-08-19,14572.0,14436.595
2018-08-20,14562.0,14441.366
2018-08-21,14570.0,14448.404
2018-08-22,14572.0,14462.701
2018-08-23,14664.0,14468.68
2018-08-26,14559.0,14477.271
2018-08-27,14551.0,14491.436
2018-08-28,14653.0,14500.025
2018-08-29,14618.0,14515.654
2018-08-30,14751.0,14529.868
2018-09-02,14723.0,14537.419
2018-09-03,14832.0,14543.953
2018-09-04,14930.0,14542.013
2018-09-05,14979.900390625,14541.404
2018-09-06,14893.0,14546.804
2018-09-09,14813.0,14555.621
2018-09-10,14844.5,14571.232
2018-09-11,14837.0,14589.793
2018-09-12,14807.0,14615.431
2018-09-13,14740.0,14653.562
2018-09-16,14807.0,14681.779
2018-09-17,14907.099609375,14716.505
2018-09-18,14867.0,14742.561
2018-09-19,14880.0,14762.058
2018-09-20,14832.0,14776.661
2018-09-23,14812.0,14776.578
2018-09-24,14861.0,14773.73
2018-09-25,15021.5,14767.667
2018-09-26,14985.0,14761.644
2018-09-27,14918.7998046875,14756.568
2018-09-30,14902.0,14756.427
2018-10-01,15053.2998046875,14757.527
2018-10-02,15038.0,14760.496
2018-10-03,15139.2001953125,14774.177
2018-10-04,15408.900390625,14787.193
2018-10-07,15173.0,14803.154
2018-10-08,15400.0,14812.427
2018-10-09,15223.0,14823.764
2018-10-10,15196.0,14839.392
2018-10-11,15299.2001953125,14863.819
2018-10-14,15198.0,14901.687
2018-10-15,15193.7998046875,14935.935
2018-10-16,15193.0,14977.558
2018-10-17,15264.2998046875,15011.432
2018-10-18,15328.5,15041.725
2018-10-21,15181.0,15072.687
2018-10-22,15264.7001953125,15104.768
2018-10-23,15183.0,15107.586
2018-10-24,15269.5,15118.72
2018-10-25,15257.2998046875,15116.745
2018-10-29,15210.0,15107.808
2018-10-30,15297.7998046875,15111.258
2018-10-31,15273.099609375,15102.856
2018-11-01,15196.0,15102.177
2018-11-02,15068.7001953125,15105.516
2018-11-05,14946.0,15105.053
2018-11-06,14921.599609375,15110.005
2018-11-07,14830.0,15109.684
2018-11-08,14598.900390625,15116.806
2018-11-09,14720.0,15112.221
2018-11-12,14678.0,15101.917
2018-11-13,14808.0,15087.792
2018-11-14,14794.2998046875,15059.315
2018-11-15,14813.2998046875,15028.366
2018-11-16,14562.2001953125,14974.721
2018-11-19,14605.0,14919.271
2018-11-20,14652.7001953125,14860.533
2018-11-21,14664.2998046875,14804.01
2018-11-22,14630.0,14758.309
2018-11-23,14600.0,14727.723
2018-11-26,14533.0,14691.077
2018-11-27,14526.900390625,14673.621
2018-11-28,14575.5,14653.354
2018-11-29,14459.7998046875,14644.208
2018-11-30,14356.0,14639.025
2018-12-03,14296.0,14628.551
2018-12-04,14339.0,14607.578
2018-12-05,14448.599609375,14586.104
2018-12-06,14431.599609375,14568.859
2018-12-07,14528.0,14547.591
2018-12-10,14463.0,14530.138
2018-12-11,14548.0,14503.553
2018-12-12,14637.400390625,14472.3
2018-12-13,14579.7998046875,14445.74
2018-12-14,14550.0,14425.544
2018-12-17,14578.0,14412.075
2018-12-18,14588.7001953125,14403.918
2018-12-19,14490.0,14405.28
2018-12-20,14493.0,14414.57
2018-12-21,14534.7998046875,14436.457
2018-12-24,14548.0,14457.618
2018-12-25,14548.0,14484.3955
2018-12-26,14710.0,14502.058
2018-12-27,14609.400390625,14510.833
2018-12-28,14561.599609375,14518.271
2018-12-31,14553.0,14515.432
2019-01-01,14460.0,14515.678
2019-01-02,14460.0,14512.367
2019-01-03,14409.7001953125,14514.61
2019-01-04,14375.400390625,14516.625
2019-01-07,14267.0,14521.98
2019-01-08,14083.0,14525.669
2019-01-09,14138.0,14524.241
2019-01-10,14130.0,14521.497
2019-01-11,14048.0,14517.27
2019-01-14,14038.0,14499.558
2019-01-15,14117.0,14472.611
2019-01-16,14111.0,14434.542
2019-01-17,14140.0,14383.339
2019-01-18,14173.0,14337.245
2019-01-21,14168.0,14288.177
2019-01-22,14307.0,14239.76
2019-01-23,14208.0,14200.397
2019-01-24,14130.900390625,14162.474
2019-01-25,14189.0,14140.645
2019-01-28,14078.0,14128.122
2019-01-29,14063.0,14123.102
2019-01-30,14074.0,14137.471
2019-01-31,14033.0,14151.584
2019-02-01,13966.0,14161.249
2019-02-04,13933.0,14174.593
2019-02-05,13957.5,14181.642
2019-02-06,13950.5,14177.519
2019-02-07,13915.0,14174.448
2019-02-08,13966.0,14159.917
2019-02-11,13958.0,14136.755
2019-02-12,14033.0,14114.827
2019-02-13,14012.7001953125,14082.833
2019-02-14,14151.0,14058.084
2019-02-15,14083.0,14037.968
2019-02-18,14136.0,14016.972
2019-02-19,14192.5,14002.879
2019-02-20,14096.5,13996.812
2019-02-21,14033.0,13994.4795
2019-02-22,14120.0,14003.975
2019-02-25,14051.0,14015.668
2019-02-26,14011.0,14037.307
2019-02-27,13960.0,14058.123
2019-02-28,14015.0,14079.938
2019-03-01,14194.0,14093.561
2019-03-04,14108.0,14109.932
2019-03-05,14205.0,14115.001
2019-03-06,14150.5,14113.671
2019-03-07,14214.5,14108.363
2019-03-08,14240.7998046875,14092.059
2019-03-11,14303.0,14087.612
2019-03-12,14283.0,14086.017
2019-03-13,14258.0,14086.765
2019-03-14,14258.0,14094.281
2019-03-15,14287.0,14110.718
2019-03-18,14251.0,14125.732
2019-03-19,14251.0,14155.86
2019-03-20,14223.0,14178.037
2019-03-21,14055.0,14206.8125
2019-03-22,14133.0,14225.201
2019-03-25,14158.0,14237.103
2019-03-26,14173.0,14249.649
2019-03-27,14163.0,14256.459
2019-03-28,14346.0,14260.449
2019-03-29,14235.0,14250.394
2019-03-31,14233.0,14238.076
2019-04-01,14240.0,14223.155
2019-04-02,14213.0,14208.998
2019-04-03,14210.0,14196.142
2019-04-04,14151.0,14195.862
2019-04-07,14112.0,14189.056
2019-04-08,14191.0,14195.285
2019-04-09,14136.0,14201.512
2019-04-10,14177.0,14208.877
2019-04-11,14138.0,14219.672
2019-04-14,14086.0,14227.559
2019-04-15,14155.5,14221.062
2019-04-16,14079.0,14215.75
2019-04-17,14078.0,14208.51
2019-04-18,14036.0,14193.971
2019-04-21,14036.0,14184.724
2019-04-22,14061.5,14173.421
2019-04-23,14061.0,14163.395
2019-04-24,14154.0,14156.781
2019-04-25,14306.5,14146.175
2019-04-28,14165.0,14137.255
2019-04-29,14191.0,14128.133
2019-04-30,14243.0,14113.131
2019-05-01,14244.2998046875,14106.052
2019-05-02,14244.0,14098.626
2019-05-05,14230.0,14106.534
2019-05-06,14286.0,14115.815
2019-05-07,14346.2998046875,14126.203
2019-05-08,14288.0,14144.353
2019-05-09,14343.0,14162.712
2019-05-12,14318.0,14183.653
2019-05-13,14497.400390625,14206.266
2019-05-14,14423.0,14218.651
2019-05-15,14540.0,14236.687
2019-05-16,14569.5,14249.754
2019-05-19,14443.0,14257.287
2019-05-20,14448.0,14271.005
2019-05-22,14518.0,14290.95
2019-05-23,14453.0,14308.881
2019-05-26,14386.0,14335.919
2019-05-27,14445.0,14360.694
2019-05-28,14468.0,14387.3955
2019-05-29,14393.0,14403.704
2019-05-30,14401.0,14425.338
2019-06-02,14268.0,14437.854
2019-06-03,14237.0,14444.75
2019-06-04,14260.0,14450.836
2019-06-05,14280.0,14442.275
2019-06-06,14256.0,14436.847
2019-06-09,14268.0,14427.72
2019-06-10,14276.0,14408.736
2019-06-11,14294.5,14390.721
2019-06-12,14262.0,14372.638
2019-06-13,14273.0,14351.528
2019-06-16,14318.0,14329.092
2019-06-17,14413.5,14313.43
2019-06-18,14289.5,14293.267
2019-06-19,14280.0,14278.733
2019-06-20,14142.0,14271.145
2019-06-23,14148.0,14266.309
2019-06-24,14183.0,14269.004
2019-06-25,14118.0,14279.7705
2019-06-26,14215.5,14285.713
2019-06-27,14184.5,14290.719
2019-06-30,14121.0,14286.128
2019-07-01,14150.0,14278.555
2019-07-02,14196.0,14268.1045
2019-07-03,14178.5,14254.353
2019-07-04,14150.0,14237.896
2019-07-07,14076.0,14223.071
2019-07-08,14187.0,14202.707
2019-07-09,14236.0,14184.101
2019-07-10,14161.5,14178.7295
2019-07-11,14124.0,14171.503
2019-07-14,14000.0,14174.95
2019-07-15,13913.0,14171.439
2019-07-16,14008.5,14167.333
2019-07-17,14023.0,14172.287
2019-07-18,13970.0,14171.869
2019-07-21,13941.0,14169.787
2019-07-22,13997.0,14163.785
2019-07-23,14039.0,14145.431
2019-07-24,14027.5,14129.748
2019-07-25,14052.7001953125,14113.066
2019-07-28,13997.0,14090.846
2019-07-29,14066.0,14071.474
2019-07-30,14066.400390625,14048.734
2019-07-31,14165.0,14029.324
2019-08-01,14329.0,14023.285
2019-08-04,14173.0,14022.191
2019-08-05,14248.0,14024.0625
2019-08-06,14258.0,14033.651
2019-08-07,14274.5,14040.962
2019-08-08,14236.5,14053.754
2019-08-11,14183.0,14077.016
2019-08-12,14241.0,14101.746
2019-08-13,14232.7998046875,14124.7295
2019-08-14,14238.0,14149.64
2019-08-15,14333.0,14174.883
2019-08-18,14228.0,14196.122
2019-08-19,14337.2998046875,14219.841
2019-08-20,14326.099609375,14227.004
2019-08-21,14275.0,14237.443
2019-08-22,14228.0,14240.338
2019-08-25,14206.0,14240.539
2019-08-26,14253.7998046875,14244.5625
2019-08-27,14343.7998046875,14248.702
2019-08-28,14311.2998046875,14256.847
2019-08-29,14231.0,14262.814
2019-09-01,14178.0,14265.524
2019-09-02,14265.0,14272.349
2019-09-03,14260.7001953125,14268.048
2019-09-04,14146.0,14273.36
2019-09-05,14172.2998046875,14275.644
2019-09-08,14088.0,14270.199
2019-09-09,14024.0,14265.855
2019-09-10,14095.7998046875,14259.292
2019-09-11,14106.400390625,14255.93
2019-09-12,13983.0,14251.32
2019-09-15,13958.0,14244.781
2019-09-16,14170.2998046875,14230.931
2019-09-17,14126.7998046875,14209.543
2019-09-18,14126.0,14188.578
2019-09-19,14158.0,14169.121
2019-09-22,14048.0,14144.565
2019-09-23,14078.0,14123.882
2019-09-24,14177.2998046875,14106.739
2019-09-25,14211.2998046875,14093.669
2019-09-26,14236.7998046875,14093.772
2019-09-29,14158.0,14096.708
2019-09-30,14219.400390625,14097.292
2019-10-01,14206.0,14101.401
2019-10-02,14188.0,14113.762
2019-10-03,14166.0,14121.95
2019-10-06,14128.0,14138.3545
2019-10-07,14239.5,14155.915
