,Close,Close_Forecast
2002-02-13,10188.0,10413.139
2002-02-14,10230.0,10408.801
2002-02-15,10247.0,10405.412
2002-02-18,10235.0,10399.791
2002-02-19,10185.0,10394.547
2002-02-20,10187.0,10387.291
2002-02-21,10205.0,10379.755
2002-02-22,10215.0,10371.199
2002-02-25,10178.0,10362.214
2002-02-26,10175.0,10353.523
2002-02-27,10183.0,10344.391
2002-02-28,10150.0,10335.213
2002-03-01,10100.0,10325.563
2002-03-05,9985.0,10315.946
2002-03-06,9955.0,10305.914
2002-03-07,9943.0,10295.32
2002-03-08,10015.0,10285.068
2002-03-11,9945.0,10275.541
2002-03-12,9970.0,10264.813
2002-03-13,9975.0,10255.368
2002-03-14,9967.0,10248.155
2002-03-15,9995.0,10239.218
2002-03-18,9970.0,10229.554
2002-03-19,9965.0,10218.3955
2002-03-20,9892.0,10205.906
2002-03-21,9870.0,10191.966
2002-03-22,9825.0,10175.891
2002-03-25,9705.0,10160.916
2002-03-26,9575.0,10145.737
2002-03-27,9660.0,10131.731
2002-03-28,9825.0,10117.557
2002-04-01,9770.0,10103.571
2002-04-02,9803.0,10087.938
2002-04-03,9655.0,10072.923
2002-04-04,9585.0,10057.36
2002-04-07,9547.0,10042.683
2002-04-08,9665.0,10026.317
2002-04-09,9580.0,10008.259
2002-04-10,9550.0,9987.646
2002-04-11,9545.0,9965.292
2002-04-14,9395.0,9942.542
2002-04-15,9433.0,9918.693
2002-04-16,9430.0,9896.461
2002-04-17,9390.0,9875.35
2002-04-18,9320.0,9857.63
2002-04-21,9352.0,9839.857
2002-04-22,9430.0,9822.749
2002-04-23,9325.0,9803.09
2002-04-24,9370.0,9783.602
2002-04-25,9305.0,9761.1045
2002-04-28,9325.0,9735.019
2002-04-29,9330.0,9709.856
2002-05-01,9340.0,9683.351
2002-05-02,9310.0,9657.5205
2002-05-05,9289.0,9629.935
2002-05-06,9290.0,9603.961
2002-05-07,9290.0,9578.268
2002-05-09,9285.0,9554.456
2002-05-12,9277.0,9535.965
2002-05-13,9270.0,9520.316
2002-05-14,9240.0,9500.238
2002-05-15,9150.0,9473.313
2002-05-16,9090.0,9448.93
2002-05-19,9040.0,9423.172
2002-05-20,9035.0,9404.888
2002-05-21,9065.0,9389.048
2002-05-22,8945.0,9373.584
2002-05-23,8957.5,9355.566
2002-05-26,8905.0,9340.452
2002-05-27,8867.5,9326.927
2002-05-28,8850.0,9313.521
2002-05-29,8843.0,9305.023
2002-05-30,8697.5,9293.255
2002-06-02,8545.0,9280.205
2002-06-03,8650.0,9267.622
2002-06-04,8925.0,9255.732
2002-06-05,9045.0,9241.441
2002-06-06,8875.0,9222.358
2002-06-09,8730.0,9206.439
2002-06-10,8775.0,9186.087
2002-06-11,8715.0,9167.563
2002-06-12,8751.0,9145.997
2002-06-13,8660.0,9123.344
2002-06-16,8688.0,9097.108
2002-06-17,8655.0,9070.803
2002-06-18,8695.0,9046.539
2002-06-19,8597.5,9023.139
2002-06-20,8630.0,8999.484
2002-06-23,8585.0,8975.989
2002-06-24,8657.5,8952.63
2002-06-25,8680.0,8929.321
2002-06-26,8640.0,8910.007
2002-06-27,8713.0,8893.795
2002-06-30,8710.0,8881.287
2002-07-01,8805.0,8870.821
2002-07-02,8965.0,8860.27
2002-07-03,8855.0,8848.979
2002-07-04,8860.0,8842.261
2002-07-07,8900.0,8835.162
2002-07-08,8910.0,8830.712
2002-07-09,8907.5,8829.347
2002-07-10,9135.0,8828.132
2002-07-11,9075.0,8827.493
2002-07-14,9047.5,8833.418
2002-07-15,9040.0,8844.766
2002-07-16,8965.0,8852.624
2002-07-17,8870.0,8851.465
2002-07-18,8775.0,8848.353
2002-07-21,8817.5,8848.73
2002-07-22,9005.0,8852.919
2002-07-23,9062.5,8855.721
2002-07-24,9005.0,8859.833
2002-07-25,9150.0,8863.476
2002-07-28,9250.0,8870.96
2002-07-29,9115.0,8879.238
2002-07-30,9064.5,8888.346
2002-07-31,9155.0,8897.782
2002-08-01,9075.0,8910.922
2002-08-04,9087.5,8923.234
2002-08-05,9085.0,8936.323
2002-08-06,9060.0,8947.193
2002-08-07,8990.0,8957.844
2002-08-08,8990.0,8968.501
2002-08-11,8850.0,8977.816
2002-08-12,8880.0,8986.581
2002-08-13,8775.0,8994.954
2002-08-14,8857.5,8999.585
2002-08-15,8815.0,9007.381
2002-08-18,8847.5,9014.781
2002-08-19,8845.0,9020.942
2002-08-20,8875.0,9025.258
2002-08-21,8845.0,9029.393
2002-08-22,8887.5,9025.041
2002-08-25,8930.0,9020.698
2002-08-26,8887.5,9017.041
2002-08-27,8886.0,9012.079
2002-08-28,8865.0,9007.972
2002-08-29,8855.0,9008.528
2002-09-01,8851.0,9011.895
2002-09-02,8842.5,9012.882
2002-09-03,8870.0,9005.657
2002-09-04,8863.0,8996.711
2002-09-05,8870.0,8988.942
2002-09-08,8825.0,8974.125
2002-09-09,8871.0,8955.8125
2002-09-10,8893.0,8944.032
2002-09-11,8919.5,8933.713
2002-09-12,8975.0,8920.893
2002-09-15,9050.0,8911.8
2002-09-16,9060.0,8905.25
2002-09-17,9000.0,8900.905
2002-09-18,9025.0,8897.956
2002-09-19,9032.5,8897.658
2002-09-29,8994.0,8897.864
2002-09-30,9000.0,8902.102
2002-10-01,9007.0,8905.598
2002-10-02,9014.5,8911.611
2002-10-03,9014.5,8915.362
2002-10-06,9015.0,8920.042
2002-10-07,9005.0,8923.809
2002-10-08,8996.5,8928.684
2002-10-09,9010.0,8933.271
2002-10-10,9007.0,8938.443
2002-10-13,9345.0,8942.601
2002-10-14,9290.0,8948.306
2002-10-15,9194.0,8955.699
2002-10-16,9175.0,8963.487
2002-10-17,9214.0,8972.711
2002-10-20,9193.0,8982.015
2002-10-21,9200.0,8992.4375
2002-10-22,9215.0,9003.473
2002-10-23,9215.0,9014.317
2002-10-24,9240.0,9025.061
2002-10-28,9224.0,9035.218
2002-10-29,9250.0,9047.618
2002-10-30,9227.0,9060.752
2002-10-31,9230.0,9072.624
2002-11-01,9225.0,9083.358
2002-11-04,9211.5,9092.347
2002-11-05,9205.0,9099.972
2002-11-06,9211.0,9106.17
2002-11-07,9205.0,9114.282
2002-11-08,9193.0,9121.424
2002-11-11,9147.0,9127.38
2002-11-12,9075.0,9134.9375
2002-11-13,9047.0,9142.669
2002-11-14,9022.5,9150.251
2002-11-15,9027.0,9157.061
2002-11-18,8995.0,9164.593
2002-11-19,8965.0,9173.086
2002-11-20,8967.5,9180.547
2002-11-21,9020.0,9188.619
2002-11-22,8985.0,9194.733
2002-11-25,8975.0,9199.451
2002-11-26,8987.5,9190.742
2002-11-27,8935.0,9183.931
2002-11-28,8982.5,9178.958
2002-11-29,8977.5,9173.667
2002-12-02,8977.5,9165.924
2002-12-03,8980.0,9157.572
2002-12-04,8990.0,9147.978
2002-12-05,8990.0,9136.937
2002-12-06,8990.0,9125.797
2002-12-09,8977.5,9113.116
2002-12-11,8885.0,9100.835
2002-12-12,8867.5,9086.678
2002-12-13,8875.0,9073.169
2002-12-16,8815.0,9059.106
2002-12-17,8880.0,9045.195
2002-12-18,8890.0,9031.772
2002-12-19,8895.0,9019.279
2002-12-20,8888.0,9006.96
2002-12-23,8895.0,8996.169
2002-12-24,8890.0,8985.93
2002-12-27,8917.5,8977.39
2002-12-30,8950.0,8971.447
2002-12-31,8950.0,8966.373
2003-01-02,8920.0,8960.907
2003-01-03,8927.5,8954.973
2003-01-06,8934.5,8950.585
2003-01-07,8925.0,8946.943
2003-01-08,8930.0,8943.664
2003-01-09,8932.5,8940.059
2003-01-10,8917.5,8937.576
2003-01-13,8880.0,8936.082
2003-01-14,8872.5,8933.425
2003-01-15,8865.0,8932.122
2003-01-16,8860.0,8929.226
2003-01-17,8870.0,8926.979
2003-01-20,8875.0,8924.749
2003-01-21,8880.0,8922.085
2003-01-22,8855.0,8919.302
2003-01-23,8886.5,8916.657
2003-01-24,8892.5,8913.864
2003-01-27,8892.5,8911.928
2003-01-28,8855.0,8911.771
2003-01-29,8850.0,8912.006
2003-01-30,8870.0,8911.945
2003-01-31,8870.0,8913.184
2003-02-03,8876.0,8912.496
2003-02-04,8870.0,8911.517
2003-02-05,8867.0,8910.254
2003-02-06,8869.0,8909.406
2003-02-07,8868.5,8908.741
2003-02-10,8865.0,8908.086
2003-02-11,8965.0,8906.611
2003-02-13,8945.0,8904.479
2003-02-14,8920.0,8902.708
2003-02-17,8905.0,8902.195
2003-02-18,8877.5,8901.448
2003-02-19,8880.0,8900.272
2003-02-20,8845.0,8899.442
2003-02-21,8915.5,8898.061
2003-02-24,8895.0,8896.891
2003-02-25,8887.5,8896.219
2003-02-26,8887.5,8896.424
2003-02-27,8897.5,8896.719
2003-02-28,8883.5,8897.188
2003-03-03,8883.5,8898.074
2003-03-04,8830.0,8898.879
2003-03-05,8845.0,8899.294
2003-03-06,8866.0,8899.741
2003-03-07,8885.0,8900.079
2003-03-10,8883.0,8899.676
2003-03-11,8882.5,8899.267
2003-03-12,8892.5,8898.862
2003-03-13,8905.0,8899.247
2003-03-14,8917.5,8899.765
2003-03-17,8970.0,8900.049
2003-03-18,9040.0,8900.578
2003-03-19,9087.5,8901.937
2003-03-20,9020.0,8904.944
2003-03-21,8972.5,8908.4
2003-03-24,8950.0,8911.949
2003-03-25,8952.5,8915.198
2003-03-26,8915.0,8918.199
2003-03-27,8900.0,8917.912
2003-03-28,8912.5,8917.54
2003-03-30,8901.5,8917.841
2003-03-31,8885.0,8918.213
2003-04-01,8884.0,8919.546
2003-04-02,8894.5,8921.814
2003-04-03,8892.5,8925.138
2003-04-06,8884.0,8926.656
2003-04-07,8877.5,8928.849
2003-04-08,8864.5,8931.012
2003-04-09,8853.0,8932.742
2003-04-10,8877.5,8933.107
2003-04-13,8854.5,8933.476
2003-04-14,8842.5,8933.211
2003-04-15,8807.5,8933.87
2003-04-16,8725.0,8934.37
2003-04-20,8680.0,8934.084
2003-04-21,8740.0,8933.222
2003-04-22,8775.0,8932.233
2003-04-23,8727.5,8931.5
2003-04-24,8740.0,8930.339
2003-04-27,8738.0,8928.422
2003-04-28,8707.5,8925.773
2003-04-30,8675.0,8920.498
2003-12-01,8498.400390625,8912.7705
2003-12-02,8486.099609375,8903.128
2003-12-03,8467.900390625,8894.962
2003-12-04,8492.5,8888.957
2003-12-05,8469.099609375,8883.698
2003-12-08,8492.7001953125,8878.011
2003-12-09,8474.2998046875,8873.21
2003-12-10,8502.2001953125,8868.786
2003-12-11,8442.2001953125,8863.069
2003-12-12,8471.400390625,8857.178
2003-12-15,8461.2001953125,8852.033
2003-12-16,8479.2998046875,8846.162
2003-12-17,8478.7001953125,8839.192
2003-12-18,8459.900390625,8831.134
2003-12-19,8488.599609375,8823.2
2003-12-22,8498.2998046875,8815.616
2003-12-23,8497.400390625,8809.459
2003-12-24,8501.2001953125,8803.454
2003-12-25,8493.7001953125,8796.4795
2003-12-26,8497.900390625,8789.47
2003-12-29,8463.0,8782.113
2003-12-30,8453.7998046875,8776.427
2003-12-31,8404.2998046875,8773.765
2004-01-01,8336.7998046875,8770.952
2004-01-02,8445.400390625,8766.757
2004-01-05,8369.7998046875,8761.865
2004-01-06,8361.7998046875,8757.943
2004-01-07,8369.2998046875,8754.046
2004-01-08,8338.0,8750.131
2004-01-09,8319.099609375,8747.16
2004-01-12,8340.0,8744.935
2004-01-13,8289.599609375,8744.678
2004-01-14,8380.7998046875,8744.31
2004-01-15,8360.400390625,8744.135
2004-01-16,8349.7001953125,8743.596
2004-01-19,8391.599609375,8743.033
2004-01-20,8392.7001953125,8741.854
2004-01-21,8372.7998046875,8740.877
2004-01-22,8398.2998046875,8739.625
2004-01-23,8417.0,8739.039
2004-01-26,8503.400390625,8738.193
2004-01-27,8426.7001953125,8737.314
2004-01-28,8535.7998046875,8736.326
2004-01-29,8413.400390625,8735.328
2004-01-30,8442.400390625,8735.331
2004-02-02,8452.2998046875,8735.173
2004-02-03,8460.7998046875,8735.027
2004-02-04,8449.400390625,8734.889
2004-02-05,8470.900390625,8734.825
2004-02-06,8451.400390625,8734.714
2004-02-09,8427.7001953125,8734.239
2004-02-10,8416.5,8734.086
2004-02-11,8407.2998046875,8734.068
2004-02-12,8398.400390625,8734.164
2004-02-13,8410.900390625,8735.328
2004-02-16,8391.2001953125,8735.027
2004-02-17,8391.900390625,8735.287
2004-02-18,8449.099609375,8735.43
2004-02-19,8394.7001953125,8735.284
2004-02-20,8451.7998046875,8735.58
2004-02-23,8438.0,8735.846
2004-02-24,8457.599609375,8736.093
2004-02-25,8439.400390625,8736.782
2004-02-26,8466.7001953125,8736.971
2004-02-27,8412.7998046875,8737.183
2004-03-01,8451.5,8737.529
2004-03-02,8521.5,8737.373
2004-03-03,8495.7001953125,8737.29
2004-03-04,8563.7001953125,8737.804
2004-03-05,8622.099609375,8738.332
2004-03-08,8543.7001953125,8739.165
2004-03-09,8620.2998046875,8739.249
2004-03-10,8575.099609375,8740.332
2004-03-11,8567.0,8740.473
2004-03-12,8633.0,8742.1455
2004-03-15,8614.900390625,8743.692
2004-03-16,8620.5,8744.923
2004-03-17,8645.900390625,8746.028
2004-03-18,8533.2001953125,8747.167
2004-03-19,8616.2998046875,8747.933
2004-03-22,8561.5,8748.988
2004-03-23,8562.900390625,8750.167
2004-03-24,8707.2001953125,8751.643
2004-03-25,8711.7998046875,8752.952
2004-03-26,8717.599609375,8754.512
2004-03-28,8688.2001953125,8756.375
2004-03-29,8676.099609375,8758.103
2004-03-30,8585.5,8760.313
2004-03-31,8549.400390625,8762.0625
2004-04-01,8716.099609375,8763.952
2004-04-04,8799.2001953125,8765.298
2004-04-05,8714.0,8766.827
2004-04-06,8584.0,8768.025
2004-04-07,8597.599609375,8769.691
2004-04-08,8591.900390625,8771.505
2004-04-11,8601.7998046875,8774.199
2004-04-12,8593.2001953125,8776.698
2004-04-13,8610.7001953125,8778.341
2004-04-14,8623.099609375,8780.411
2004-04-15,8609.7998046875,8781.369
2004-04-18,8606.7998046875,8781.731
2004-04-19,8660.7001953125,8782.851
2004-04-20,8676.599609375,8783.282
2004-04-21,8624.900390625,8784.178
2004-04-22,8608.5,8784.719
2004-04-25,8611.599609375,8784.203
2004-04-26,8625.2998046875,8783.736
2004-04-27,8681.7001953125,8783.641
2004-04-28,8694.900390625,8783.597
2004-04-29,8665.5,8785.024
2004-05-02,8700.400390625,8785.272
2004-05-03,8698.099609375,8786.7705
2004-05-04,8690.7001953125,8788.572
2004-05-05,8702.400390625,8788.089
2004-05-06,8803.2001953125,8787.993
2004-05-09,8980.400390625,8787.681
2004-05-10,8964.7998046875,8787.869
2004-05-11,8903.599609375,8789.397
2004-05-12,8994.900390625,8792.764
2004-05-13,9031.099609375,8797.616
2004-05-16,8989.900390625,8799.433
2004-05-17,9052.400390625,8800.446
2004-05-18,9046.599609375,8803.543
2004-05-19,9013.599609375,8810.822
2004-05-20,9042.2998046875,8818.012
2004-05-23,9114.5,8826.116
2004-05-24,9255.2998046875,8834.8545
2004-05-25,9247.599609375,8845.697
2004-05-26,9248.099609375,8857.026
2004-05-27,9262.0,8868.995
2004-05-30,9256.900390625,8882.005
2004-05-31,9345.7998046875,8895.045
2004-06-01,9458.900390625,8909.032
2004-06-02,9442.5,8927.523
2004-06-03,9455.7998046875,8947.544
2004-06-06,9293.599609375,8969.369
2004-06-07,9241.5,8990.166
2004-06-08,9282.7001953125,9011.825
2004-06-09,9348.7001953125,9032.433
2004-06-10,9370.7998046875,9052.158
2004-06-13,9373.599609375,9073.184
2004-06-14,9388.099609375,9093.402
2004-06-15,9412.599609375,9115.407
2004-06-16,9407.599609375,9138.736
2004-06-17,9388.5,9161.514
2004-06-20,9379.900390625,9182.361
2004-06-21,9380.7001953125,9197.933
2004-06-22,9419.599609375,9214.268
2004-06-23,9397.5,9231.938
2004-06-24,9379.900390625,9246.784
2004-06-27,9420.0,9260.772
2004-06-28,9398.0,9275.794
2004-06-29,9409.099609375,9289.34
2004-06-30,9302.5,9303.173
2004-07-01,9121.7998046875,9317.808
2004-07-04,9139.099609375,9330.606
2004-07-05,9000.7001953125,9340.273
2004-07-06,8993.5,9344.881
2004-07-07,8977.099609375,9350.072
2004-07-08,8880.7001953125,9354.845
2004-07-11,8791.5,9358.719
2004-07-12,8929.7001953125,9361.095
2004-07-13,8964.0,9359.973
2004-07-14,8962.0,9354.897
2004-07-15,8901.7001953125,9348.49
2004-07-18,8950.400390625,9340.793
2004-07-19,8975.7998046875,9336.245
2004-07-20,9000.2998046875,9330.569
2004-07-21,9037.599609375,9321.55
2004-07-22,9083.0,9306.632
2004-07-25,9133.5,9288.068
2004-07-26,9066.7998046875,9267.917
2004-07-27,9115.5,9247.173
2004-07-28,9173.5,9225.459
2004-07-29,9141.5,9203.659
2004-08-01,9141.400390625,9183.298
2004-08-02,9168.099609375,9167.829
2004-08-03,9194.2998046875,9154.147
2004-08-04,9178.7998046875,9136.942
2004-08-05,9140.400390625,9118.283
2004-08-08,9171.900390625,9098.178
2004-08-09,9200.5,9076.554
2004-08-10,9257.099609375,9057.849
2004-08-11,9248.2001953125,9044.48
2004-08-12,9238.2001953125,9038.082
2004-08-15,9278.900390625,9041.383
2004-08-16,9282.400390625,9045.235
2004-08-17,9254.599609375,9053.485
2004-08-18,9234.400390625,9063.206
2004-08-19,9211.5,9073.906
2004-08-22,9280.400390625,9086.061
2004-08-23,9253.5,9100.884
2004-08-24,9274.7001953125,9111.688
2004-08-25,9296.5,9122.557
2004-08-26,9308.2998046875,9134.079
2004-08-29,9329.900390625,9147.475
2004-08-30,9361.5,9160.036
2004-08-31,9307.0,9171.878
2004-09-01,9262.7001953125,9183.979
2004-09-02,9275.2001953125,9193.8
2004-09-05,9279.599609375,9201.506
2004-09-06,9273.7998046875,9207.975
2004-09-07,9280.7998046875,9216.116
2004-09-08,9241.2998046875,9222.395
2004-09-09,9266.5,9226.536
2004-09-12,9220.099609375,9231.524
2004-09-13,9102.400390625,9236.621
2004-09-14,9113.900390625,9241.048
2004-09-15,8993.400390625,9245.203
2004-09-16,9038.7998046875,9248.911
2004-09-19,9022.2998046875,9253.848
2004-09-20,8991.599609375,9257.439
2004-09-21,9149.5,9259.403
2004-09-22,9121.7001953125,9259.033
2004-09-23,9106.099609375,9258.155
2004-09-26,9168.400390625,9257.182
2004-09-27,9229.7998046875,9253.466
2004-09-28,9172.0,9248.678
2004-09-29,9147.0,9243.606
2004-09-30,9149.5,9237.271
2004-10-03,9089.599609375,9230.696
2004-10-04,9088.7998046875,9220.523
2004-10-05,9084.7998046875,9211.643
2004-10-06,9087.900390625,9201.452
2004-10-07,9083.7998046875,9191.849
2004-10-10,9074.099609375,9182.245
2004-10-11,9120.5,9171.053
2004-10-12,9121.7001953125,9159.109
2004-10-13,9098.2998046875,9149.092
2004-10-14,9080.400390625,9141.603
2004-10-17,9122.0,9133.539
2004-10-18,9068.900390625,9124.93
2004-10-19,9077.5,9116.517
2004-10-20,9093.7998046875,9108.27
2004-10-21,9044.0,9101.131
2004-10-24,9056.7998046875,9094.221
2004-10-25,9087.2998046875,9088.535
2004-10-26,9112.0,9088.095
2004-10-27,9100.0,9088.154
2004-10-28,9078.099609375,9091.532
2004-11-01,9086.2998046875,9094.289
2004-11-02,9090.900390625,9097.076
2004-11-03,9096.599609375,9100.301
2004-11-04,9067.2001953125,9097.481
2004-11-05,9055.099609375,9095.448
2004-11-08,8936.0,9093.45
2004-11-09,8975.2998046875,9088.41
2004-11-10,9043.599609375,9081.784
2004-11-11,9057.400390625,9077.733
2004-11-12,8980.099609375,9075.014
2004-11-15,8992.7998046875,9072.004
2004-11-16,8984.2998046875,9071.101
2004-11-17,8986.2998046875,9070.151
2004-11-18,9010.900390625,9069.271
2004-11-19,8981.2998046875,9068.057
2004-11-22,8997.099609375,9065.949
2004-11-23,8972.900390625,9063.368
2004-11-24,8962.2001953125,9058.347
2004-11-25,8943.7998046875,9053.555
2004-11-26,8992.0,9049.097
2004-11-29,9007.099609375,9044.9
2004-11-30,9018.2998046875,9039.496
2004-12-01,8991.099609375,9035.333
2004-12-02,9029.099609375,9031.778
2004-12-03,9009.900390625,9027.276
2004-12-06,9063.099609375,9024.604
2004-12-07,9083.7998046875,9021.303
2004-12-08,9149.2001953125,9017.285
2004-12-09,9159.2001953125,9013.813
2004-12-10,9254.2998046875,9012.4
2004-12-13,9266.0,9012.465
2004-12-14,9300.0,9013.624
2004-12-15,9236.7001953125,9016.011
2004-12-16,9263.7998046875,9018.976
2004-12-17,9269.5,9024.131
2004-12-20,9289.5,9030.325
2004-12-21,9314.2998046875,9040.768
2004-12-22,9313.2998046875,9050.158
2004-12-23,9266.900390625,9057.855
2004-12-24,9249.7998046875,9065.348
2004-12-27,9271.099609375,9075.044
2004-12-28,9328.0,9085.099
2004-12-29,9305.7001953125,9096.279
2004-12-30,9318.5,9107.719
2004-12-31,9359.0,9118.448
2005-01-03,9282.599609375,9131.003
2005-01-04,9286.400390625,9142.471
2005-01-05,9278.2001953125,9154.944
2005-01-06,9300.900390625,9167.403
2005-01-07,9289.0,9180.798
2005-01-10,9277.099609375,9191.957
2005-01-11,9271.099609375,9202.7295
2005-01-12,9187.599609375,9213.411
2005-01-13,9133.2001953125,9224.787
2005-01-14,9156.599609375,9234.739
2005-01-17,9126.2001953125,9245.738
2005-01-18,9150.599609375,9254.339
2005-01-19,9161.2001953125,9262.402
2005-01-20,9147.7998046875,9267.086
2005-01-21,9143.2001953125,9271.594
2005-01-24,9142.900390625,9271.64
2005-01-25,9145.2998046875,9270.841
2005-01-26,9130.400390625,9268.45
2005-01-27,9144.7001953125,9267.024
2005-01-28,9143.599609375,9263.476
2005-01-31,9157.599609375,9258.615
2005-02-01,9230.0,9252.216
2005-02-02,9177.7998046875,9244.415
2005-02-03,9186.0,9235.974
2005-02-04,9187.2001953125,9229.414
2005-02-07,9212.5,9222.887
2005-02-08,9278.900390625,9215.075
2005-02-09,9273.900390625,9207.563
2005-02-10,9268.7998046875,9202.158
2005-02-11,9268.2001953125,9197.202
2005-02-14,9242.2001953125,9191.266
2005-02-15,9268.599609375,9188.129
2005-02-16,9286.2998046875,9184.861
2005-02-17,9280.900390625,9181.75
2005-02-18,9240.5,9179.392
2005-02-21,9262.5,9177.331
2005-02-22,9187.400390625,9175.686
2005-02-23,9199.2998046875,9175.238
2005-02-24,9246.0,9177.291
2005-02-25,9255.900390625,9181.388
2005-02-28,9258.2998046875,9184.849
2005-03-01,9286.2998046875,9189.286
2005-03-02,9269.900390625,9193.226
2005-03-03,9283.900390625,9196.995
2005-03-04,9333.5,9201.739
2005-03-07,9322.5,9206.704
2005-03-08,9376.7998046875,9212.367
2005-03-09,9328.900390625,9218.751
2005-03-10,9358.2001953125,9225.149
2005-03-11,9357.2001953125,9231.947
2005-03-14,9366.7998046875,9238.911
2005-03-15,9348.2001953125,9245.534
2005-03-16,9334.599609375,9250.085
2005-03-17,9360.0,9256.064
2005-03-18,9352.2001953125,9262.424
2005-03-21,9405.0,9268.309
2005-03-22,9394.2998046875,9273.714
2005-03-23,9406.0,9277.392
2005-03-24,9407.0,9281.061
2005-03-25,9405.2001953125,9285.154
2005-03-27,9445.0,9289.573
2005-03-28,9516.0,9295.483
2005-03-29,9506.0,9301.043
2005-03-30,9465.0,9306.838
2005-03-31,9462.0,9313.138
2005-04-03,9474.2998046875,9320.916
2005-04-04,9477.7998046875,9328.833
2005-04-05,9471.7001953125,9339.661
2005-04-06,9492.400390625,9349.765
2005-04-07,9479.599609375,9358.554
2005-04-10,9485.0,9366.794
2005-04-11,9480.0,9375.223
2005-04-12,9479.599609375,9383.077
2005-04-13,9512.400390625,9391.206
2005-04-14,9526.2001953125,9399.172
2005-04-17,9562.0,9405.013
2005-04-18,9562.0,9412.175
2005-04-19,9564.0,9417.872
2005-04-20,9675.0,9425.572
2005-04-21,9672.0,9433.312
2005-04-24,9740.0,9441.826
2005-04-25,9676.7001953125,9451.631
2005-04-26,9550.099609375,9462.515
2005-04-27,9565.900390625,9473.637
2005-04-28,9555.0,9483.447
2005-05-01,9520.7001953125,9492.713
2005-05-02,9519.2998046875,9500.467
2005-05-03,9505.0,9507.728
2005-05-04,9503.900390625,9513.683
2005-05-05,9482.0,9519.858
2005-05-08,9473.5,9526.534
2005-05-09,9448.0,9532.309
2005-05-10,9448.0,9535.482
2005-05-11,9465.0,9538.57
2005-05-12,9473.599609375,9542.984
2005-05-15,9460.5,9546.778
2005-05-16,9420.0,9549.971
2005-05-17,9422.0,9551.338
2005-05-18,9437.400390625,9551.588
2005-05-19,9437.0,9550.728
2005-05-22,9455.0,9549.417
2005-05-23,9467.0,9547.579
2005-05-24,9466.900390625,9545.695
2005-05-25,9481.599609375,9542.998
2005-05-26,9468.599609375,9538.551
2005-05-29,9480.5,9533.125
2005-05-30,9508.0,9526.606
2005-05-31,9562.2998046875,9519.049
2005-06-01,9565.0,9512.227
2005-06-02,9576.900390625,9503.646
2005-06-05,9576.900390625,9495.5625
2005-06-06,9532.7001953125,9486.316
2005-06-07,9583.099609375,9480.376
2005-06-08,9615.0,9479.522
2005-06-09,9586.900390625,9479.029
2005-06-12,9610.0,9479.397
2005-06-13,9605.0,9481.391
2005-06-14,9592.0,9483.265
2005-06-15,9621.599609375,9486.259
2005-06-16,9584.900390625,9489.791
2005-06-19,9657.599609375,9494.126
2005-06-20,9648.0,9499.516
2005-06-21,9645.0,9505.473
2005-06-22,9637.2001953125,9512.096
2005-06-23,9638.7998046875,9518.504
2005-06-26,9649.599609375,9524.762
2005-06-27,9695.599609375,9532.069
2005-06-28,9693.2001953125,9540.823
2005-06-29,9753.400390625,9550.167
2005-06-30,9792.900390625,9559.704
2005-07-03,9855.0,9569.718
2005-07-04,9872.0,9580.718
2005-07-05,9772.0,9592.222
2005-07-06,9785.2001953125,9604.128
2005-07-07,9789.5,9615.869
2005-07-10,9743.7998046875,9627.96
2005-07-11,9750.0,9639.419
2005-07-12,9784.599609375,9649.435
2005-07-13,9792.599609375,9657.523
2005-07-14,9777.5,9665.552
2005-07-17,9784.599609375,9672.956
2005-07-18,9780.7998046875,9681.124
2005-07-19,9813.0,9690.918
2005-07-20,9758.400390625,9699.018
2005-07-21,9778.5,9706.008
2005-07-24,9810.0,9713.937
2005-07-25,9805.2001953125,9721.848
2005-07-26,9830.0,9729.551
2005-07-27,9830.0,9737.887
2005-07-28,9798.7998046875,9745.048
2005-07-31,9780.0,9753.001
2005-08-01,9738.7998046875,9758.344
2005-08-02,9737.2998046875,9764.073
2005-08-03,9710.5,9770.048
2005-08-04,9733.900390625,9775.741
2005-08-07,9773.7001953125,9781.554
2005-08-08,9785.0,9787.36
2005-08-09,9762.0,9790.91
2005-08-10,9780.0,9793.66
2005-08-11,9793.0,9794.081
2005-08-14,9875.0,9792.667
2005-08-15,9890.0,9789.486
2005-08-16,9895.0,9786.471
2005-08-17,9965.099609375,9788.8955
2005-08-18,9981.5,9791.492
2005-08-21,10000.0,9794.612
2005-08-22,10048.0,9800.453
2005-08-23,10260.0,9807.405
2005-08-24,10318.0,9815.541
2005-08-25,10393.0,9825.472
2005-08-28,10730.0,9838.667
2005-08-29,10289.0,9856.295
2005-08-30,9929.099609375,9874.735
2005-08-31,10153.0,9890.365
2005-09-01,10353.0,9907.2
2005-09-04,10285.0,9924.828
2005-09-05,10526.0,9942.449
2005-09-06,10369.0,9959.969
2005-09-07,10340.0,9977.674
2005-09-08,10182.0,9995.649
2005-09-11,10079.0,10014.329
2005-09-12,10080.0,10035.164
2005-09-13,10000.0,10057.676
2005-09-14,10034.0,10077.171
2005-09-15,10145.0,10096.944
2005-09-18,10145.0,10117.076
2005-09-19,10222.0,10136.509
2005-09-20,10225.0,10155.586
2005-09-21,10318.0,10175.045
2005-09-22,10221.0,10193.703
2005-09-25,10205.0,10209.681
2005-09-26,10268.0,10222.666
2005-09-27,10365.0,10235.047
2005-09-28,10315.0,10245.77
2005-09-29,10286.0,10252.614
2005-10-02,10295.0,10262.638
2005-10-03,10186.0,10272.919
2005-10-04,9997.900390625,10278.781
2005-10-05,10025.0,10274.685
2005-10-06,10026.0,10267.289
2005-10-09,10068.0,10257.565
2005-10-10,10045.0,10238.715
2005-10-11,10101.0,10237.709
2005-10-12,10114.0,10247.303
2005-10-13,10116.0,10249.156
2005-10-16,10116.0,10241.59
2005-10-17,10075.0,10236.134
2005-10-18,10075.0,10221.565
2005-10-19,10064.0,10210.849
2005-10-20,10077.0,10201.06
2005-10-23,10070.0,10196.191
2005-10-24,9972.0,10194.57
2005-10-25,9980.099609375,10192.008
2005-10-26,10005.0,10191.41
2005-10-27,10034.0,10189.3955
2005-10-31,10120.0,10183.6045
2005-11-01,10007.0,10178.157
2005-11-02,10032.0,10170.707
2005-11-03,10044.0,10162.983
2005-11-04,10075.0,10151.036
2005-11-07,10075.0,10142.785
2005-11-08,10090.0,10134.855
2005-11-09,9905.0,10123.789
2005-11-10,10026.0,10109.232
2005-11-11,9956.0,10096.682
2005-11-14,9945.0,10085.347
2005-11-15,10000.0,10075.768
2005-11-16,10000.0,10069.518
2005-11-17,10010.0,10070.102
2005-11-18,10060.0,10069.094
2005-11-21,10032.0,10068.831
2005-11-22,10027.0,10067.131
2005-11-23,10031.0,10065.898
2005-11-24,10056.0,10061.825
2005-11-25,10058.0,10057.2705
2005-11-28,10035.0,10053.198
2005-11-29,10030.0,10050.005
2005-11-30,10010.0,10047.859
2005-12-01,9998.7001953125,10045.404
2005-12-02,9985.099609375,10042.765
2005-12-05,9945.2998046875,10040.345
2005-12-06,9898.7001953125,10038.525
2005-12-07,9917.599609375,10039.573
2005-12-08,9770.0,10040.208
2005-12-09,9676.2001953125,10039.623
2005-12-12,9746.099609375,10038.131
2005-12-13,9751.0,10033.557
2005-12-14,9830.900390625,10032.449
2005-12-15,9829.099609375,10029.517
2005-12-16,9868.900390625,10026.408
2005-12-19,9835.5,10020.4
2005-12-20,9845.0,10014.237
2005-12-21,9874.0,10006.751
2005-12-22,9830.0,10004.32
2005-12-23,9845.0,9995.221
2005-12-26,9871.599609375,9987.009
2005-12-27,9820.0,9977.135
2005-12-28,9868.7001953125,9964.875
2005-12-29,9815.599609375,9952.334
2005-12-30,9806.2001953125,9940.099
2006-01-02,9826.900390625,9928.098
2006-01-03,9648.900390625,9917.141
2006-01-04,9623.0,9906.529
2006-01-05,9582.400390625,9896.096
2006-01-06,9528.900390625,9884.955
2006-01-09,9458.7001953125,9874.516
2006-01-10,9442.0,9864.338
2006-01-11,9383.0,9854.231
2006-01-12,9335.0,9844.986
2006-01-13,9249.2998046875,9834.6
2006-01-16,9358.900390625,9824.968
2006-01-17,9453.599609375,9816.23
2006-01-18,9485.0,9807.387
2006-01-19,9387.0,9798.151
2006-01-20,9411.2001953125,9791.249
2006-01-23,9438.0,9785.259
2006-01-24,9478.0,9773.619
2006-01-25,9345.0,9759.653
2006-01-26,9358.0,9739.853
2006-01-27,9398.400390625,9717.233
2006-01-30,9375.599609375,9692.053
2006-01-31,9355.099609375,9668.177
2006-02-01,9310.0,9643.845
2006-02-02,9347.5,9617.062
2006-02-03,9280.2998046875,9590.467
2006-02-06,9330.7001953125,9562.513
2006-02-07,9185.0,9533.305
2006-02-08,9262.0,9505.995
2006-02-09,9225.0,9479.617
2006-02-10,9218.400390625,9456.57
2006-02-13,9226.0,9433.727
2006-02-14,9190.5,9413.313
2006-02-15,9212.900390625,9399.667
2006-02-16,9185.2001953125,9386.78
2006-02-17,9204.0,9374.748
2006-02-20,9226.0,9364.283
2006-02-21,9241.900390625,9356.266
2006-02-22,9244.2998046875,9348.568
2006-02-23,9260.0,9343.383
2006-02-24,9274.599609375,9337.735
2006-02-27,9297.099609375,9335.15
2006-02-28,9232.599609375,9326.51
2006-03-01,9242.7001953125,9314.569
2006-03-02,9106.400390625,9300.343
2006-03-03,9170.2001953125,9290.74
2006-03-06,9172.0,9280.705
2006-03-07,9239.2001953125,9270.436
2006-03-08,9302.0,9258.69
2006-03-09,9300.0,9252.871
2006-03-10,9198.900390625,9246.647
2006-03-13,9226.5,9238.271
2006-03-14,9165.0,9232.3545
2006-03-15,9093.7001953125,9227.041
2006-03-16,9105.7998046875,9224.135
2006-03-17,9113.7001953125,9218.0
2006-03-20,9133.5,9214.262
2006-03-21,9172.400390625,9208.823
2006-03-22,9081.5,9208.943
2006-03-23,9089.0,9206.876
2006-03-24,9058.0,9205.537
2006-03-26,9017.099609375,9204.372
2006-03-27,9064.400390625,9203.099
2006-03-28,9115.5,9202.619
2006-03-29,9064.400390625,9201.328
2006-03-30,9035.7001953125,9199.216
2006-04-02,8998.400390625,9195.213
2006-04-03,8953.0,9189.381
2006-04-04,8978.099609375,9182.166
2006-04-05,9011.2998046875,9174.56
2006-04-06,8988.7001953125,9165.544
2006-04-09,8959.2001953125,9156.402
2006-04-10,8958.099609375,9145.954
2006-04-11,8983.599609375,9138.456
2006-04-12,8981.0,9130.327
2006-04-13,8984.2998046875,9126.275
2006-04-16,8953.2998046875,9118.52
2006-04-17,8911.900390625,9109.615
2006-04-18,8872.0,9097.155
2006-04-19,8920.7001953125,9082.126
2006-04-20,8873.900390625,9067.923
2006-04-23,8818.7001953125,9057.202
2006-04-24,8807.099609375,9045.379
2006-04-25,8784.2001953125,9035.895
2006-04-26,8766.2998046875,9029.127
2006-04-27,8762.7998046875,9022.23
2006-04-30,8824.2001953125,9013.924
2006-05-01,8770.599609375,9004.917
2006-05-02,8766.7998046875,8994.716
2006-05-03,8764.099609375,8987.507
2006-05-04,8777.0,8979.605
2006-05-07,8748.0,8971.953
2006-05-08,8710.599609375,8964.83
2006-05-09,8724.7998046875,8954.954
2006-05-10,8682.7998046875,8942.657
2006-05-11,8752.0,8931.962
2006-05-14,9104.7998046875,8923.285
2006-05-15,9188.599609375,8915.95
2006-05-16,8978.900390625,8910.457
2006-05-17,9124.900390625,8904.316
2006-05-18,9189.2001953125,8897.779
2006-05-21,9242.7001953125,8895.045
2006-05-22,9304.7001953125,8897.717
2006-05-23,9343.2998046875,8903.067
2006-05-24,9323.400390625,8908.712
2006-05-25,9303.2001953125,8915.28
2006-05-28,9293.400390625,8921.615
2006-05-29,9184.5,8928.743
2006-05-30,9270.7001953125,8938.119
2006-05-31,9323.7998046875,8949.167
2006-06-01,9247.900390625,8958.721
2006-06-04,9299.5,8969.031
2006-06-05,9341.2001953125,8982.15
2006-06-06,9357.5,8998.539
2006-06-07,9472.2001953125,9018.741
2006-06-08,9376.5,9039.907
2006-06-11,9392.5,9059.982
2006-06-12,9510.099609375,9078.913
2006-06-13,9470.599609375,9101.103
2006-06-14,9364.2001953125,9123.084
2006-06-15,9270.7001953125,9143.858
2006-06-18,9318.2001953125,9163.228
2006-06-19,9310.7998046875,9184.886
2006-06-20,9257.099609375,9205.745
2006-06-21,9314.5,9228.731
2006-06-22,9360.2998046875,9253.403
2006-06-25,9300.0,9274.761
2006-07-02,9050.0,9285.531
2006-07-17,9211.2998046875,9293.824
2006-07-18,9140.2998046875,9308.933
2006-07-19,9155.2998046875,9318.702
2006-07-20,9114.900390625,9324.093
2006-07-23,9159.0,9326.827
2006-07-24,9159.7001953125,9326.473
2006-07-25,9046.900390625,9324.37
2006-07-26,9059.400390625,9322.308
2006-07-27,9021.0,9321.052
2006-07-30,9074.2001953125,9318.179
2006-07-31,9069.599609375,9318.169
2006-08-01,9104.2001953125,9315.043
2006-08-02,9083.099609375,9309.107
2006-08-03,9062.7001953125,9304.028
2006-08-06,9077.2998046875,9295.69
2006-08-07,9121.0,9285.238
2006-08-08,9062.0,9270.704
2006-08-09,9087.400390625,9251.359
2006-08-10,9065.900390625,9234.85
2006-08-13,9079.099609375,9218.694
2006-08-14,9085.599609375,9195.87
2006-08-15,9095.5,9175.483
2006-08-16,9087.0,9160.928
2006-08-17,9047.7001953125,9149.533
2006-08-20,9065.7998046875,9135.441
2006-08-21,9051.2001953125,9123.013
2006-08-22,9103.0,9114.283
2006-08-23,9176.400390625,9102.382
2006-08-24,9134.0,9090.76
2006-08-27,9123.099609375,9082.364
2006-08-28,9058.7001953125,9083.604
2006-08-29,9089.5,9078.155
2006-08-30,9104.0,9075.923
2006-08-31,9085.2001953125,9074.091
2006-09-03,9069.7001953125,9072.762
2006-09-04,9097.599609375,9070.391
2006-09-05,9097.2998046875,9068.118
2006-09-06,9093.099609375,9069.774
2006-09-07,9119.599609375,9071.247
2006-09-10,9104.099609375,9073.875
2006-09-11,9147.900390625,9074.995
2006-09-12,9141.0,9076.145
2006-09-13,9142.7001953125,9076.768
2006-09-14,9112.099609375,9078.666
2006-09-17,9073.400390625,9080.623
2006-09-18,9142.2001953125,9081.9
2006-09-19,9150.7001953125,9081.789
2006-09-20,9117.2001953125,9083.743
2006-09-21,9150.599609375,9084.985
2006-09-24,9233.5,9086.981
2006-09-25,9214.5,9089.559
2006-09-26,9196.7998046875,9092.187
2006-09-27,9207.2001953125,9095.185
2006-09-28,9209.7001953125,9099.136
2006-10-01,9183.2998046875,9104.651
2006-10-02,9164.400390625,9109.094
2006-10-03,9196.7998046875,9113.325
2006-10-04,9193.0,9116.177
2006-10-05,9261.2001953125,9116.409
2006-10-08,9262.2998046875,9118.571
2006-10-09,9314.0,9121.91
2006-10-10,9227.7998046875,9128.501
2006-10-11,9197.0,9133.834
2006-10-12,9202.5,9138.633
2006-10-15,9175.0,9144.427
2006-10-16,9155.599609375,9149.88
2006-10-17,9121.400390625,9154.178
2006-10-18,9112.5,9157.783
2006-10-19,9109.599609375,9161.308
2006-10-22,9156.099609375,9163.918
2006-10-23,9157.099609375,9167.46
2006-10-24,9148.599609375,9170.321
2006-10-25,9147.7001953125,9173.055
2006-10-26,9092.2998046875,9175.522
2006-10-30,9099.099609375,9179.338
2006-10-31,9083.099609375,9183.712
2006-11-01,9090.900390625,9184.684
2006-11-02,9093.400390625,9184.467
2006-11-03,9103.400390625,9184.322
2006-11-06,9111.099609375,9181.921
2006-11-07,9109.2001953125,9176.49
2006-11-08,9103.7001953125,9172.069
2006-11-09,9106.7001953125,9168.262
2006-11-10,9111.400390625,9163.767
2006-11-13,9105.7998046875,9159.455
2006-11-14,9120.0,9155.849
2006-11-15,9170.7998046875,9152.713
2006-11-16,9193.7998046875,9147.295
2006-11-17,9145.400390625,9142.436
2006-11-20,9149.400390625,9135.374
2006-11-21,9129.099609375,9128.923
2006-11-22,9123.900390625,9120.95
2006-11-23,9114.400390625,9117.105
2006-11-24,9134.7001953125,9114.395
2006-11-27,9126.7001953125,9111.491
2006-11-28,9163.099609375,9109.792
2006-11-29,9162.7998046875,9108.602
2006-11-30,9155.400390625,9109.154
2006-12-01,9149.2001953125,9110.338
2006-12-04,9130.5,9111.274
2006-12-05,9094.2998046875,9110.717
2006-12-06,9100.099609375,9109.903
2006-12-07,9103.2001953125,9109.504
2006-12-08,9020.2998046875,9108.964
2006-12-11,9084.0,9110.23
2006-12-12,9064.2001953125,9111.152
2006-12-13,9056.2001953125,9112.339
2006-12-14,9051.5,9113.67
2006-12-15,9056.2001953125,9114.905
2006-12-18,9054.5,9115.653
2006-12-19,9113.2998046875,9115.936
2006-12-20,9109.2001953125,9116.17
2006-12-21,9053.0,9116.259
2006-12-22,9087.099609375,9115.303
2006-12-25,9086.7998046875,9113.586
2006-12-26,9065.2998046875,9111.427
2006-12-27,9063.900390625,9107.941
2006-12-28,9035.900390625,9102.717
2006-12-29,8980.7001953125,9096.544
2007-01-01,8965.7001953125,9092.754
2007-01-02,8987.5,9089.246
2007-01-03,8952.5,9086.599
2007-01-04,9007.2001953125,9083.767
2007-01-05,9015.599609375,9081.692
2007-01-08,9023.599609375,9078.032
2007-01-09,9037.7001953125,9074.199
2007-01-10,9051.2001953125,9068.933
2007-01-11,9109.2001953125,9063.899
2007-01-12,9106.400390625,9058.551
2007-01-15,9099.7001953125,9053.143
2007-01-16,9068.400390625,9048.203
2007-01-17,9104.599609375,9043.947
2007-01-18,9081.099609375,9042.15
2007-01-19,9073.7001953125,9041.036
2007-01-22,9066.2001953125,9042.678
2007-01-23,9065.400390625,9042.46
2007-01-24,9057.599609375,9042.605
2007-01-25,9038.900390625,9042.786
2007-01-26,9096.5,9042.92
2007-01-29,9100.0,9042.77
2007-01-30,9086.400390625,9042.411
2007-01-31,9031.2001953125,9040.569
2007-02-01,9071.599609375,9038.874
2007-02-02,9057.2001953125,9039.357
2007-02-05,9047.2998046875,9038.497
2007-02-06,9039.099609375,9037.821
2007-02-07,9011.7001953125,9037.637
2007-02-08,9035.7998046875,9037.557
2007-02-09,9043.400390625,9038.566
2007-02-12,9073.900390625,9041.483
2007-02-13,9067.2001953125,9045.4375
2007-02-14,9077.099609375,9048.218
2007-02-15,9038.599609375,9052.046
2007-02-16,9040.7001953125,9054.073
2007-02-19,9030.400390625,9055.565
2007-02-20,9052.5,9056.639
2007-02-21,9058.400390625,9056.462
2007-02-22,9071.5,9055.897
2007-02-23,9075.400390625,9053.079
2007-02-26,9043.0,9050.897
2007-02-27,9092.599609375,9048.915
2007-02-28,9124.2001953125,9048.521
2007-03-01,9142.2998046875,9047.042
2007-03-02,9173.400390625,9047.485
2007-03-05,9262.5,9048.837
2007-03-06,9203.7001953125,9051.102
2007-03-07,9170.900390625,9054.381
2007-03-08,9156.2998046875,9057.748
2007-03-09,9161.2998046875,9061.736
2007-03-12,9167.7998046875,9063.877
2007-03-13,9209.099609375,9066.328
2007-03-14,9219.7001953125,9069.047
2007-03-15,9183.0,9074.228
2007-03-16,9210.400390625,9078.191
2007-03-19,9185.2001953125,9082.743
2007-03-20,9151.0,9088.287
2007-03-21,9057.2998046875,9094.324
2007-03-22,9098.400390625,9100.021
2007-03-23,9105.599609375,9104.131
2007-03-25,9090.599609375,9108.325
2007-03-26,9099.400390625,9111.483
2007-03-27,9142.099609375,9114.946
2007-03-28,9116.5,9118.581
2007-03-29,9081.0,9123.173
2007-04-01,9114.7001953125,9127.477
2007-04-02,9108.2998046875,9132.239
2007-04-03,9112.0,9136.249
2007-04-04,9084.099609375,9139.093
2007-04-05,9104.5,9140.8955
2007-04-08,9090.599609375,9142.087
2007-04-09,9107.5,9143.79
2007-04-10,9101.099609375,9142.98
2007-04-11,9087.900390625,9141.49
2007-04-12,9080.5,9137.995
2007-04-15,9107.400390625,9133.846
2007-04-16,9074.7998046875,9127.007
2007-04-17,9065.2001953125,9123.302
2007-04-18,9072.900390625,9120.095
2007-04-19,9097.2998046875,9116.933
2007-04-22,9078.2001953125,9113.655
2007-04-23,9073.099609375,9109.452
2007-04-24,9070.2001953125,9103.299
2007-04-25,9074.2001953125,9097.236
2007-04-26,9031.0,9093.273
2007-04-29,9102.2001953125,9087.97
2007-04-30,9067.2001953125,9083.931
2007-05-01,9067.7998046875,9081.499
2007-05-02,9041.2998046875,9082.2295
2007-05-03,8946.7001953125,9080.98
2007-05-06,8948.2001953125,9079.471
2007-05-07,8871.5,9078.23
2007-05-08,8805.599609375,9076.134
2007-05-09,8759.7998046875,9073.002
2007-05-10,8777.2001953125,9070.118
2007-05-13,8791.5,9068.537
2007-05-14,8791.0,9065.664
2007-05-15,8797.099609375,9062.937
2007-05-16,8785.400390625,9059.814
2007-05-17,8807.2998046875,9056.677
2007-05-20,8741.5,9052.167
2007-05-21,8753.7001953125,9046.683
2007-05-22,8719.400390625,9038.437
2007-05-23,8783.900390625,9029.194
2007-05-24,8782.2998046875,9019.022
2007-05-27,8780.2998046875,9008.281
2007-05-28,8783.599609375,8996.046
2007-05-29,8827.2998046875,8984.89
2007-05-30,8818.900390625,8973.576
2007-05-31,8817.599609375,8961.984
2007-06-03,8766.7001953125,8948.837
2007-06-04,8746.599609375,8937.388
2007-06-05,8804.2001953125,8925.965
2007-06-06,8870.5,8914.794
2007-06-07,9096.400390625,8902.578
2007-06-10,9072.2001953125,8891.553
2007-06-11,9105.900390625,8882.046
2007-06-12,9065.599609375,8875.505
2007-06-13,9091.599609375,8870.905
2007-06-14,9030.400390625,8868.834
2007-06-17,9005.2001953125,8871.323
2007-06-18,9000.5,8874.063
2007-06-19,8943.2998046875,8878.563
2007-06-20,8946.0,8883.343
2007-06-21,8991.2998046875,8888.26
2007-06-24,8994.0,8892.077
2007-06-25,9083.5,8895.7705
2007-06-26,9064.900390625,8899.95
2007-06-27,9084.7998046875,8905.039
2007-06-28,9025.099609375,8911.491
2007-07-01,9005.2001953125,8918.997
2007-07-02,9000.400390625,8928.458
2007-07-03,8998.400390625,8937.63
2007-07-04,9005.2998046875,8946.039
2007-07-05,9037.2001953125,8952.52
2007-07-08,9014.2001953125,8958.459
2007-07-09,8963.0,8964.318
2007-07-10,9031.400390625,8970.274
2007-07-11,9049.0,8974.893
2007-07-12,9014.7001953125,8981.249
2007-07-15,9038.099609375,8988.443
2007-07-16,9032.2001953125,8996.296
2007-07-17,9087.0,9007.167
2007-07-18,9092.900390625,9014.69
2007-07-19,9070.2001953125,9020.241
2007-07-22,9078.099609375,9017.751
2007-07-23,9028.7998046875,9016.644
2007-07-24,9082.2998046875,9014.104
2007-07-25,9062.7998046875,9013.303
2007-07-26,9138.599609375,9012.604
2007-07-29,9187.099609375,9014.65
2007-07-30,9213.599609375,9018.197
2007-07-31,9294.0,9022.631
2007-08-01,9273.599609375,9030.201
2007-08-02,9220.7998046875,9038.607
2007-08-05,9213.099609375,9045.821
2007-08-06,9250.0,9053.315
2007-08-07,9209.099609375,9057.719
2007-08-08,9296.0,9063.105
2007-08-09,9286.900390625,9068.16
2007-08-12,9350.099609375,9075.905
2007-08-13,9402.599609375,9084.925
2007-08-14,9437.2998046875,9094.916
2007-08-15,9457.2998046875,9106.932
2007-08-16,9464.5,9120.114
2007-08-19,9383.7001953125,9133.4
2007-08-20,9441.5,9147.529
2007-08-21,9378.7998046875,9163.3545
2007-08-22,9351.599609375,9177.389
2007-08-23,9381.599609375,9189.959
2007-08-26,9401.599609375,9203.632
2007-08-27,9427.5,9216.128
2007-08-28,9376.5,9229.21
2007-08-29,9420.5,9240.5625
2007-08-30,9454.5,9252.726
2007-09-02,9471.2001953125,9266.763
2007-09-03,9370.0,9280.782
2007-09-04,9396.900390625,9296.373
2007-09-05,9383.2998046875,9309.697
2007-09-06,9395.900390625,9322.783
2007-09-10,9401.599609375,9332.699
2007-09-11,9355.7001953125,9340.894
2007-09-12,9403.2998046875,9347.836
2007-09-13,9357.900390625,9351.688
2007-09-16,9383.7001953125,9356.8955
2007-09-17,9307.5,9364.091
2007-09-18,9207.099609375,9372.211
2007-09-19,9144.2001953125,9378.32
2007-09-20,9155.099609375,9385.257
2007-09-23,9127.7001953125,9388.733
2007-09-24,9148.099609375,9391.998
2007-09-25,9142.7001953125,9392.204
2007-09-26,9126.900390625,9390.308
2007-09-27,9093.5,9385.86
2007-09-30,9112.0,9380.719
2007-10-01,9077.400390625,9374.88
2007-10-02,9125.099609375,9370.997
2007-10-03,9123.400390625,9363.66
2007-10-04,9050.400390625,9356.404
2007-10-07,9106.099609375,9349.052
2007-10-08,9057.099609375,9339.004
2007-10-09,9081.599609375,9327.253
2007-10-10,9041.900390625,9312.88
2007-10-11,9042.900390625,9299.571
2007-10-14,9057.2998046875,9283.073
2007-10-15,9075.7998046875,9265.226
2007-10-16,9050.2998046875,9246.691
2007-10-17,9000.0,9232.106
2007-10-18,9055.599609375,9215.027
2007-10-21,9131.0,9198.051
2007-10-22,9135.5,9179.878
2007-10-23,9158.7998046875,9161.897
2007-10-24,9117.2001953125,9145.731
2007-10-25,9112.7001953125,9128.294
2007-10-29,9063.2001953125,9113.676
2007-10-30,9090.2998046875,9100.269
2007-10-31,9087.7998046875,9090.953
2007-11-01,9087.7998046875,9085.962
2007-11-02,9049.5,9083.712
2007-11-05,9135.5,9080.406
2007-11-06,9102.7998046875,9078.233
2007-11-07,9133.5,9075.517
2007-11-08,9125.599609375,9073.771
2007-11-09,9107.900390625,9072.668
2007-11-12,9203.2998046875,9073.192
2007-11-13,9141.2998046875,9073.958
2007-11-14,9223.400390625,9075.503
2007-11-15,9241.099609375,9077.355
2007-11-16,9013.900390625,9078.933
2007-11-19,9313.7001953125,9081.538
2007-11-20,9310.599609375,9083.77
2007-11-21,9372.400390625,9088.972
2007-11-22,9374.900390625,9094.878
2007-11-23,9408.7998046875,9103.068
2007-11-27,9386.599609375,9111.902
2007-11-28,9383.7001953125,9122.318
2007-11-29,9370.599609375,9131.575
2007-11-30,9370.5,9143.408
2007-12-03,9319.599609375,9156.656
2007-12-04,9286.099609375,9166.31
2007-12-05,9297.099609375,9172.564
2007-12-06,9247.7998046875,9179.093
2007-12-07,9270.2001953125,9185.302
2007-12-10,9259.0,9192.84
2007-12-11,9287.7001953125,9199.736
2007-12-12,9258.099609375,9210.218
2007-12-13,9298.2001953125,9218.636
2007-12-14,9314.7998046875,9228.876
2007-12-17,9329.0,9238.625
2007-12-19,9410.7001953125,9248.765
2007-12-20,9444.2001953125,9255.656
2007-12-21,9405.0,9263.374
2007-12-24,9405.7001953125,9271.205
2007-12-25,9406.0,9279.326
2007-12-26,9347.0,9288.861
2007-12-27,9416.900390625,9296.771
2007-12-28,9385.0,9305.475
2007-12-31,9459.900390625,9313.214
2008-01-01,9445.599609375,9320.106
2008-01-02,9390.7998046875,9334.346
2008-01-03,9417.099609375,9336.426
2008-01-04,9441.7998046875,9339.699
2008-01-07,9439.5,9340.878
2008-01-08,9424.7001953125,9342.467
2008-01-09,9426.400390625,9342.666
2008-01-10,9425.400390625,9343.95
2008-01-11,9420.400390625,9345.253
2008-01-14,9370.099609375,9346.712
2008-01-15,9442.900390625,9348.715
2008-01-16,9515.400390625,9352.59
2008-01-17,9457.900390625,9358.362
2008-01-18,9444.7998046875,9364.112
2008-01-21,9574.5,9371.879
2008-01-22,9455.5,9379.896
2008-01-23,9340.400390625,9388.395
2008-01-24,9338.599609375,9395.326
2008-01-25,9337.5,9401.921
2008-01-28,9336.900390625,9406.621
2008-01-29,9346.599609375,9410.255
2008-01-30,9252.5,9413.273
2008-01-31,9209.900390625,9413.387
2008-02-01,9210.400390625,9412.628
2008-02-04,9219.400390625,9412.708
2008-02-05,9210.2001953125,9414.151
2008-02-06,9247.0,9415.215
2008-02-07,9336.5,9417.116
2008-02-08,9231.900390625,9415.1875
2008-02-11,9278.7001953125,9413.585
2008-02-12,9227.400390625,9408.573
2008-02-13,9264.5,9402.29
2008-02-14,9202.7001953125,9396.722
2008-02-15,9173.2998046875,9388.528
2008-02-18,9187.7001953125,9378.123
2008-02-19,9154.099609375,9367.924
2008-02-20,9139.099609375,9358.311
2008-02-21,9082.599609375,9348.851
2008-02-22,9164.7998046875,9337.858
2008-02-25,9158.2998046875,9326.989
2008-02-26,9037.2001953125,9317.585
2008-02-27,9036.7998046875,9304.865
2008-02-28,9059.2001953125,9290.626
2008-02-29,9039.400390625,9278.22
2008-03-03,9092.400390625,9265.113
2008-03-04,9093.599609375,9247.374
2008-03-05,9078.7001953125,9234.557
2008-03-06,9016.2001953125,9225.0
2008-03-07,9036.400390625,9215.239
2008-03-10,9180.099609375,9205.188
2008-03-11,9151.599609375,9194.265
2008-03-12,9119.0,9182.436
2008-03-13,9183.2001953125,9174.471
2008-03-14,9228.2998046875,9167.687
2008-03-18,9259.2998046875,9160.73
2008-03-19,9188.599609375,9153.863
2008-03-20,9161.0,9149.559
2008-03-21,9031.2998046875,9144.674
2008-03-24,9168.099609375,9135.755
2008-03-25,9169.2001953125,9131.003
2008-03-26,9146.400390625,9124.627
2008-03-27,9182.900390625,9120.014
2008-03-28,9220.7001953125,9114.433
2008-03-30,9223.599609375,9110.805
2008-04-01,9185.7001953125,9110.205
2008-04-02,9199.099609375,9110.135
2008-04-03,9158.5,9111.707
2008-04-06,9185.900390625,9114.222
2008-04-07,9198.7001953125,9117.333
2008-04-08,9221.599609375,9117.827
2008-04-09,9179.599609375,9120.225
2008-04-10,9180.7998046875,9125.938
2008-04-13,9181.7001953125,9130.997
2008-04-14,9183.599609375,9134.817
2008-04-15,9187.5,9140.253
2008-04-16,9191.5,9144.324
2008-04-17,9175.0,9148.612
2008-04-20,9163.2001953125,9154.048
2008-04-21,9120.7998046875,9160.321
2008-04-22,9204.2998046875,9165.308
2008-04-23,9191.2001953125,9166.051
2008-04-24,9220.2998046875,9167.311
2008-04-27,9338.2998046875,9168.873
2008-04-28,9210.099609375,9168.7
2008-04-29,9354.5,9168.317
2008-05-01,9212.0,9167.57
2008-05-04,9195.7001953125,9169.985
2008-05-05,9207.599609375,9173.487
2008-05-06,9218.2998046875,9180.642
2008-05-07,9207.599609375,9182.51
2008-05-08,9213.599609375,9185.005
2008-05-11,9183.7998046875,9187.101
2008-05-12,9239.900390625,9187.675
2008-05-13,9290.5,9187.922
2008-05-14,9313.900390625,9187.97
2008-05-15,9228.2001953125,9190.759
2008-05-18,9257.7998046875,9192.691
2008-05-19,9183.7998046875,9196.464
2008-05-20,9375.2001953125,9198.448
2008-05-21,9408.5,9200.241
2008-05-22,9295.400390625,9203.69
2008-05-25,9297.7998046875,9207.437
2008-05-26,9340.0,9211.197
2008-05-27,9278.7998046875,9215.089
2008-05-28,9361.599609375,9219.2
2008-05-29,9346.7998046875,9224.783
2008-06-01,9343.7998046875,9230.066
2008-06-02,9401.900390625,9236.655
2008-06-03,9412.599609375,9243.22
2008-06-04,9276.099609375,9251.48
2008-06-05,9161.7998046875,9258.31
2008-06-08,9341.0,9262.27
2008-06-09,9317.0,9264.93
2008-06-10,9308.099609375,9263.441
2008-06-11,9365.2001953125,9267.512
2008-06-12,9423.099609375,9267.127
2008-06-15,9303.599609375,9272.271
2008-06-16,9286.7998046875,9277.74
2008-06-17,9277.599609375,9282.47
2008-06-18,9266.2001953125,9286.878
2008-06-19,9251.2001953125,9292.3125
2008-06-22,9311.7001953125,9295.798
2008-06-23,9269.0,9299.764
2008-06-24,9188.400390625,9301.832
2008-06-25,9192.2998046875,9303.373
2008-06-26,9193.7001953125,9303.041
2008-06-29,9194.5,9306.1875
2008-07-01,9203.400390625,9307.903
2008-07-02,9202.2001953125,9311.105
2008-07-03,9194.2001953125,9307.753
2008-07-06,9189.2001953125,9303.798
2008-07-07,9208.2998046875,9301.437
2008-07-08,9157.099609375,9299.427
2008-07-09,9152.0,9295.18
2008-07-10,9058.099609375,9292.023
2008-07-13,9141.5,9283.942
2008-07-14,9140.2998046875,9276.863
2008-07-15,9184.2998046875,9269.676
2008-07-16,9158.7001953125,9259.102
2008-07-17,9137.099609375,9249.491
2008-07-20,9150.2998046875,9244.745
2008-07-21,9151.099609375,9243.24
2008-07-22,9210.0,9234.381
2008-07-23,9110.2998046875,9227.121
2008-07-24,9140.5,9218.67
2008-07-27,9120.400390625,9207.295
2008-07-28,9106.900390625,9194.167
2008-07-29,9118.599609375,9186.055
2008-07-30,9108.099609375,9179.011
2008-08-25,9312.7998046875,9172.44
2008-08-26,9159.400390625,9166.964
2008-08-27,9165.7001953125,9161.905
2008-08-28,9193.5,9155.366
2008-08-31,9253.2001953125,9151.481
2008-09-01,9500.5,9151.038
2008-09-02,9521.099609375,9152.85
2008-09-03,9330.400390625,9155.985
2008-09-04,9318.900390625,9160.003
2008-09-07,9377.7998046875,9163.872
2008-09-08,9357.599609375,9167.961
2008-09-09,9470.2001953125,9173.371
2008-09-10,9461.2001953125,9179.868
2008-09-11,9299.099609375,9185.892
2008-09-14,9118.900390625,9193.682
2008-09-15,9468.2001953125,9199.061
2008-09-16,9367.7001953125,9209.737
2008-09-17,9385.0,9218.992
2008-09-18,9389.2001953125,9228.347
2008-09-21,9277.7001953125,9235.214
2008-09-22,9327.2998046875,9241.7
2008-09-23,9367.099609375,9251.113
2008-09-24,9360.400390625,9258.995
2008-09-25,9393.0,9267.662
2008-09-28,9442.7001953125,9273.866
2008-09-29,9481.7001953125,9281.759
2008-09-30,9536.2001953125,9291.961
2008-10-01,9431.0,9303.753
2008-10-02,9453.7001953125,9317.713
2008-10-05,9572.099609375,9329.364
2008-10-06,9605.099609375,9342.3
2008-10-07,9572.400390625,9351.175
2008-10-08,9634.900390625,9364.963
2008-10-09,9876.099609375,9379.708
2008-10-12,9713.7001953125,9395.44
2008-10-13,9715.400390625,9406.961
2008-10-14,9823.7001953125,9411.472
2008-10-15,9838.0,9419.289
2008-10-16,9868.900390625,9434.528
2008-10-19,9953.7001953125,9450.639
2008-10-20,9858.099609375,9465.869
2008-10-21,9954.0,9483.857
2008-10-22,9854.0,9496.814
2008-10-23,9993.7001953125,9512.678
2008-10-27,10832.0,9535.693
2008-10-28,10542.0,9570.125
2008-10-29,10700.0,9596.815
2008-10-30,10782.0,9631.322
2008-10-31,11024.0,9669.518
2008-11-03,11065.0,9714.354
2008-11-04,10749.0,9768.286
2008-11-05,10453.0,9820.92
2008-11-06,11100.0,9871.889
2008-11-07,11155.0,9922.596
2008-11-10,11124.0,9976.353
2008-11-11,11171.0,10033.633
2008-11-12,11218.0,10088.136
2008-11-13,11314.0,10142.331
2008-11-14,11493.0,10204.663
2008-11-17,11865.0,10270.428
2008-11-18,12009.0,10340.276
2008-11-19,12000.0,10413.595
2008-11-20,12372.0,10490.16
2008-11-21,11955.0,10569.824
2008-11-24,12407.0,10643.133
2008-11-25,12416.0,10727.896
2008-11-26,12549.0,10815.997
2008-11-27,12552.0,10905.022
2008-11-28,12749.0,10994.4795
2008-12-01,12233.0,11086.217
2008-12-02,12313.0,11182.129
2008-12-03,11961.0,11278.873
2008-12-04,11949.0,11369.062
2008-12-05,12002.0,11458.943
2008-12-08,11430.0,11540.748
2008-12-09,10856.0,11591.021
2008-12-10,10889.0,11649.744
2008-12-11,10926.0,11704.539
2008-12-12,10909.0,11759.405
2008-12-15,11100.0,11804.844
2008-12-16,10853.0,11852.782
2008-12-17,10863.0,11908.514
2008-12-18,10953.0,11970.55
2008-12-19,11244.0,12007.839
2008-12-22,10934.0,12039.459
2008-12-23,11179.0,12061.54
2008-12-24,11165.0,12069.96
2008-12-25,11158.0,12069.081
2008-12-26,11148.0,12056.741
2008-12-29,11111.0,12033.266
2008-12-30,11032.0,11989.887
2008-12-31,11160.0,11934.197
2009-01-01,11142.0,11874.255
2009-01-02,10991.0,11796.22
2009-01-05,10929.0,11733.358
2009-01-06,10992.0,11648.35
2009-01-07,10852.0,11563.787
2009-01-09,11001.0,11472.993
2009-01-12,11109.0,11385.147
2009-01-13,11076.0,11299.142
2009-01-14,11101.0,11246.056
2009-01-15,11087.0,11195.546
2009-01-16,10964.0,11156.974
2009-01-19,11128.0,11119.252
2009-01-20,11308.0,11083.833
2009-01-21,11129.0,11072.492
2009-01-22,11160.0,11081.654
2009-01-23,11255.0,11089.713
2009-01-26,11060.0,11097.106
2009-01-27,11043.0,11105.898
2009-01-28,11369.0,11107.658
2009-01-29,11414.0,11120.483
2009-01-30,11328.0,11131.981
2009-02-02,11725.0,11141.95
2009-02-03,11667.0,11145.287
2009-02-04,11622.0,11161.605
2009-02-05,11681.0,11171.646
2009-02-06,11559.0,11183.95
2009-02-09,11793.0,11197.125
2009-02-10,11838.0,11213.724
2009-02-11,11878.0,11232.039
2009-02-12,11689.0,11255.764
2009-02-13,11812.0,11275.275
2009-02-16,11873.0,11296.165
2009-02-17,12075.0,11324.189
2009-02-18,11869.0,11358.023
2009-02-19,11982.0,11391.453
2009-02-20,11650.0,11428.709
2009-02-23,12031.0,11459.46
2009-02-24,11786.0,11490.645
2009-02-25,11935.0,11520.287
2009-02-26,12045.0,11551.195
2009-02-27,12041.0,11583.814
2009-03-02,12145.0,11617.638
2009-03-03,12029.0,11649.375
2009-03-04,12043.0,11676.089
2009-03-05,11995.0,11711.276
2009-03-06,12048.0,11745.048
2009-03-09,12064.0,11776.005
2009-03-10,11925.0,11815.179
2009-03-11,11842.0,11851.1875
2009-03-12,11901.0,11876.7295
2009-03-13,11950.0,11898.011
2009-03-16,11988.0,11919.98
2009-03-17,11936.0,11930.638
2009-03-18,11624.0,11941.936
2009-03-19,11930.0,11956.02
2009-03-20,11726.0,11967.176
2009-03-23,11694.0,11981.495
2009-03-24,11814.0,11988.045
2009-03-25,11585.0,11991.287
2009-03-26,11505.0,11991.455
2009-03-27,11456.0,11997.414
2009-03-29,11548.0,11996.874
2009-03-30,11590.0,11995.175
2009-03-31,11538.0,11983.671
2009-04-01,11459.0,11979.96
2009-04-02,11396.0,11971.123
2009-04-05,11467.0,11971.597
2009-04-06,11294.0,11958.233
2009-04-07,11320.0,11950.092
2009-04-08,11354.0,11933.12
2009-04-09,11336.0,11908.581
2009-04-12,11178.0,11882.324
2009-04-13,10892.0,11851.839
2009-04-14,10851.0,11825.177
2009-04-15,10969.0,11795.457
2009-04-16,11083.0,11765.679
2009-04-19,10684.0,11734.01
2009-04-20,10828.0,11701.471
2009-04-21,10824.0,11672.454
2009-04-22,10787.0,11645.794
2009-04-23,10693.0,11616.828
2009-04-26,10889.0,11581.571
2009-04-27,10796.0,11543.192
2009-04-28,10686.0,11502.889
2009-04-29,10713.0,11471.101
2009-04-30,10598.0,11427.458
2009-05-03,10477.0,11386.517
2009-05-04,10410.0,11344.356
2009-05-05,10420.0,11295.7705
2009-05-06,10366.0,11254.282
2009-05-07,10258.0,11214.241
2009-05-10,10296.0,11175.962
2009-05-11,10318.0,11134.696
2009-05-12,10362.0,11087.619
2009-05-13,10338.0,11042.338
2009-05-14,10326.0,10999.924
2009-05-17,10251.0,10961.464
2009-05-18,10271.0,10918.064
2009-05-19,10337.0,10878.591
2009-05-20,10252.0,10836.097
2009-05-21,10181.0,10790.334
2009-05-24,10177.0,10743.835
2009-05-25,10300.0,10702.31
2009-05-26,10684.0,10672.142
2009-05-27,10321.0,10641.155
2009-05-28,10155.0,10605.127
2009-05-31,10151.0,10564.739
2009-06-01,10229.0,10540.107
2009-06-02,10125.0,10509.105
2009-06-03,10070.0,10480.057
2009-06-04,9949.5,10454.177
2009-06-07,10006.0,10432.742
2009-06-08,10012.0,10403.894
2009-06-09,10013.0,10379.655
2009-06-10,10024.0,10362.708
2009-06-11,10104.0,10343.375
2009-06-14,10175.0,10328.499
2009-06-15,10203.0,10315.978
2009-06-16,10179.0,10306.185
2009-06-17,10450.0,10295.446
2009-06-18,10426.0,10284.469
2009-06-21,10185.0,10274.548
2009-06-22,10341.0,10261.327
2009-06-23,10331.0,10248.346
2009-06-24,10297.0,10243.103
2009-06-25,10262.0,10241.149
2009-06-28,10238.0,10238.492
2009-06-29,10179.0,10235.04
2009-06-30,10105.0,10231.538
2009-07-01,10239.0,10226.17
2009-07-02,10237.0,10224.67
2009-07-05,10225.0,10226.074
2009-07-06,10269.0,10226.133
2009-07-07,10297.0,10222.282
2009-07-08,10187.0,10206.15
2009-07-09,10035.0,10204.669
2009-07-12,10125.0,10207.261
2009-07-13,10184.9501953125,10209.559
2009-07-14,10048.0,10209.405
2009-07-15,9990.0,10211.759
2009-07-16,10045.0,10216.717
2009-07-19,10150.0,10226.076
2009-07-20,9990.7998046875,10233.804
2009-07-21,9987.2998046875,10240.533
2009-07-22,10070.0,10246.488
2009-07-23,10035.0,10252.213
2009-07-26,10010.0,10252.84
2009-07-27,9982.400390625,10249.579
2009-07-28,9983.7001953125,10244.95
2009-07-29,9894.2001953125,10237.698
2009-07-30,9774.099609375,10219.809
2009-08-02,9671.0,10202.106
2009-08-03,9664.400390625,10192.49
2009-08-04,9867.099609375,10175.245
2009-08-05,9896.2001953125,10159.099
2009-08-06,9941.5,10145.715
2009-08-09,9919.0,10133.014
2009-08-10,9926.7998046875,10120.883
2009-08-11,9952.900390625,10110.218
2009-08-12,9944.7001953125,10101.447
2009-08-13,9965.5,10085.313
2009-08-16,10030.0,10065.929
2009-08-17,10023.0,10046.077
2009-08-18,9926.7001953125,10023.916
2009-08-19,10050.0,10003.907
2009-08-20,9986.0,9992.557
2009-08-23,10006.0,9988.435
2009-08-24,10011.0,9980.635
2009-08-25,10046.0,9971.235
2009-08-26,10048.0,9967.369
2009-08-27,10006.0,9966.457
2009-08-30,10101.0,9964.244
2009-08-31,10124.0,9960.028
2009-09-01,10090.0,9961.278
2009-09-02,10133.0,9962.558
2009-09-03,10110.0,9961.86
2009-09-06,10083.0,9962.993
2009-09-07,9880.7001953125,9965.373
2009-09-08,9916.099609375,9967.282
2009-09-09,9893.0,9969.619
2009-09-10,9894.0,9975.688
2009-09-13,9850.7998046875,9986.583
2009-09-14,9833.2998046875,10000.678
2009-09-15,9697.7998046875,10014.548
2009-09-16,9459.0,10020.607
2009-09-17,9688.7001953125,10025.148
2009-09-20,9719.400390625,10028.165
2009-09-21,9679.2998046875,10032.571
2009-09-22,9641.5,10034.439
2009-09-23,9690.5,10033.704
2009-09-24,9671.0,10032.104
2009-09-27,9705.2998046875,10027.579
2009-09-28,9680.7001953125,10018.824
2009-09-29,9622.5,10007.637
2009-09-30,9729.0,9996.089
2009-10-01,9540.0,9979.159
2009-10-04,9577.7001953125,9963.839
2009-10-05,9537.7001953125,9946.551
2009-10-06,9414.7001953125,9926.821
2009-10-07,9389.400390625,9903.866
2009-10-08,9401.900390625,9879.315
2009-10-11,9364.099609375,9855.543
2009-10-12,9330.099609375,9829.144
2009-10-13,9350.599609375,9800.923
2009-10-14,9307.2998046875,9777.185
2009-10-15,9379.400390625,9750.289
2009-10-18,9385.900390625,9724.128
2009-10-19,9360.900390625,9701.372
2009-10-20,9315.7001953125,9684.9795
2009-10-21,9398.599609375,9664.604
2009-10-22,9418.900390625,9643.045
2009-10-26,9513.099609375,9621.825
2009-10-27,9539.400390625,9599.676
2009-10-28,9652.400390625,9578.374
2009-10-29,9573.099609375,9561.186
2009-10-30,9605.599609375,9553.555
2009-11-02,9568.5,9536.852
2009-11-03,9565.5,9523.956
2009-11-04,9504.2998046875,9515.451
2009-11-05,9470.400390625,9508.698
2009-11-06,9456.099609375,9497.961
2009-11-09,9356.7998046875,9485.474
2009-11-10,9372.2998046875,9472.761
2009-11-11,9377.599609375,9460.308
2009-11-12,9430.900390625,9453.068
2009-11-13,9318.400390625,9444.25
2009-11-16,9317.2998046875,9442.047
2009-11-17,9386.7001953125,9438.906
2009-11-18,9439.2998046875,9437.991
2009-11-19,9540.0,9441.443
2009-11-20,9497.7001953125,9444.746
2009-11-23,9455.2998046875,9447.752
2009-11-24,9419.2998046875,9450.115
2009-11-25,9374.599609375,9452.41
2009-11-26,9471.7001953125,9453.41
2009-11-27,9383.2001953125,9455.811
2009-11-30,9353.599609375,9454.275
2009-12-01,9321.400390625,9453.845
2009-12-02,9423.900390625,9456.1
2009-12-03,9430.099609375,9459.943
2009-12-04,9562.099609375,9459.276
2009-12-07,9572.099609375,9458.309
2009-12-08,9670.7998046875,9453.465
2009-12-09,9638.7001953125,9448.429
2009-12-10,9644.7998046875,9441.902
2009-12-11,9717.7998046875,9440.502
2009-12-14,9449.9501953125,9439.919
2009-12-15,9504.5,9439.304
2009-12-16,9515.0,9438.683
2009-12-17,9633.0,9439.422
2009-12-18,9633.0,9442.755
2009-12-21,9673.7998046875,9447.39
2009-12-22,9509.2998046875,9455.902
2009-12-23,9474.2998046875,9463.53
2009-12-24,9443.7001953125,9471.068
2009-12-25,9431.900390625,9477.265
2009-12-28,9447.900390625,9488.4375
2009-12-29,9388.2001953125,9497.505
2009-12-30,9417.400390625,9502.884
2009-12-31,9427.2001953125,9505.51
2010-01-01,9385.599609375,9505.908
2010-01-04,9364.2001953125,9507.57
2010-01-05,9305.2001953125,9511.017
2010-01-06,9218.099609375,9514.578
2010-01-07,9272.5,9519.122
2010-01-08,9212.7001953125,9519.379
2010-01-11,9148.099609375,9524.493
2010-01-12,9171.0,9528.399
2010-01-13,9141.0,9531.392
2010-01-14,9155.7998046875,9528.288
2010-01-15,9226.099609375,9524.169
2010-01-18,9130.0,9513.637
2010-01-19,9229.9501953125,9501.124
2010-01-20,9294.9501953125,9484.4
2010-01-21,9183.0,9466.759
2010-01-22,9240.0,9448.155
2010-01-25,9319.9501953125,9426.048
2010-01-26,9379.9501953125,9413.572
2010-01-27,9399.9501953125,9396.084
2010-01-28,9324.9501953125,9377.647
2010-01-29,9250.0,9354.665
2010-02-01,9256.400390625,9332.955
2010-02-02,9313.7001953125,9314.475
2010-02-03,9364.599609375,9303.378
2010-02-04,9386.900390625,9294.441
2010-02-05,9468.099609375,9286.402
2010-02-08,9484.5,9279.822
2010-02-09,9339.2998046875,9273.379
2010-02-10,9314.400390625,9268.634
2010-02-11,9330.099609375,9265.347
2010-02-12,9323.7001953125,9262.556
2010-02-15,9344.7998046875,9261.152
2010-02-16,9292.900390625,9260.165
2010-02-17,9400.599609375,9261.196
2010-02-18,9499.7998046875,9265.987
2010-02-19,9292.2001953125,9270.112
2010-02-22,9281.7001953125,9275.788
2010-02-23,9341.7998046875,9284.259
2010-02-24,9352.2998046875,9291.994
2010-02-25,9335.2001953125,9300.152
2010-02-26,9340.0,9308.063
2010-03-01,9385.099609375,9313.956
2010-03-02,9184.400390625,9322.348
2010-03-03,9149.2998046875,9326.394
2010-03-04,9328.900390625,9328.863
2010-03-05,8898.400390625,9334.757
2010-03-08,9180.0,9337.403
2010-03-09,9173.099609375,9337.518
2010-03-10,9169.900390625,9334.667
2010-03-11,9152.900390625,9332.097
2010-03-12,9144.7001953125,9332.6045
2010-03-15,9205.900390625,9334.714
2010-03-16,9151.7998046875,9335.668
2010-03-17,9099.5,9332.155
2010-03-18,9120.2998046875,9326.072
2010-03-19,9110.400390625,9316.503
2010-03-22,9115.400390625,9302.909
2010-03-23,9144.599609375,9288.917
2010-03-24,9114.7001953125,9278.806
2010-03-25,9132.599609375,9270.934
2010-03-26,9112.900390625,9260.617
2010-03-28,9073.0,9250.573
2010-03-29,9075.400390625,9239.257
2010-03-30,9103.0,9229.413
2010-03-31,9041.400390625,9214.008
2010-04-01,9094.900390625,9196.703
2010-04-04,9052.7998046875,9187.132
2010-04-05,9037.2998046875,9177.505
2010-04-06,9054.5,9164.786
2010-04-07,9057.7001953125,9153.224
2010-04-08,8992.900390625,9141.781
2010-04-11,9011.0,9128.768
2010-04-12,9009.5,9118.351
2010-04-13,9011.400390625,9113.218
2010-04-14,9001.099609375,9110.146
2010-04-15,9006.099609375,9100.514
2010-04-18,9016.400390625,9105.765
2010-04-19,9017.7998046875,9099.761
2010-04-20,9023.2998046875,9093.653
2010-04-21,9104.2998046875,9087.63
2010-04-22,9004.0,9081.992
2010-04-25,8961.900390625,9076.219
2010-04-26,9096.099609375,9068.022
2010-04-27,9022.400390625,9061.645
2010-04-28,9002.5,9057.296
2010-04-29,9028.7001953125,9052.08
2010-05-02,9021.099609375,9047.417
2010-05-03,9069.7001953125,9043.313
2010-05-04,9116.5,9038.196
2010-05-05,9273.400390625,9034.574
2010-05-06,9220.2998046875,9032.934
2010-05-09,9203.2001953125,9033.087
2010-05-10,9186.7001953125,9034.38
2010-05-11,9179.0,9036.294
2010-05-12,9103.7001953125,9038.057
2010-05-13,9104.2001953125,9042.277
2010-05-16,9078.7998046875,9043.337
2010-05-17,9283.5,9045.766
2010-05-18,9123.900390625,9049.444
2010-05-19,9121.099609375,9051.972
2010-05-20,9260.599609375,9055.639
2010-05-23,9282.400390625,9062.308
2010-05-24,9283.900390625,9068.815
2010-05-25,9376.2001953125,9076.924
2010-05-26,9215.0,9086.313
2010-05-27,9295.599609375,9096.417
2010-05-30,9284.599609375,9104.951
2010-05-31,9245.099609375,9113.711
2010-06-01,9242.099609375,9122.995
2010-06-02,9237.5,9130.838
2010-06-03,9282.7001953125,9136.031
2010-06-06,9318.099609375,9144.833
2010-06-07,9223.400390625,9155.397
2010-06-08,9281.2001953125,9162.572
2010-06-09,9193.400390625,9172.806
2010-06-10,9196.599609375,9183.357
2010-06-13,9205.2001953125,9192.207
2010-06-14,9141.0,9200.758
2010-06-15,9163.2998046875,9207.553
2010-06-16,9142.900390625,9211.971
2010-06-17,9071.5,9209.53
2010-06-20,8997.900390625,9210.054
2010-06-21,9012.0,9210.919
2010-06-22,8979.5,9213.023
2010-06-23,9065.5,9214.936
2010-06-24,9065.599609375,9219.885
2010-06-27,9059.099609375,9224.052
2010-06-28,9077.099609375,9227.764
2010-06-29,9044.7998046875,9224.358
2010-06-30,9035.7001953125,9225.472
2010-07-01,9062.7001953125,9223.823
2010-07-04,9085.099609375,9216.261
2010-07-05,9023.599609375,9205.964
2010-07-06,9060.2998046875,9194.759
2010-07-07,9044.900390625,9179.961
2010-07-08,9034.099609375,9170.909
2010-07-11,9072.099609375,9158.134
2010-07-12,8977.900390625,9145.799
2010-07-13,9018.7998046875,9134.407
2010-07-14,9037.400390625,9123.268
2010-07-15,9034.0,9111.721
2010-07-18,9079.5,9099.878
2010-07-19,9037.7001953125,9086.491
2010-07-20,9090.599609375,9077.495
2010-07-21,8995.5,9066.458
2010-07-22,8977.5,9058.629
2010-07-25,8917.099609375,9050.543
2010-07-26,8921.900390625,9042.773
2010-07-27,9025.0,9037.87
2010-07-28,8970.599609375,9032.753
2010-07-29,8923.599609375,9028.749
2010-08-01,8831.7998046875,9027.193
2010-08-02,8798.2998046875,9028.295
2010-08-03,8798.099609375,9028.291
2010-08-04,8942.099609375,9029.072
2010-08-05,8925.7998046875,9026.491
2010-08-08,8863.5,9023.406
2010-08-09,8935.599609375,9020.344
2010-08-10,8883.2998046875,9015.938
2010-08-11,9005.7001953125,9012.235
2010-08-12,9026.7998046875,9007.842
2010-08-15,8954.7001953125,9001.631
2010-08-16,8924.599609375,8993.659
2010-08-17,8880.2001953125,8987.194
2010-08-18,8896.099609375,8980.487
2010-08-19,8928.599609375,8974.212
2010-08-22,8997.900390625,8969.59
2010-08-23,8867.0,8964.197
2010-08-24,8977.4501953125,8961.554
2010-08-25,8878.0,8957.862
2010-08-26,8987.4501953125,8952.678
2010-08-29,9014.9501953125,8947.163
2010-08-30,8918.0,8941.12
2010-08-31,9014.2001953125,8937.654
2010-09-01,9004.900390625,8933.044
2010-09-02,8991.0,8931.743
2010-09-05,8982.2998046875,8931.353
2010-09-06,8999.2001953125,8933.08
2010-09-07,9032.0,8934.616
2010-09-08,9005.900390625,8933.91
2010-09-09,9032.900390625,8934.256
2010-09-12,9016.900390625,8936.617
2010-09-13,8997.7001953125,8942.36
2010-09-14,8987.2998046875,8948.687
2010-09-15,8974.599609375,8954.72
2010-09-16,8931.0,8956.319
2010-09-19,8970.7001953125,8958.388
2010-09-20,8982.400390625,8962.241
2010-09-21,8875.2998046875,8963.438
2010-09-22,8918.400390625,8966.451
2010-09-23,8965.599609375,8965.573
2010-09-26,8859.400390625,8964.765
2010-09-27,8971.400390625,8966.123
2010-09-28,8952.2001953125,8967.875
2010-09-29,8931.7998046875,8971.013
2010-09-30,8934.7001953125,8972.692
2010-10-03,8920.099609375,8974.086
2010-10-04,8933.0,8972.484
2010-10-05,8829.7001953125,8974.202
2010-10-06,8871.5,8972.707
2010-10-07,8912.900390625,8973.586
2010-10-10,8887.0,8970.964
2010-10-11,8995.2998046875,8967.509
2010-10-12,8910.2998046875,8967.254
2010-10-13,8878.099609375,8963.815
2010-10-14,8904.2001953125,8960.573
2010-10-17,8949.0,8957.887
2010-10-18,8948.7998046875,8954.996
2010-10-19,8965.400390625,8951.467
2010-10-20,8820.0,8946.037
2010-10-21,8849.5,8942.193
2010-10-24,8908.2998046875,8937.496
2010-10-25,8933.599609375,8933.577
2010-10-26,8913.7001953125,8930.393
2010-10-27,8923.7998046875,8927.327
2010-10-28,8923.7998046875,8925.35
2010-11-02,8906.7001953125,8924.47
2010-11-03,8827.900390625,8922.507
2010-11-04,8772.599609375,8920.764
2010-11-05,8909.9501953125,8921.515
2010-11-08,8900.0,8921.318
2010-11-09,8904.4501953125,8919.434
2010-11-10,8805.0,8919.906
2010-11-11,8779.599609375,8917.186
2010-11-12,8798.0,8915.034
2010-11-15,8924.4501953125,8913.651
2010-11-16,8967.4501953125,8912.026
2010-11-17,8856.0,8911.038
2010-11-18,8846.0,8909.531
2010-11-19,8843.0,8910.593
2010-11-22,8748.2001953125,8910.306
2010-11-23,8929.4501953125,8908.542
2010-11-24,8966.2998046875,8906.96
2010-11-25,8962.4501953125,8902.493
2010-11-26,8967.4501953125,8900.227
2010-11-29,9000.0,8900.859
2010-11-30,9015.4501953125,8901.107
2010-12-01,9033.9501953125,8900.713
2010-12-02,9018.4501953125,8901.353
2010-12-03,8916.0,8903.149
2010-12-06,9017.4501953125,8908.006
2010-12-07,9009.9501953125,8911.691
2010-12-08,8990.0,8913.414
2010-12-09,9020.0,8914.314
2010-12-10,9018.0,8915.966
2010-12-13,9021.9501953125,8917.35
2010-12-14,9015.0,8918.733
2010-12-15,9009.4501953125,8921.691
2010-12-16,9022.4501953125,8927.541
2010-12-17,8938.0,8935.665
2010-12-20,9034.4501953125,8938.639
2010-12-21,8943.0,8942.262
2010-12-22,9041.9501953125,8944.926
2010-12-23,9041.599609375,8951.072
2010-12-24,9038.900390625,8957.775
2010-12-27,9041.9501953125,8963.282
2010-12-28,8939.0,8966.204
2010-12-29,9017.4501953125,8967.662
2010-12-30,9001.4501953125,8972.187
2010-12-31,8886.0,8977.866
2011-01-03,9009.9501953125,8982.069
2011-01-04,8989.9501953125,8989.034
2011-01-05,8886.0,8991.1045
2011-01-06,8983.9501953125,8992.312
2011-01-07,9015.7998046875,8993.32
2011-01-10,9027.4501953125,8993.99
2011-01-11,9050.9501953125,8994.399
2011-01-12,8935.7001953125,8993.271
2011-01-13,9040.0,8992.293
2011-01-14,9049.9501953125,8991.364
2011-01-17,8901.7998046875,8993.481
2011-01-18,9060.0,8992.662
2011-01-19,9053.9501953125,8991.302
2011-01-20,8948.0,8991.768
2011-01-21,8911.2001953125,8990.821
2011-01-24,8947.599609375,8989.649
2011-01-25,9050.0,8988.791
2011-01-26,9036.4501953125,8987.471
2011-01-27,8920.599609375,8987.5205
2011-01-28,9026.9501953125,8986.843
2011-01-31,8935.599609375,8988.478
2011-02-01,8958.0,8986.682
2011-02-02,9000.0,8987.856
2011-02-03,9020.9501953125,8985.804
2011-02-04,8921.0,8983.629
2011-02-07,8852.2998046875,8981.27
2011-02-08,8823.599609375,8978.897
2011-02-09,8900.0,8979.579
2011-02-10,8929.9501953125,8977.877
2011-02-11,8925.0,8977.21
2011-02-14,8763.7001953125,8980.255
2011-02-15,8914.4501953125,8978.743
2011-02-16,8815.0,8978.155
2011-02-17,8894.9501953125,8980.353
2011-02-18,8780.0,8979.387
2011-02-21,8610.2001953125,8975.731
2011-02-22,8750.0,8970.814
2011-02-23,8876.4501953125,8964.826
2011-02-24,8872.0,8962.236
2011-02-25,8865.0,8956.075
2011-02-28,8841.4501953125,8949.492
2011-03-01,8821.4501953125,8947.263
2011-03-02,8798.0,8938.959
2011-03-03,8812.4501953125,8930.784
2011-03-04,8805.4501953125,8926.98
2011-03-07,8616.2998046875,8922.694
2011-03-08,8785.9501953125,8916.793
2011-03-09,8786.0,8908.065
2011-03-10,8760.0,8900.766
2011-03-11,8783.4501953125,8897.496
2011-03-14,8776.9501953125,8890.72
2011-03-15,8762.4501953125,8886.602
2011-03-16,8775.0,8880.8545
2011-03-17,8760.5,8875.048
2011-03-18,8770.0,8868.74
2011-03-21,8584.2001953125,8865.056
2011-03-22,8720.0,8863.645
2011-03-23,8721.0,8862.258
2011-03-24,8721.4501953125,8857.443
2011-03-25,8710.0,8853.05
2011-03-27,8633.7998046875,8848.659
2011-03-28,8718.2001953125,8848.1875
2011-03-29,8688.900390625,8843.267
2011-03-30,8700.0,8841.72
2011-03-31,8718.5,8837.765
2011-04-03,8665.900390625,8837.548
2011-04-04,8645.900390625,8842.217
2011-04-05,8653.2998046875,8842.066
2011-04-06,8636.7001953125,8837.164
2011-04-07,8643.099609375,8832.839
2011-04-10,8616.7001953125,8828.74
2011-04-11,8655.400390625,8824.8955
2011-04-12,8617.099609375,8821.651
2011-04-13,8668.5,8818.772
2011-04-17,8637.900390625,8815.775
2011-04-18,8657.7001953125,8813.59
2011-04-19,8667.400390625,8815.639
2011-04-20,8633.599609375,8813.5205
2011-04-21,8640.5,8810.793
2011-04-24,8622.900390625,8808.503
2011-04-25,8623.5,8805.754
2011-04-26,8616.400390625,8803.115
2011-04-27,8566.2998046875,8800.725
2011-04-28,8553.2998046875,8797.619
2011-05-01,8568.400390625,8794.8
2011-05-02,8561.400390625,8792.286
2011-05-03,8558.900390625,8793.606
2011-05-04,8535.599609375,8792.296
2011-05-05,8580.099609375,8790.907
2011-05-08,8618.2998046875,8789.382
2011-05-09,8522.0,8788.16
2011-05-10,8530.900390625,8788.183
2011-05-11,8586.2001953125,8786.594
2011-05-12,8549.099609375,8785.166
2011-05-15,8553.0,8783.296
2011-05-16,8592.400390625,8780.872
2011-05-17,8372.7001953125,8779.282
2011-05-18,8540.900390625,8778.244
2011-05-19,8552.0,8776.883
2011-05-22,8419.5,8775.967
2011-05-23,8600.0,8774.725
2011-05-24,8405.7998046875,8773.829
2011-05-25,8591.9501953125,8772.538
2011-05-26,8575.0,8771.908
2011-05-29,8559.9501953125,8770.271
2011-05-30,8544.4501953125,8769.175
2011-05-31,8537.900390625,8767.663
2011-06-01,8540.0,8766.109
2011-06-02,8540.099609375,8764.999
2011-06-05,8520.4501953125,8763.408
2011-06-06,8500.0,8761.778
2011-06-07,8515.4501953125,8760.224
2011-06-08,8490.599609375,8759.24
2011-06-09,8520.0,8758.732
2011-06-12,8517.4501953125,8758.626
2011-06-13,8539.4501953125,8757.871
2011-06-14,8533.9501953125,8757.684
2011-06-15,8521.599609375,8757.85
2011-06-16,8610.0,8758.192
2011-06-19,8386.7998046875,8757.353
2011-06-20,8611.400390625,8756.175
2011-06-21,8600.0,8756.417
2011-06-22,8580.0,8756.525
2011-06-23,8599.9501953125,8755.823
2011-06-26,8599.9501953125,8754.967
2011-06-27,8625.0,8754.639
2011-06-28,8620.0,8754.284
2011-06-29,8616.9501953125,8756.207
2011-06-30,8568.0,8756.872
2011-07-03,8545.4501953125,8756.917
2011-07-04,8522.4501953125,8759.395
2011-07-05,8537.4501953125,8759.296
2011-07-06,8535.2998046875,8761.508
2011-07-07,8533.4501953125,8760.908
2011-07-10,8512.4501953125,8760.648
2011-07-11,8525.9501953125,8760.396
2011-07-12,8566.9501953125,8760.758
2011-07-13,8550.0,8760.846
2011-07-14,8531.9501953125,8760.839
2011-07-17,8366.099609375,8761.13
2011-07-18,8563.599609375,8761.658
2011-07-19,8540.0,8762.076
2011-07-20,8530.0,8762.016
2011-07-21,8537.0,8762.241
2011-07-24,8526.9501953125,8762.192
2011-07-25,8522.9501953125,8762.1455
2011-07-26,8500.0,8762.325
2011-07-27,8482.0,8761.505
2011-07-28,8495.0,8761.745
2011-07-31,8499.9501953125,8761.12
2011-08-01,8433.599609375,8763.658
2011-08-02,8467.4501953125,8762.351
2011-08-03,8325.2001953125,8761.207
2011-08-04,8472.400390625,8760.239
2011-08-07,8514.9501953125,8759.266
2011-08-08,8478.2998046875,8758.334
2011-08-09,8517.599609375,8756.857
2011-08-10,8500.2998046875,8755.345
2011-08-11,8509.2998046875,8753.813
2011-08-14,8542.9501953125,8753.178
2011-08-15,8292.7001953125,8752.925
2011-08-16,8358.7001953125,8752.684
2011-08-17,8374.2001953125,8751.758
2011-08-18,8560.0,8750.648
2011-08-21,8339.2998046875,8749.56
2011-08-22,8537.0,8749.109
2011-08-23,8543.0,8748.268
2011-08-24,8550.0,8746.625
2011-08-25,8600.0,8745.973
2011-08-28,8532.9501953125,8745.728
2011-08-29,8520.0,8747.496
2011-08-30,8532.9501953125,8747.175
2011-08-31,8532.9501953125,8747.352
2011-09-01,8490.0,8747.553
2011-09-04,8402.0,8747.461
2011-09-05,8379.5,8747.221
2011-09-06,8552.9501953125,8746.803
2011-09-07,8535.0,8746.265
2011-09-08,8567.9501953125,8745.924
2011-09-11,8491.7001953125,8745.828
2011-09-12,8572.2998046875,8745.727
2011-09-13,8631.0,8747.006
2011-09-14,8719.9501953125,8747.999
2011-09-15,8809.0,8749.997
2011-09-18,8764.9501953125,8750.933
2011-09-19,8822.400390625,8751.658
2011-09-20,8812.7001953125,8753.478
2011-09-21,8840.900390625,8755.36
2011-09-22,8762.9501953125,8756.873
2011-09-25,8779.9501953125,8758.982
2011-09-26,9080.0,8760.541
2011-09-27,8904.9501953125,8765.686
2011-09-28,8889.9501953125,8770.379
2011-09-29,8952.599609375,8775.383
2011-10-02,8789.9501953125,8779.733
2011-10-03,8897.4501953125,8787.259
2011-10-04,8622.0,8792.118
2011-10-05,8956.2998046875,8796.199
2011-10-09,8897.4501953125,8800.782
2011-10-10,8892.4501953125,8805.074
2011-10-11,8717.0,8809.327
2011-10-12,8857.599609375,8813.81
2011-10-13,8869.9501953125,8817.021
2011-10-16,8637.599609375,8819.829
2011-10-17,8880.2001953125,8823.876
2011-10-18,8880.0,8828.943
2011-10-19,8840.7998046875,8836.702
2011-10-20,8824.9501953125,8840.663
2011-10-23,8859.9501953125,8846.845
2011-10-24,8839.9501953125,8852.77
2011-10-25,8849.9501953125,8859.751
2011-10-26,8872.9501953125,8865.051
2011-10-27,8854.599609375,8869.876
2011-10-31,8624.2001953125,8871.864
2011-11-01,8825.599609375,8872.887
2011-11-02,8866.5,8875.234
2011-11-03,8900.7001953125,8875.948
2011-11-04,8943.599609375,8876.406
2011-11-07,8949.9501953125,8877.076
2011-11-08,8954.9501953125,8879.574
2011-11-09,8915.0,8881.158
2011-11-10,8889.9501953125,8875.255
2011-11-11,8969.9501953125,8874.718
2011-11-14,8967.9501953125,8875.635
2011-11-15,8964.9501953125,8875.723
2011-11-16,8994.9501953125,8879.797
2011-11-17,8993.4501953125,8881.2295
2011-11-18,8972.7001953125,8889.714
2011-11-21,9019.9501953125,8889.403
2011-11-22,9024.9501953125,8890.9
2011-11-23,9044.9501953125,8893.509
2011-11-24,9016.900390625,8900.656
2011-11-25,8962.400390625,8904.334
2011-11-28,9054.9501953125,8907.842
2011-11-29,9114.9501953125,8917.644
2011-11-30,9120.5,8921.724
2011-12-01,9076.7001953125,8926.723
2011-12-02,8994.9501953125,8933.711
2011-12-05,9014.9501953125,8940.322
2011-12-06,9016.599609375,8945.567
2011-12-07,9034.9501953125,8951.643
2011-12-08,9027.400390625,8957.131
2011-12-09,8994.9501953125,8962.057
2011-12-12,9035.7001953125,8967.275
2011-12-13,9049.9501953125,8978.313
2011-12-14,9112.099609375,8984.489
2011-12-15,9100.0,8990.295
2011-12-16,9089.9501953125,8995.558
2011-12-19,9016.5,8999.329
2011-12-20,9114.2998046875,9003.013
2011-12-21,9047.599609375,9006.822
2011-12-22,9043.5,9012.143
2011-12-23,9136.5,9018.032
2011-12-26,9040.0,9021.625
2011-12-27,9038.400390625,9024.867
2011-12-28,9062.0,9028.041
2011-12-29,9044.400390625,9030.528
2011-12-30,8854.7998046875,9033.181
2012-01-02,9055.0,9036.191
2012-01-03,8903.7998046875,9037.331
2012-01-04,9115.0,9038.193
2012-01-05,9115.7998046875,9039.342
2012-01-06,9110.0,9040.783
2012-01-09,9058.400390625,9043.974
2012-01-10,9146.0,9043.306
2012-01-11,9145.0,9040.137
2012-01-12,9190.0,9037.409
2012-01-13,9150.0,9037.799
2012-01-16,9052.900390625,9042.781
2012-01-17,9099.900390625,9045.842
2012-01-18,9070.0,9049.44
2012-01-19,9008.099609375,9052.139
2012-01-20,8945.0,9053.995
2012-01-23,8920.0,9056.437
2012-01-24,8920.0,9056.958
2012-01-25,8958.0,9056.487
2012-01-26,9050.599609375,9054.149
2012-01-27,9074.0,9054.534
2012-01-30,8952.0,9055.221
2012-01-31,9074.0,9057.389
2012-02-01,8981.900390625,9056.093
2012-02-02,8980.0,9056.213
2012-02-03,8958.7998046875,9055.526
2012-02-06,8928.099609375,9050.214
2012-02-08,8930.0,9047.389
2012-02-09,8851.5,9042.702
2012-02-10,8920.0,9039.806
2012-02-13,8965.0,9037.553
2012-02-14,8971.5,9042.668
2012-02-15,8998.0,9039.185
2012-02-16,8930.0,9041.432
2012-02-17,8980.0,9035.139
2012-02-20,8983.2001953125,9029.206
2012-02-21,8971.599609375,9022.19
2012-02-22,9030.0,9016.582
2012-02-23,9040.0,9006.796
2012-02-24,9040.0,8996.662
2012-02-27,9020.900390625,8986.192
2012-02-28,9105.0,8979.531
2012-02-29,9005.0,8977.256
2012-03-01,9010.0,8974.185
2012-03-02,9055.0,8973.126
2012-03-05,9055.0,8974.759
2012-03-06,9113.0,8978.047
2012-03-07,9115.0,8982.586
2012-03-08,9085.0,8987.093
2012-03-09,9105.0,8989.535
2012-03-12,9132.4501953125,8989.588
2012-03-13,9133.0,8989.445
2012-03-14,9133.0,8994.284
2012-03-15,9163.0,8996.363
2012-03-16,9163.0,9000.911
2012-03-19,9120.0,9006.479
2012-03-20,9110.0,9012.274
2012-03-21,9145.0,9019.431
2012-03-22,9145.0,9026.428
2012-03-23,9220.0,9035.348
2012-03-25,9150.0,9043.211
2012-03-26,9150.0,9049.515
2012-03-27,9150.0,9056.716
2012-03-28,9150.0,9062.717
2012-03-29,9150.0,9070.507
2012-04-01,9112.0,9077.37
2012-04-02,9118.0,9083.214
2012-04-03,9136.0,9089.242
2012-04-04,9133.0,9092.907
2012-04-05,9085.0,9096.809
2012-04-08,9085.0,9100.465
2012-04-09,9151.5,9104.64
2012-04-10,9149.0,9106.577
2012-04-11,9149.0,9111.341
2012-04-12,9149.0,9116.122
2012-04-15,9139.9501953125,9119.713
2012-04-16,9155.0,9122.329
2012-04-17,9155.0,9123.186
2012-04-18,9155.0,9124.08
2012-04-19,9154.0,9126.034
2012-04-22,9143.7001953125,9127.527
2012-04-23,9163.0,9127.821
2012-04-24,9163.0,9128.281
2012-04-25,9163.0,9128.615
2012-04-26,9156.7001953125,9128.199
2012-04-29,9188.9501953125,9128.2705
2012-04-30,9168.0,9129.46
2012-05-01,9181.2998046875,9131.462
2012-05-02,9165.0,9131.753
2012-05-03,9165.0,9132.563
2012-05-06,9047.599609375,9130.794
2012-05-07,9170.0,9130.452
2012-05-08,9166.0,9130.172
2012-05-09,9213.0,9130.261
2012-05-10,9170.0,9130.767
2012-05-13,9165.0,9131.27
2012-05-14,9238.0,9133.246
2012-05-15,9238.0,9135.47
2012-05-16,9238.0,9137.549
2012-05-17,9217.0,9140.833
2012-05-20,8995.2001953125,9145.647
2012-05-21,9243.0,9148.657
2012-05-22,9210.0,9149.068
2012-05-23,9255.0,9150.345
2012-05-24,9255.0,9152.483
2012-05-27,9287.4501953125,9154.541
2012-05-28,9265.0,9156.828
2012-05-29,9370.0,9160.104
2012-05-30,9410.0,9163.5
2012-05-31,9375.0,9169.614
2012-06-03,9387.4501953125,9176.52
2012-06-04,9375.0,9183.246
2012-06-05,9378.0,9189.111
2012-06-06,9275.0,9195.916
2012-06-07,9355.0,9202.609
2012-06-10,9384.9501953125,9208.834
2012-06-11,9380.0,9213.66
2012-06-12,9405.0,9221.031
2012-06-13,9395.0,9227.493
2012-06-14,9395.0,9236.539
2012-06-17,9293.0,9245.84
2012-06-18,9357.599609375,9257.363
2012-06-19,9375.599609375,9264.71
2012-06-20,9391.0,9272.759
2012-06-21,9399.400390625,9279.418
2012-06-24,9437.4501953125,9286.792
2012-06-25,9409.7998046875,9294.317
2012-06-26,9409.400390625,9300.783
2012-06-27,9413.900390625,9305.896
2012-06-28,9415.2998046875,9313.207
2012-07-01,9368.0,9321.841
2012-07-02,9384.9501953125,9336.663
2012-07-03,9334.9501953125,9342.691
2012-07-04,9344.9501953125,9350.229
2012-07-05,9387.4501953125,9355.454
2012-07-08,9441.9501953125,9360.451
2012-07-09,9379.7001953125,9364.682
2012-07-10,9398.7001953125,9368.976
2012-07-11,9383.900390625,9369.474
2012-07-12,9414.900390625,9368.458
2012-07-15,9423.0,9369.946
2012-07-16,9419.599609375,9370.31
2012-07-17,9409.2998046875,9371.741
2012-07-18,9419.2001953125,9373.424
2012-07-19,9417.099609375,9377.984
2012-07-22,9425.0,9379.592
2012-07-23,9423.2998046875,9380.385
2012-07-24,9436.5,9381.724
2012-07-25,9452.599609375,9381.794
2012-07-26,9446.2998046875,9383.08
2012-07-29,9430.0,9385.117
2012-07-30,9424.2001953125,9390.602
2012-07-31,9413.5,9393.286
2012-08-01,9412.599609375,9395.393
2012-08-02,9436.7001953125,9396.404
2012-08-05,9443.0,9397.095
2012-08-06,9433.599609375,9396.884
2012-08-07,9437.2001953125,9397.7
2012-08-08,9439.599609375,9398.135
2012-08-09,9441.099609375,9398.895
2012-08-12,9477.4501953125,9400.009
2012-08-13,9454.2001953125,9403.228
2012-08-14,9451.599609375,9405.934
2012-08-15,9467.0,9410.514
2012-08-16,9459.5,9414.102
2012-08-19,9489.9501953125,9416.576
2012-08-20,9459.2998046875,9417.654
2012-08-21,9465.0,9420.673
2012-08-22,9465.0,9423.037
2012-08-23,9463.2998046875,9425.842
2012-08-26,9480.0,9427.581
2012-08-27,9485.0,9429.585
2012-08-28,9505.400390625,9431.569
2012-08-29,9517.7001953125,9434.357
2012-08-30,9514.7998046875,9436.8545
2012-09-02,9534.9501953125,9439.559
2012-09-03,9505.400390625,9442.588
2012-09-04,9541.7001953125,9445.419
2012-09-05,9540.400390625,9448.144
2012-09-06,9535.7001953125,9450.601
2012-09-09,9541.900390625,9453.592
2012-09-10,9547.900390625,9457.536
2012-09-11,9548.400390625,9461.631
2012-09-12,9538.599609375,9466.428
2012-09-13,9548.599609375,9470.987
2012-09-16,9480.0,9474.914
2012-09-17,9434.7001953125,9478.471
2012-09-18,9474.0,9481.483
2012-09-19,9508.7998046875,9484.314
2012-09-20,9510.599609375,9487.392
2012-09-23,9520.0,9490.454
2012-09-24,9533.099609375,9492.331
2012-09-25,9545.400390625,9494.475
2012-09-26,9555.599609375,9497.117
2012-09-27,9546.099609375,9499.306
2012-09-30,9569.9501953125,9502.08
2012-10-01,9550.2001953125,9504.183
2012-10-02,9551.400390625,9507.26
2012-10-03,9557.2001953125,9510.234
2012-10-04,9562.2998046875,9513.475
2012-10-07,9407.2001953125,9516.78
2012-10-08,9561.900390625,9518.412
2012-10-09,9563.7001953125,9519.464
2012-10-10,9562.099609375,9520.519
2012-10-11,9553.7001953125,9521.416
2012-10-14,9577.4501953125,9522.805
2012-10-15,9561.599609375,9523.466
2012-10-16,9555.7001953125,9525.318
2012-10-17,9545.5,9525.491
2012-10-18,9559.400390625,9526.211
2012-10-21,9592.4501953125,9527.418
2012-10-22,9576.099609375,9527.448
2012-10-23,9579.2001953125,9527.732
2012-10-24,9581.5,9528.421
2012-10-25,9577.099609375,9529.733
2012-10-29,9604.9501953125,9530.959
2012-10-30,9575.599609375,9534.888
2012-10-31,9586.2998046875,9540.7
2012-11-01,9576.400390625,9544.805
2012-11-02,9591.5,9547.711
2012-11-05,9469.2001953125,9550.897
2012-11-06,9591.400390625,9552.724
2012-11-07,9591.0,9553.654
2012-11-08,9575.7001953125,9554.643
2012-11-09,9601.7998046875,9555.461
2012-11-12,9443.599609375,9556.427
2012-11-13,9590.099609375,9555.791
2012-11-14,9595.400390625,9557.048
2012-11-15,9595.2998046875,9557.475
2012-11-16,9595.5,9558.635
2012-11-19,9624.9501953125,9559.91
2012-11-20,9600.2998046875,9565.57
2012-11-21,9603.900390625,9566.653
2012-11-22,9605.5,9567.472
2012-11-23,9598.0,9568.792
2012-11-26,9612.4501953125,9570.803
2012-11-27,9571.099609375,9571.282
2012-11-28,9571.7001953125,9572.351
2012-11-29,9571.5,9573.79
2012-11-30,9571.400390625,9575.543
2012-12-03,9569.0,9576.51
2012-12-05,9573.599609375,9575.747
2012-12-06,9570.7998046875,9575.88
2012-12-07,9580.900390625,9575.875
2012-12-10,9612.4501953125,9576.078
2012-12-11,9600.7998046875,9576.782
2012-12-12,9606.099609375,9575.928
2012-12-13,9601.7998046875,9576.697
2012-12-14,9606.099609375,9576.687
2012-12-17,9612.4501953125,9577.827
2012-12-18,9611.7998046875,9578.555
2012-12-19,9615.7001953125,9582.605
2012-12-20,9622.2998046875,9583.531
2012-12-21,9624.0,9583.77
2012-12-24,9610.0,9585.313
2012-12-25,9632.7998046875,9586.34
2012-12-26,9630.5,9592.562
2012-12-27,9629.0,9593.528
2012-12-28,9633.900390625,9594.511
2012-12-31,9612.4501953125,9595.51
2013-01-01,9609.0,9596.455
2013-01-02,9609.0,9596.434
2013-01-03,9622.5,9596.935
2013-01-04,9626.2998046875,9597.55
2013-01-07,9770.0,9598.03
2013-01-08,9639.099609375,9600.024
2013-01-09,9641.2001953125,9601.433
2013-01-10,9632.099609375,9604.439
2013-01-11,9631.7001953125,9607.076
2013-01-14,9612.4501953125,9610.116
2013-01-15,9606.7998046875,9613.197
2013-01-16,9621.599609375,9615.667
2013-01-17,9626.2001953125,9618.102
2013-01-18,9621.7998046875,9620.321
2013-01-21,9682.0,9621.958
2013-01-22,9589.400390625,9623.265
2013-01-23,9591.599609375,9624.504
2013-01-24,9596.900390625,9625.681
2013-01-25,9597.5,9626.31
2013-01-28,9612.4501953125,9627.208
2013-01-29,9649.7998046875,9627.898
2013-01-30,9650.0,9628.038
2013-01-31,9659.7001953125,9628.083
2013-02-01,9669.900390625,9628.084
2013-02-04,9612.4501953125,9627.735
2013-02-05,9642.7001953125,9628.782
2013-02-06,9647.900390625,9628.812
2013-02-07,9682.099609375,9628.949
2013-02-08,9666.0,9629.645
2013-02-11,9612.4501953125,9630.639
2013-02-12,9593.099609375,9632.289
2013-02-13,9617.7001953125,9632.672
2013-02-14,9618.5,9633.423
2013-02-15,9631.599609375,9633.103
2013-02-18,9645.0,9632.666
2013-02-19,9652.599609375,9627.812
2013-02-20,9674.900390625,9627.898
2013-02-21,9655.5,9627.96
2013-02-22,9674.5,9628.698
2013-02-25,9684.0,9629.957
2013-02-26,9676.400390625,9631.875
2013-02-27,9678.5,9633.513
2013-02-28,9657.2998046875,9635.166
2013-03-01,9633.7998046875,9636.334
2013-03-04,9612.4501953125,9637.618
2013-03-05,9677.5,9636.71
2013-03-06,9663.7998046875,9639.289
2013-03-07,9658.7998046875,9641.829
2013-03-08,9663.900390625,9644.345
2013-03-11,9612.4501953125,9646.651
2013-03-12,9668.599609375,9647.959
2013-03-13,9668.0,9648.313
2013-03-14,9661.7998046875,9648.604
2013-03-15,9673.400390625,9648.963
2013-03-18,9675.7998046875,9648.97
2013-03-19,9682.5,9650.305
2013-03-20,9682.7001953125,9651.134
2013-03-21,9695.2001953125,9651.759
2013-03-22,9703.2001953125,9651.583
2013-03-25,9612.4501953125,9652.51
2013-03-26,9705.0,9654.401
2013-03-27,9702.2001953125,9657.772
2013-03-28,9694.7998046875,9660.3125
2013-03-29,9688.599609375,9663.106
2013-03-31,9612.4501953125,9665.291
2013-04-01,9715.0,9665.781
2013-04-02,9707.5,9666.755
2013-04-03,9718.2001953125,9667.115
2013-04-04,9720.0,9668.613
2013-04-07,9728.2998046875,9669.68
2013-04-08,9719.0,9669.849
2013-04-09,9690.400390625,9671.193
2013-04-10,9661.400390625,9672.12
2013-04-11,9674.2998046875,9674.385
2013-04-14,9683.5,9676.773
2013-04-15,9683.400390625,9679.006
2013-04-16,9688.099609375,9680.017
2013-04-17,9680.900390625,9680.848
2013-04-18,9684.900390625,9682.339
2013-04-21,9688.0,9683.647
2013-04-22,9688.7001953125,9686.293
2013-04-23,9694.7001953125,9687.283
2013-04-24,9688.7998046875,9688.2295
2013-04-25,9689.400390625,9689.568
2013-04-28,9612.4501953125,9690.333
2013-04-29,9691.5,9690.129
2013-04-30,9694.099609375,9690.149
2013-05-01,9695.0,9689.709
2013-05-02,9708.2001953125,9689.404
2013-05-05,9612.4501953125,9688.769
2013-05-06,9705.599609375,9690.454
2013-05-07,9705.599609375,9689.885
2013-05-08,9705.0,9688.96
2013-05-09,9702.0,9689.224
2013-05-12,9709.0,9689.755
2013-05-13,9708.7001953125,9692.17
2013-05-14,9708.099609375,9691.465
2013-05-15,9718.2001953125,9690.685
2013-05-16,9720.5,9690.05
2013-05-19,9731.0,9689.596
2013-05-20,9727.7001953125,9688.425
2013-05-21,9734.2998046875,9688.439
2013-05-22,9736.900390625,9689.605
2013-05-23,9744.0,9692.156
2013-05-26,9744.0,9694.3
2013-05-27,9760.2001953125,9695.865
2013-05-28,9763.7998046875,9697.902
2013-05-29,9772.900390625,9699.961
2013-05-30,9778.2001953125,9702.708
2013-06-02,9612.4501953125,9705.554
2013-06-03,9776.599609375,9706.851
2013-06-04,9769.900390625,9708.721
2013-06-05,9762.7998046875,9710.5625
2013-06-06,9764.5,9713.53
2013-06-09,9764.5,9716.33
2013-06-10,9764.5,9720.793
2013-06-11,9764.5,9723.819
2013-06-12,9831.2998046875,9725.953
2013-06-13,9854.5,9729.557
2013-06-16,9612.4501953125,9733.617
2013-06-17,9859.2998046875,9738.653
2013-06-18,9877.2001953125,9741.1
2013-06-19,9880.2001953125,9744.554
2013-06-20,9897.400390625,9749.234
2013-06-23,9612.4501953125,9754.275
2013-06-24,9901.7998046875,9757.051
2013-06-25,9892.0,9761.185
2013-06-26,9895.7998046875,9764.858
2013-06-27,9897.2001953125,9770.178
2013-06-30,9612.4501953125,9776.618
2013-07-01,9898.2001953125,9779.053
2013-07-02,9903.2001953125,9782.448
2013-07-03,9910.7001953125,9786.193
2013-07-04,9911.0,9792.108
2013-07-07,9918.0,9797.311
2013-07-08,9926.7998046875,9800.097
2013-07-09,9928.7998046875,9806.118
2013-07-10,9935.400390625,9809.721
2013-07-11,9968.0,9816.862
2013-07-14,9612.4501953125,9824.504
2013-07-15,9989.2001953125,9832.704
2013-07-16,10007.0,9836.355
2013-07-17,10017.0,9841.041
2013-07-18,10032.0,9849.138
2013-07-21,9612.4501953125,9857.285
2013-07-22,10037.0,9860.98
2013-07-23,10171.0,9867.471
2013-07-24,10303.0,9873.138
2013-07-25,10240.0,9882.921
2013-07-28,10269.0,9893.576
2013-07-29,10244.0,9909.431
2013-07-30,10244.0,9921.184
2013-07-31,10250.0,9930.36
2013-08-01,10252.0,9945.665
2013-08-04,10029.0,9960.137
2013-08-05,10256.0,9978.231
2013-08-06,10257.0,9988.805
2013-08-07,10257.0,9999.061
2013-08-08,10256.0,10013.688
2013-08-11,10262.0,10028.661
2013-08-12,10309.0,10050.42
2013-08-13,10308.0,10064.326
2013-08-14,10265.0,10077.227
2013-08-15,10390.0,10093.447
2013-08-18,10509.0,10110.902
2013-08-19,10664.0,10125.571
2013-08-20,10657.0,10144.102
2013-08-21,10747.0,10162.387
2013-08-22,10790.0,10186.6875
2013-08-25,11005.0,10211.274
2013-08-26,10817.0,10248.034
2013-08-27,10897.0,10276.915
2013-08-28,10917.0,10304.566
2013-08-29,10908.0,10336.625
2013-09-01,10895.0,10368.199
2013-09-02,10950.0,10413.08
2013-09-03,11037.0,10442.187
2013-09-04,11097.0,10468.671
2013-09-05,11098.0,10492.198
2013-09-08,11150.0,10519.185
2013-09-09,11132.0,10547.178
2013-09-10,11210.0,10578.669
2013-09-11,11318.0,10610.769
2013-09-12,11322.0,10646.473
2013-09-15,11213.0,10682.69
2013-09-16,11349.0,10726.386
2013-09-17,11417.0,10763.497
2013-09-18,11449.0,10802.958
2013-09-19,11255.0,10843.386
2013-09-22,11325.0,10883.225
2013-09-23,11417.0,10924.047
2013-09-24,11443.0,10965.015
2013-09-25,11457.0,11006.607
2013-09-26,11453.0,11050.67
2013-09-29,11552.0,11089.581
2013-09-30,11552.0,11125.494
2013-10-01,11476.0,11154.82
2013-10-02,11503.0,11186.011
2013-10-03,11500.0,11214.105
2013-10-06,11480.0,11240.497
2013-10-08,11489.0,11259.887
2013-10-09,11504.0,11285.448
2013-10-10,11463.0,11308.218
2013-10-13,10787.0,11331.052
2013-10-14,11337.0,11351.293
2013-10-15,11339.0,11371.021
2013-10-16,11339.0,11387.897
2013-10-17,11303.0,11403.946
2013-10-20,10758.0,11418.172
2013-10-21,11307.0,11429.841
2013-10-22,11264.0,11439.247
2013-10-23,11244.0,11448.325
2013-10-24,11128.0,11454.499
2013-10-28,9612.4501953125,11455.119
2013-10-29,11025.0,11448.598
2013-10-30,11075.0,11446.714
2013-10-31,11147.0,11437.735
2013-11-01,11245.0,11429.651
2013-11-04,11308.0,11416.787
2013-11-05,11327.0,11408.077
2013-11-06,11330.0,11395.043
2013-11-07,11380.0,11378.92
2013-11-08,11363.0,11360.622
2013-11-11,9612.4501953125,11337.996
2013-11-12,11532.0,11311.749
2013-11-13,11565.0,11284.129
2013-11-14,11577.0,11262.574
2013-11-15,11515.0,11250.851
2013-11-18,9612.4501953125,11237.328
2013-11-19,11605.0,11211.919
2013-11-20,11570.0,11196.302
2013-11-21,11629.0,11177.591
2013-11-22,11674.0,11172.155
2013-11-25,9612.4501953125,11172.273
2013-11-26,11719.0,11178.469
2013-11-27,11750.0,11167.657
2013-11-28,11880.0,11157.58
2013-11-29,9612.4501953125,11163.805
2013-12-02,9612.4501953125,11165.38
2013-12-03,9612.4501953125,11169.008
2013-12-04,11885.0,11160.759
2013-12-05,11972.0,11150.92
2013-12-06,9612.4501953125,11161.208
2013-12-09,9610.0,11174.785
2013-12-10,11813.0,11220.034
2013-12-11,11834.0,11215.66
2013-12-12,11878.0,11210.209
2013-12-13,11999.0,11211.489
2013-12-16,11988.0,11197.183
2013-12-17,11973.0,11165.718
2013-12-18,11984.0,11146.865
2013-12-19,12012.0,11146.5
2013-12-20,12118.0,11180.416
2013-12-23,12153.0,11210.645
2013-12-24,12147.0,11285.0625
2013-12-25,12148.0,11289.347
2013-12-26,12143.0,11282.45
2013-12-27,12148.0,11300.176
2013-12-30,12142.0,11310.418
2013-12-31,12217.0,11388.494
2014-01-01,12158.0,11402.471
2014-01-02,12158.0,11411.946
2014-01-03,12102.0,11448.428
2014-01-06,12112.0,11473.921
2014-01-07,12133.0,11558.832
2014-01-08,12065.0,11564.638
2014-01-09,12077.0,11584.606
2014-01-10,12032.0,11605.609
2014-01-13,12017.0,11705.353
2014-01-14,11812.0,11804.027
2014-01-15,11801.0,11893.198
2014-01-16,11828.0,11905.491
2014-01-17,11878.0,11928.405
2014-01-20,11858.0,12024.004
2014-01-21,11897.0,12112.138
2014-01-22,12038.0,12121.279
2014-01-23,12052.0,12127.874
2014-01-24,12093.0,12131.946
2014-01-27,12127.0,12130.319
2014-01-28,12197.0,12127.752
2014-01-29,12093.0,12124.58
2014-01-30,12145.0,12120.011
2014-01-31,12143.0,12120.098
2014-02-03,12150.0,12118.191
2014-02-04,12083.0,12115.143
2014-02-05,11981.0,12112.272
2014-02-06,12020.0,12107.942
2014-02-07,11940.0,12104.266
2014-02-10,12001.0,12099.034
2014-02-11,12026.0,12094.582
2014-02-12,11946.0,12088.272
2014-02-13,11931.0,12083.333
2014-02-14,11876.0,12078.09
2014-02-17,11686.0,12074.487
2014-02-18,11631.0,12070.837
2014-02-19,11840.0,12065.238
2014-02-20,11671.0,12061.169
2014-02-21,11761.0,12056.394
2014-02-24,11686.0,12052.404
2014-02-25,11576.0,12048.828
2014-02-26,11620.0,12052.677
2014-02-27,11666.0,12055.052
2014-02-28,11601.0,12054.746
2014-03-03,11569.0,12051.742
2014-03-04,11656.0,12046.217
2014-03-05,11566.0,12036.331
2014-03-06,11571.0,12019.792
2014-03-07,11410.0,12000.707
2014-03-10,11486.0,11978.926
2014-03-11,11430.0,11953.793
2014-03-12,11485.0,11924.994
2014-03-13,11435.0,11899.428
2014-03-14,11421.0,11872.822
2014-03-17,11296.0,11845.924
2014-03-18,11286.0,11820.064
2014-03-19,11325.0,11794.431
2014-03-20,11310.0,11772.819
2014-03-21,11435.0,11749.14
2014-03-24,11401.0,11727.091
2014-03-25,11361.0,11702.013
2014-03-26,11381.0,11675.654
2014-03-27,11435.0,11651.591
2014-03-28,11381.0,11626.91
2014-03-30,11305.0,11605.175
2014-03-31,11230.0,11587.128
2014-04-01,11285.0,11571.046
2014-04-02,11330.0,11547.657
2014-04-03,11375.0,11532.239
2014-04-06,11310.0,11514.699
2014-04-07,11295.0,11500.828
2014-04-08,11295.0,11489.567
2014-04-09,11363.0,11476.515
2014-04-10,11415.0,11463.472
2014-04-13,11395.0,11452.953
2014-04-14,11436.0,11443.795
2014-04-15,11410.0,11431.71
2014-04-16,11405.0,11424.101
2014-04-17,11445.0,11416.248
2014-04-20,11445.0,11415.195
2014-04-21,11425.0,11411.459
2014-04-22,11540.0,11410.323
2014-04-23,11610.0,11407.638
2014-04-24,11595.0,11408.818
2014-04-27,11565.0,11412.767
2014-04-28,11580.0,11420.887
2014-04-29,11515.0,11430.019
2014-04-30,11545.0,11437.225
2014-05-01,11520.0,11444.892
2014-05-04,11505.0,11448.786
2014-05-05,11505.0,11453.766
2014-05-06,11510.0,11459.292
2014-05-07,11550.0,11463.806
2014-05-08,11525.0,11467.421
2014-05-11,11505.0,11473.658
2014-05-12,11520.0,11482.275
2014-05-13,11485.0,11493.431
2014-05-14,11370.0,11502.1455
2014-05-15,11420.0,11509.326
2014-05-18,11390.0,11514.698
2014-05-19,11400.0,11522.023
2014-05-20,11460.0,11529.432
2014-05-21,11495.0,11535.68
2014-05-25,11590.0,11539.921
2014-05-26,11560.0,11542.212
2014-05-27,11560.0,11544.88
2014-05-28,11630.0,11546.917
2014-05-29,11595.0,11552.008
2014-06-01,11660.0,11557.228
2014-06-02,11760.0,11562.474
2014-06-03,11770.0,11568.187
2014-06-04,11880.0,11575.343
2014-06-05,11845.0,11579.715
2014-06-08,11815.0,11582.749
2014-06-09,11775.0,11587.821
2014-06-10,11815.0,11594.17
2014-06-11,11805.0,11600.976
2014-06-12,11780.0,11611.226
2014-06-15,11785.0,11620.098
2014-06-16,11815.0,11629.897
2014-06-17,11885.0,11640.159
2014-06-18,12005.0,11651.372
2014-06-19,11925.0,11663.41
2014-06-22,11950.0,11674.664
2014-06-23,11988.0,11688.238
2014-06-24,11995.0,11702.992
2014-06-25,12090.0,11718.97
2014-06-26,12100.0,11738.489
2014-06-29,12020.0,11762.482
2014-06-30,11885.0,11785.011
2014-07-01,11865.0,11806.998
2014-07-02,11900.0,11827.995
2014-07-03,11905.0,11847.076
2014-07-06,11860.0,11864.246
2014-07-07,11725.0,11878.124
2014-07-08,11665.0,11891.645
2014-07-09,11615.0,11904.826
2014-07-10,11570.0,11916.431
2014-07-13,11605.0,11928.751
2014-07-14,11663.0,11938.342
2014-07-15,11720.0,11942.495
2014-07-16,11642.0,11944.91
2014-07-17,11660.0,11942.85
2014-07-20,11615.0,11941.115
2014-07-21,11566.0,11938.895
2014-07-22,11580.0,11935.496
2014-07-23,11485.0,11928.325
2014-07-24,11552.0,11919.766
2014-07-27,11561.0,11910.589
2014-07-28,11561.0,11899.824
2014-07-29,11560.0,11887.033
2014-07-30,11561.0,11870.83
2014-07-31,11761.0,11849.674
2014-08-03,11861.0,11831.55
2014-08-04,11755.0,11813.934
2014-08-05,11675.0,11796.129
2014-08-06,11758.0,11780.911
2014-08-07,11785.0,11763.737
2014-08-10,11745.0,11748.216
2014-08-11,11700.0,11735.925
2014-08-12,11680.0,11728.408
2014-08-13,11683.0,11721.099
2014-08-14,11670.0,11711.89
2014-08-17,11667.0,11703.392
2014-08-18,11680.0,11697.623
2014-08-19,11663.0,11697.108
2014-08-20,11700.0,11698.288
2014-08-21,11688.0,11700.796
2014-08-24,11660.0,11705.403
2014-08-25,11703.0,11708.449
2014-08-26,11688.0,11709.625
2014-08-27,11665.0,11708.418
2014-08-28,11715.0,11709.316
2014-08-31,11694.0,11710.144
2014-09-01,11698.0,11713.251
2014-09-02,11743.0,11718.879
2014-09-03,11767.0,11723.824
2014-09-04,11741.0,11732.738
2014-09-07,11722.0,11739.994
2014-09-08,11713.0,11746.406
2014-09-09,11775.0,11753.079
2014-09-10,11805.0,11759.418
2014-09-11,11830.0,11765.403
2014-09-14,11885.0,11764.96
2014-09-15,11925.0,11762.354
2014-09-16,11975.0,11764.257
2014-09-17,11962.0,11769.794
2014-09-18,11969.0,11773.658
2014-09-21,11983.0,11777.846
2014-09-22,11978.0,11784.267
2014-09-23,11970.0,11792.685
2014-09-24,11943.0,11802.5
2014-09-25,11968.0,11812.241
2014-09-28,12050.0,11822.52
2014-09-29,12132.0,11833.749
2014-09-30,12175.0,11845.447
2014-10-01,12130.0,11858.967
2014-10-02,12112.0,11872.219
2014-10-05,12181.0,11886.68
2014-10-06,12147.0,11903.103
2014-10-07,12218.0,11918.957
2014-10-08,12210.0,11936.449
2014-10-09,12192.0,11954.648
2014-10-12,12210.0,11971.206
2014-10-13,12200.0,11988.72
2014-10-14,12188.0,12006.147
2014-10-15,12227.0,12023.118
2014-10-16,12210.0,12039.54
2014-10-19,12102.0,12057.396
2014-10-20,12008.0,12075.582
2014-10-21,11987.0,12092.484
2014-10-22,11980.0,12106.558
2014-10-23,12032.0,12118.725
2014-10-27,12075.0,12129.968
2014-10-28,12100.0,12138.936
2014-10-29,12137.0,12146.106
2014-10-30,12092.0,12151.538
2014-10-31,12150.0,12156.875
2014-11-03,12070.0,12162.058
2014-11-04,12107.0,12166.207
2014-11-05,12110.0,12170.305
2014-11-06,12175.0,12174.689
2014-11-07,12150.0,12181.147
2014-11-10,12175.0,12186.719
2014-11-11,12145.0,12188.566
2014-11-12,12128.0,12187.63
2014-11-13,12187.0,12185.8955
2014-11-14,12187.0,12186.047
2014-11-17,12200.0,12187.887
2014-11-18,12195.0,12187.584
2014-11-19,12125.0,12188.259
2014-11-20,12102.0,12185.789
2014-11-21,12133.0,12183.211
2014-11-24,12133.0,12180.697
2014-11-25,12133.0,12177.655
2014-11-26,12133.0,12175.01
2014-11-27,12175.0,12172.224
2014-11-28,12175.0,12168.827
2014-12-01,12175.0,12167.123
2014-12-02,12285.0,12169.921
2014-12-03,12285.0,12177.251
2014-12-04,12285.0,12185.577
2014-12-05,12285.0,12194.65
2014-12-08,12285.0,12201.953
2014-12-09,12285.0,12208.311
2014-12-10,12285.0,12214.449
2014-12-11,12285.0,12218.919
2014-12-12,12463.0,12225.673
2014-12-15,12612.0,12231.672
2014-12-16,12850.0,12242.437
2014-12-17,12705.0,12255.482
2014-12-18,12673.0,12269.772
2014-12-19,12480.0,12283.091
2014-12-22,12435.0,12297.376
2014-12-23,12460.0,12310.95
2014-12-24,12415.0,12325.622
2014-12-25,12470.0,12339.017
2014-12-26,12470.0,12349.923
2014-12-29,12405.0,12359.367
2014-12-30,12410.0,12368.23
2014-12-31,12420.0,12378.988
2015-01-01,12390.0,12392.4
2015-01-02,12390.0,12407.215
2015-01-05,12480.0,12420.256
2015-01-06,12625.0,12433.674
2015-01-07,12635.0,12447.8
2015-01-08,12720.0,12460.983
2015-01-09,12610.0,12475.271
2015-01-12,12565.0,12488.638
2015-01-13,12558.0,12501.778
2015-01-14,12587.0,12511.93
2015-01-15,12555.0,12523.652
2015-01-16,12469.0,12536.444
2015-01-19,12580.0,12547.447
2015-01-20,12630.0,12558.845
2015-01-21,12562.0,12570.836
2015-01-22,12465.0,12581.146
2015-01-23,12405.0,12590.617
2015-01-26,12423.0,12591.217
2015-01-27,12487.0,12585.966
2015-01-28,12450.0,12573.301
2015-01-29,12455.0,12566.308
2015-01-30,12570.0,12560.905
2015-02-02,12730.0,12560.777
2015-02-03,12645.0,12563.531
2015-02-04,12575.0,12566.126
2015-02-05,12625.0,12571.46
2015-02-06,12587.0,12575.705
2015-02-09,12633.0,12580.433
2015-02-10,12665.0,12588.398
2015-02-11,12727.0,12596.597
2015-02-12,12805.0,12605.743
2015-02-13,12770.0,12616.152
2015-02-16,12677.0,12625.448
2015-02-17,12615.0,12632.103
2015-02-18,12772.0,12633.082
2015-02-19,12810.0,12635.341
2015-02-20,12885.0,12635.889
2015-02-23,12813.0,12641.322
2015-02-24,12860.0,12648.519
2015-02-25,12797.0,12655.922
2015-02-26,12855.0,12662.751
2015-02-27,12857.0,12671.539
2015-03-02,12978.0,12683.73
2015-03-03,12995.0,12693.688
2015-03-04,12970.0,12702.91
2015-03-05,13015.0,12715.647
2015-03-06,12900.0,12733.572
2015-03-09,13030.0,12753.375
2015-03-10,13073.0,12773.376
2015-03-11,13070.0,12791.787
2015-03-12,13175.0,12812.344
2015-03-13,13170.0,12833.571
2015-03-16,13185.0,12851.026
2015-03-17,13195.0,12864.939
2015-03-18,13120.0,12882.202
2015-03-19,12880.0,12902.269
2015-03-20,13058.0,12919.671
2015-03-23,13025.0,12937.73
2015-03-24,12943.0,12954.075
2015-03-25,12905.0,12968.522
2015-03-26,12930.0,12979.394
2015-03-27,13010.0,12987.51
2015-03-29,13035.0,12997.16
2015-03-30,13087.0,13011.336
2015-03-31,13060.0,13027.383
2015-04-01,12958.0,13037.51
2015-04-02,12985.0,13044.76
2015-04-05,12965.0,13049.809
2015-04-06,12945.0,13056.893
2015-04-07,12995.0,13062.829
2015-04-08,12925.0,13070.269
2015-04-09,12935.0,13074.245
2015-04-12,12890.0,13078.405
2015-04-13,13045.0,13077.867
2015-04-14,12975.0,13077.668
2015-04-15,12897.0,13078.805
2015-04-16,12820.0,13077.27
2015-04-19,12800.0,13078.768
2015-04-20,12970.0,13075.375
2015-04-21,12925.0,13069.852
2015-04-22,12900.0,13063.487
2015-04-23,12930.0,13052.398
2015-04-26,12942.0,13041.66
2015-04-27,12927.0,13029.039
2015-04-28,12935.0,13018.989
2015-04-29,12915.0,13012.186
2015-04-30,12957.0,13013.835
2015-05-03,12975.0,13009.384
2015-05-04,12860.0,13006.012
2015-05-05,13005.0,13005.715
2015-05-06,13004.0,13006.825
2015-05-07,13095.0,13006.913
2015-05-10,13047.0,13005.262
2015-05-11,13170.0,13002.14
2015-05-12,13145.0,12999.692
2015-05-13,13102.0,12999.731
2015-05-14,13013.0,13003.575
2015-05-17,13047.0,13006.414
2015-05-18,13162.0,13009.448
2015-05-19,13168.0,13014.179
2015-05-20,13015.0,13017.5625
2015-05-21,13108.0,13022.869
2015-05-24,13140.0,13027.834
2015-05-25,13173.0,13034.426
2015-05-26,13217.0,13037.123
2015-05-27,13170.0,13043.488
2015-05-28,13165.0,13053.233
2015-05-31,13200.0,13065.786
2015-06-01,13188.0,13078.366
2015-06-02,13150.0,13086.067
2015-06-03,13230.0,13095.457
2015-06-04,13275.0,13105.529
2015-06-07,13388.0,13115.498
2015-06-08,13310.0,13125.799
2015-06-09,13345.0,13137.828
2015-06-10,13205.0,13151.399
2015-06-11,13230.0,13164.377
2015-06-14,13315.0,13176.16
2015-06-15,13320.0,13187.833
2015-06-16,13340.0,13204.008
2015-06-17,13330.0,13215.101
2015-06-18,13290.0,13225.277
2015-06-21,13310.0,13231.972
2015-06-22,13302.0,13240.96
2015-06-23,13250.0,13245.672
2015-06-24,13290.0,13251.691
2015-06-25,13303.0,13259.342
2015-06-28,13322.0,13270.232
2015-06-29,13322.0,13279.716
2015-06-30,13342.0,13285.504
2015-07-01,13318.0,13291.316
2015-07-02,13260.0,13301.642
2015-07-05,13340.0,13308.573
2015-07-06,13340.0,13315.256
2015-07-07,13325.0,13320.857
2015-07-08,13335.0,13325.732
2015-07-09,13303.0,13331.959
2015-07-12,13278.0,13337.657
2015-07-13,13280.0,13342.25
2015-07-14,13305.0,13346.683
2015-07-15,13338.0,13352.622
2015-07-16,13331.0,13355.419
2015-07-19,13350.0,13356.611
2015-07-20,13340.0,13354.372
2015-07-21,13335.0,13355.01
2015-07-22,13400.0,13354.917
2015-07-23,13430.0,13359.923
2015-07-26,13430.0,13364.288
2015-07-27,13465.0,13366.466
2015-07-28,13290.0,13368.598
2015-07-29,13460.0,13369.658
2015-07-30,13492.0,13372.402
2015-08-02,13425.0,13376.487
2015-08-03,13440.0,13380.682
2015-08-04,13485.0,13385.379
2015-08-05,13517.0,13391.581
2015-08-06,13465.0,13397.554
2015-08-09,13465.0,13402.985
2015-08-10,13467.0,13408.177
2015-08-11,13605.0,13413.237
2015-08-12,13745.0,13418.207
2015-08-13,13675.0,13426.562
2015-08-16,13715.0,13437.353
2015-08-17,13830.0,13446.642
2015-08-18,13828.0,13457.09
2015-08-19,13748.0,13469.357
2015-08-20,13885.0,13483.253
2015-08-23,13815.0,13499.371
2015-08-24,13915.0,13517.239
2015-08-25,13800.0,13535.592
2015-08-26,13960.0,13552.463
2015-08-27,13795.0,13570.369
2015-08-30,13910.0,13587.83
2015-08-31,14000.0,13605.528
2015-09-01,13988.0,13624.6
2015-09-02,14050.0,13644.707
2015-09-03,14065.0,13664.755
2015-09-06,14190.0,13682.928
2015-09-07,14275.0,13703.537
2015-09-08,14160.0,13724.797
2015-09-09,14250.0,13751.983
2015-09-10,14235.0,13775.931
2015-09-13,14270.0,13798.577
2015-09-14,14310.0,13824.819
2015-09-15,14400.0,13852.198
2015-09-16,14377.0,13878.582
2015-09-17,14225.0,13904.997
2015-09-20,14403.0,13931.901
2015-09-21,14470.0,13960.946
2015-09-22,14595.0,13989.009
2015-09-23,14640.0,14014.618
2015-09-24,14670.0,14037.528
2015-09-27,14617.0,14062.627
2015-09-28,14697.0,14086.744
2015-09-29,14680.0,14108.429
2015-09-30,14552.0,14131.326
2015-10-01,14665.0,14156.331
2015-10-04,14605.0,14177.039
2015-10-05,14433.0,14200.762
2015-10-06,14060.0,14220.068
2015-10-07,13865.0,14240.6
2015-10-08,13410.0,14255.177
2015-10-11,13320.0,14274.07
2015-10-12,13502.0,14289.913
2015-10-13,13650.0,14303.529
2015-10-14,13260.0,14318.856
2015-10-15,13400.0,14330.269
2015-10-18,13475.0,14339.987
2015-10-19,13650.0,14344.506
2015-10-20,13733.0,14343.492
2015-10-21,13700.0,14341.427
2015-10-22,13478.0,14329.995
2015-10-26,13520.0,14310.89
2015-10-27,13610.0,14283.824
2015-10-28,13650.0,14251.641
2015-10-29,13602.0,14213.306
2015-10-30,13602.0,14170.799
2015-11-02,13630.0,14131.8955
2015-11-03,13580.0,14086.117
2015-11-04,13395.0,14039.022
2015-11-05,13455.0,13988.557
2015-11-06,13525.0,13942.134
2015-11-09,13610.0,13893.772
2015-11-10,13645.0,13851.818
2015-11-11,13560.0,13809.279
2015-11-12,13525.0,13767.784
2015-11-13,13610.0,13729.121
2015-11-16,13743.0,13684.33
2015-11-17,13708.0,13644.281
2015-11-18,13720.0,13613.695
2015-11-19,13705.0,13597.842
2015-11-20,13655.0,13591.24
2015-11-23,13540.0,13600.916
2015-11-24,13665.0,13611.612
2015-11-25,13620.0,13617.395
2015-11-26,13590.0,13618.834
2015-11-27,13735.0,13632.341
2015-11-30,13638.0,13640.787
2015-12-01,13883.0,13646.651
2015-12-02,13820.0,13648.535
2015-12-03,13807.0,13647.371
2015-12-04,13695.0,13648.83
2015-12-07,13758.0,13657.748
2015-12-08,13870.0,13665.031
2015-12-09,13979.0,13671.286
2015-12-10,13920.0,13677.05
2015-12-11,13925.0,13684.789
2015-12-14,14130.0,13692.369
2015-12-15,13997.0,13701.51
2015-12-16,13970.0,13714.788
2015-12-17,13760.0,13734.592
2015-12-18,14020.0,13751.177
2015-12-21,13865.0,13766.26
2015-12-22,13760.0,13776.585
2015-12-23,13645.0,13786.17
2015-12-24,13625.0,13796.745
2015-12-25,13630.0,13806.402
2015-12-28,13630.0,13811.375
2015-12-29,13495.0,13814.015
2015-12-30,13682.0,13818.217
2015-12-31,13845.0,13822.605
2016-01-01,13775.0,13826.069
2016-01-04,13775.0,13831.415
2016-01-05,13957.0,13839.152
2016-01-06,13805.0,13841.172
2016-01-07,13905.0,13843.268
2016-01-08,13930.0,13845.547
2016-01-11,13890.0,13846.655
2016-01-12,13805.0,13853.858
2016-01-13,13795.0,13851.107
2016-01-14,13847.0,13850.505
2016-01-15,13825.0,13852.169
2016-01-18,13973.0,13857.578
2016-01-19,13925.0,13861.077
2016-01-20,13830.0,13860.58
2016-01-21,13825.0,13856.09
2016-01-22,13769.0,13853.1455
2016-01-25,13747.0,13849.781
2016-01-26,13830.0,13838.442
2016-01-27,13880.0,13831.802
2016-01-28,13802.0,13825.62
2016-01-29,13765.0,13826.938
2016-02-01,13675.0,13818.385
2016-02-02,13630.0,13815.42
2016-02-03,13730.0,13816.715
2016-02-04,13582.0,13822.2295
2016-02-05,13612.0,13827.843
2016-02-08,13585.0,13833.372
2016-02-09,13676.0,13838.464
2016-02-10,13560.0,13846.638
2016-02-11,13455.0,13847.253
2016-02-12,13480.0,13842.029
2016-02-15,13465.0,13837.426
2016-02-16,13275.0,13831.654
2016-02-17,13397.0,13818.458
2016-02-18,13500.0,13810.12
2016-02-19,13415.0,13796.068
2016-02-22,13427.0,13780.86
2016-02-23,13385.0,13765.836
2016-02-24,13410.0,13752.917
2016-02-25,13385.0,13738.829
2016-02-26,13430.0,13721.546
2016-02-29,13425.0,13703.479
2016-03-01,13365.0,13680.178
2016-03-02,13246.0,13657.534
2016-03-03,13249.0,13637.538
2016-03-04,13140.0,13618.634
2016-03-07,13028.0,13602.066
2016-03-08,13000.0,13585.58
2016-03-09,13181.0,13565.691
2016-03-10,13100.0,13544.66
2016-03-11,13130.0,13525.28
2016-03-14,12943.0,13508.099
2016-03-15,12980.0,13492.191
2016-03-16,13123.0,13476.016
2016-03-17,12770.0,13454.359
2016-03-18,12935.0,13437.379
2016-03-21,13038.0,13416.859
2016-03-22,13183.0,13393.402
2016-03-23,13101.0,13366.014
2016-03-24,13215.0,13343.339
2016-03-25,13233.0,13322.377
2016-03-27,13170.0,13301.204
2016-03-28,13278.0,13280.153
2016-03-29,13180.0,13270.818
2016-03-30,13240.0,13262.015
2016-03-31,13158.0,13249.156
2016-04-03,13127.0,13239.31
2016-04-04,13140.0,13228.234
2016-04-05,13210.0,13218.527
2016-04-06,13172.0,13207.975
2016-04-07,13172.0,13198.182
2016-04-10,13115.0,13187.393
2016-04-11,13095.0,13175.754
2016-04-12,13073.0,13168.192
2016-04-13,13145.0,13164.282
2016-04-14,13172.0,13160.546
2016-04-17,13130.0,13160.776
2016-04-18,13104.0,13163.853
2016-04-19,13086.0,13168.673
2016-04-20,13166.0,13165.654
2016-04-21,13172.0,13166.398
2016-04-24,13195.0,13168.315
2016-04-25,13190.0,13176.176
2016-04-26,13160.0,13183.55
2016-04-27,13155.0,13186.509
2016-04-28,13170.0,13201.964
2016-05-01,13175.0,13210.275
2016-05-02,13095.0,13215.185
2016-05-03,13185.0,13214.084
2016-05-04,13350.0,13215.356
2016-05-05,13345.0,13214.777
2016-05-08,13310.0,13213.736
2016-05-09,13377.0,13216.105
2016-05-10,13298.0,13215.454
2016-05-11,13247.0,13218.259
2016-05-12,13255.0,13219.472
2016-05-15,13332.0,13223.95
2016-05-16,13320.0,13230.204
2016-05-17,13318.0,13235.267
2016-05-18,13435.0,13237.619
2016-05-19,13595.0,13243.058
2016-05-22,13605.0,13250.17
2016-05-23,13540.0,13261.276
2016-05-24,13570.0,13274.303
2016-05-25,13608.0,13289.158
2016-05-26,13549.0,13302.728
2016-05-29,13560.0,13315.965
2016-05-30,13631.0,13331.74
2016-05-31,13643.0,13347.883
2016-06-01,13610.0,13364.26
2016-06-02,13610.0,13378.405
2016-06-05,13418.0,13393.221
2016-06-06,13347.0,13406.241
2016-06-07,13227.0,13418.592
2016-06-08,13205.0,13431.148
2016-06-09,13250.0,13443.307
2016-06-12,13326.0,13454.769
2016-06-13,13321.0,13466.732
2016-06-14,13350.0,13480.266
2016-06-15,13320.0,13489.158
2016-06-16,13386.0,13491.385
2016-06-19,13332.0,13493.6455
2016-06-20,13250.0,13495.68
2016-06-21,13255.0,13494.209
2016-06-22,13195.0,13493.961
2016-06-23,13250.0,13494.101
2016-06-26,13375.0,13492.155
2016-06-27,13385.0,13486.817
2016-06-28,13160.0,13484.002
2016-06-29,13139.0,13480.8955
2016-06-30,13177.0,13473.402
2016-07-03,13115.0,13461.314
2016-07-04,13060.0,13449.194
2016-07-05,13160.0,13438.292
2016-07-06,13212.0,13425.144
2016-07-07,13100.0,13409.908
2016-07-10,13105.0,13395.424
2016-07-11,13120.0,13379.89
2016-07-12,13075.0,13361.593
2016-07-13,13015.0,13341.188
2016-07-14,13020.0,13321.784
2016-07-17,13062.0,13303.132
2016-07-18,13078.0,13291.054
2016-07-19,13093.0,13281.111
2016-07-20,13105.0,13274.959
2016-07-21,13111.0,13269.557
2016-07-24,13113.0,13261.196
2016-07-25,13095.0,13250.337
2016-07-26,13162.0,13241.229
2016-07-27,13098.0,13231.817
2016-07-28,13058.0,13222.903
2016-07-31,13020.0,13212.142
2016-08-01,13010.0,13202.866
2016-08-02,13092.0,13195.076
2016-08-03,13140.0,13187.554
2016-08-04,13103.0,13182.918
2016-08-07,13122.0,13175.552
2016-08-08,13105.0,13164.053
2016-08-09,13101.0,13153.392
2016-08-10,13083.0,13151.81
2016-08-11,13098.0,13149.89
2016-08-14,13106.0,13147.0625
2016-08-15,13062.0,13146.631
2016-08-16,13111.0,13146.668
2016-08-17,13115.0,13143.679
2016-08-18,13109.0,13139.246
2016-08-21,13179.0,13139.134
2016-08-22,13209.0,13139.416
2016-08-23,13234.0,13139.734
2016-08-24,13258.0,13143.345
2016-08-25,13246.0,13149.565
2016-08-28,13310.0,13156.247
2016-08-29,13248.0,13162.126
2016-08-30,13283.0,13167.046
2016-08-31,13280.0,13172.281
2016-09-01,13273.0,13176.948
2016-09-04,13195.0,13181.806
2016-09-05,13125.0,13186.242
2016-09-06,13058.0,13190.333
2016-09-07,13070.0,13191.882
2016-09-08,13071.0,13194.926
2016-09-11,13176.0,13199.287
2016-09-12,13172.0,13205.822
2016-09-13,13241.0,13211.47
2016-09-14,13191.0,13214.46
2016-09-15,13144.0,13215.29
2016-09-18,13163.0,13217.861
2016-09-19,13139.0,13219.26
2016-09-20,13158.0,13220.93
2016-09-21,13058.0,13223.888
2016-09-22,13062.0,13226.009
2016-09-25,13053.0,13227.038
2016-09-26,13039.0,13227.937
2016-09-27,12917.0,13229.629
2016-09-28,12921.0,13229.736
2016-09-29,13003.0,13229.248
2016-10-02,12966.0,13228.404
2016-10-03,12962.0,13224.819
2016-10-04,13031.0,13219.289
2016-10-05,13014.0,13212.55
2016-10-06,13005.0,13202.847
2016-10-09,12967.0,13192.273
2016-10-10,12926.0,13178.379
2016-10-11,13068.0,13166.122
2016-10-12,13019.0,13152.41
2016-10-13,13044.0,13139.662
2016-10-16,13092.0,13129.3955
2016-10-17,13051.0,13122.85
2016-10-18,13020.0,13118.869
2016-10-19,12972.0,13117.856
2016-10-20,13005.0,13115.023
2016-10-23,13050.0,13112.937
2016-10-24,13012.0,13106.915
2016-10-25,12976.0,13100.833
2016-10-26,13024.0,13092.3
2016-10-27,13053.0,13084.545
2016-10-31,13063.0,13079.497
2016-11-01,13013.0,13073.803
2016-11-02,13038.0,13068.572
2016-11-03,13046.0,13063.486
2016-11-04,13068.0,13062.377
2016-11-07,13115.0,13061.699
2016-11-08,13087.0,13062.064
2016-11-09,13041.0,13063.293
2016-11-10,13137.0,13068.478
2016-11-11,13588.0,13073.527
2016-11-14,13342.0,13080.095
2016-11-15,13459.0,13088.719
2016-11-16,13313.0,13099.795
2016-11-17,13368.0,13108.654
2016-11-18,13411.0,13118.739
2016-11-21,13479.0,13131.527
2016-11-22,13412.0,13145.832
2016-11-23,13432.0,13162.475
2016-11-24,13607.0,13172.475
2016-11-25,13558.0,13185.636
2016-11-28,13480.0,13200.425
2016-11-29,13479.0,13213.703
2016-11-30,13502.0,13229.309
2016-12-01,13572.0,13245.919
2016-12-02,13518.0,13265.503
2016-12-05,13640.0,13284.349
2016-12-06,13436.0,13303.294
2016-12-07,13296.0,13322.658
2016-12-08,13277.0,13339.667
2016-12-09,13306.0,13354.041
2016-12-12,13357.0,13368.34
2016-12-13,13278.0,13383.041
2016-12-14,13280.0,13398.694
2016-12-15,13418.0,13413.281
2016-12-16,13411.0,13428.478
2016-12-19,13383.0,13441.166
2016-12-20,13370.0,13453.373
2016-12-21,13421.0,13465.632
2016-12-22,13439.0,13476.192
2016-12-23,13449.0,13482.6
2016-12-26,13442.0,13474.581
2016-12-27,13442.0,13477.451
2016-12-28,13429.0,13475.158
2016-12-29,13490.0,13477.928
2016-12-30,13466.0,13479.766
2017-01-02,13512.0,13480.447
2017-01-03,13506.0,13480.8
2017-01-04,13443.0,13482.698
2017-01-05,13348.0,13483.467
2017-01-06,13319.0,13477.361
2017-01-09,13351.0,13472.498
2017-01-10,13314.0,13470.244
2017-01-11,13291.0,13466.155
2017-01-12,13241.0,13460.759
2017-01-13,13258.0,13452.342
2017-01-16,13313.0,13445.813
2017-01-17,13349.0,13435.968
2017-01-18,13296.0,13433.406
2017-01-19,13370.0,13435.953
2017-01-20,13378.0,13438.116
2017-01-23,13406.0,13438.098
2017-01-24,13345.0,13436.601
2017-01-25,13342.0,13438.254
2017-01-26,13316.0,13439.844
2017-01-27,13387.0,13436.488
2017-01-30,13326.0,13433.718
2017-01-31,13338.0,13432.153
2017-02-01,13345.0,13431.245
2017-02-02,13360.0,13428.242
2017-02-03,13346.0,13424.714
2017-02-06,13338.0,13420.958
2017-02-07,13326.0,13417.829
2017-02-08,13310.0,13414.363
2017-02-09,13302.0,13410.789
2017-02-10,13288.0,13404.212
2017-02-13,13335.0,13398.199
2017-02-14,13323.0,13390.624
2017-02-15,13321.0,13383.539
2017-02-16,13316.0,13378.807
2017-02-17,13321.0,13377.391
2017-02-20,13350.0,13377.363
2017-02-21,13347.0,13376.902
2017-02-22,13358.0,13377.945
2017-02-23,13338.0,13380.161
2017-02-24,13325.0,13383.857
2017-02-27,13324.0,13386.58
2017-02-28,13339.0,13387.426
2017-03-01,13391.0,13386.862
2017-03-02,13392.0,13388.436
2017-03-03,13373.0,13387.551
2017-03-06,13278.0,13386.562
2017-03-07,13342.0,13384.101
2017-03-08,13336.0,13384.2
2017-03-09,13368.0,13384.355
2017-03-10,13403.0,13385.651
2017-03-13,13346.0,13384.714
2017-03-14,13372.0,13385.414
2017-03-15,13390.0,13385.862
2017-03-16,13217.0,13386.189
2017-03-17,13283.0,13385.194
2017-03-20,13330.0,13384.885
2017-03-21,13332.0,13384.211
2017-03-22,13308.0,13384.785
2017-03-23,13327.0,13385.808
2017-03-24,13318.0,13386.628
2017-03-26,13320.0,13388.044
2017-03-27,13308.0,13387.156
2017-03-28,13309.0,13386.948
2017-03-29,13303.0,13387.354
2017-03-30,13299.0,13387.369
2017-04-02,13335.0,13387.222
2017-04-03,13316.0,13385.82
2017-04-04,13332.0,13384.79
2017-04-05,13323.0,13383.192
2017-04-06,13353.0,13382.081
2017-04-09,13373.0,13382.091
2017-04-10,13271.0,13382.25
2017-04-11,13291.0,13381.486
2017-04-12,13277.0,13379.073
2017-04-13,13276.0,13376.246
2017-04-16,13287.0,13373.913
2017-04-17,13279.0,13374.695
2017-04-18,13296.0,13373.098
2017-04-19,13343.0,13371.228
2017-04-20,13317.0,13368.131
2017-04-23,13105.0,13364.633
2017-04-24,13124.0,13362.196
2017-04-25,13303.0,13357.981
2017-04-26,13261.0,13353.758
2017-04-27,13351.0,13355.41
2017-04-30,13322.0,13354.801
2017-05-01,13325.0,13352.293
2017-05-02,13295.0,13349.9
2017-05-03,13304.0,13348.709
2017-05-04,13340.0,13346.931
2017-05-07,13315.0,13347.296
2017-05-08,13324.0,13346.877
2017-05-09,13359.0,13346.678
2017-05-10,13353.0,13347.3955
2017-05-11,13312.0,13347.964
2017-05-14,13323.0,13348.8545
2017-05-15,13285.0,13347.692
2017-05-16,13274.0,13347.256
2017-05-17,13318.0,13346.136
2017-05-18,13399.0,13345.598
2017-05-21,13328.0,13345.669
2017-05-22,13296.0,13344.134
2017-05-23,13296.0,13345.296
2017-05-24,13302.0,13345.718
2017-05-25,13302.0,13346.888
2017-05-28,13288.0,13347.859
2017-05-29,13315.0,13348.2705
2017-05-30,13319.0,13349.995
2017-05-31,13294.0,13350.324
2017-06-01,13288.0,13348.987
2017-06-04,13304.0,13350.064
2017-06-05,13283.0,13357.589
2017-06-06,13259.0,13363.789
2017-06-07,13313.0,13363.425
2017-06-08,13293.0,13364.855
2017-06-11,13295.0,13363.115
2017-06-12,13314.0,13362.205
2017-06-13,13282.0,13361.38
2017-06-14,13286.0,13361.099
2017-06-15,13294.0,13360.324
2017-06-18,13277.0,13358.586
2017-06-19,13286.0,13357.825
2017-06-20,13291.0,13356.456
2017-06-21,13301.0,13353.696
2017-06-22,13341.0,13351.772
2017-06-25,13284.0,13351.408
2017-06-26,13318.0,13350.286
2017-06-27,13308.0,13351.028
2017-06-28,13296.0,13351.586
2017-06-29,13278.0,13350.755
2017-07-02,13298.0,13347.15
2017-07-03,13364.0,13346.1875
2017-07-04,13351.0,13347.014
2017-07-05,13363.0,13347.486
2017-07-06,13383.0,13348.293
2017-07-09,13408.0,13349.465
2017-07-11,13349.0,13351.43
2017-07-12,13363.0,13352.711
2017-07-13,13341.0,13354.197
2017-07-16,13332.0,13356.668
2017-07-17,13321.0,13358.952
2017-07-18,13302.0,13360.586
2017-07-19,13309.0,13362.566
2017-07-20,13303.0,13364.86
2017-07-23,13265.0,13365.291
2017-07-24,13316.0,13365.966
2017-07-25,13328.0,13366.86
2017-07-26,13329.0,13367.206
2017-07-27,13311.0,13368.846
2017-07-30,13320.0,13370.271
2017-07-31,13318.0,13371.138
2017-08-01,13317.0,13372.607
2017-08-02,13317.0,13373.683
2017-08-03,13319.0,13374.511
2017-08-06,13309.0,13374.877
2017-08-07,13315.0,13373.831
2017-08-08,13306.0,13375.131
2017-08-09,13326.0,13375.124
2017-08-10,13327.0,13375.794
2017-08-13,13351.0,13376.91
2017-08-14,13342.0,13378.848
2017-08-15,13354.0,13379.89
2017-08-16,13350.0,13378.6455
2017-08-17,13372.0,13378.059
2017-08-20,13355.0,13376.981
2017-08-21,13344.0,13375.266
2017-08-22,13325.0,13372.793
2017-08-23,13351.0,13372.25
2017-08-24,13333.0,13371.575
2017-08-27,13339.0,13371.428
2017-08-28,13303.0,13371.866
2017-08-29,13333.0,13372.414
2017-08-30,13334.0,13373.583
2017-08-31,13321.0,13374.68
2017-09-03,13331.0,13375.966
2017-09-04,13353.0,13378.496
2017-09-05,13333.0,13379.127
2017-09-06,13339.0,13379.335
2017-09-07,13289.0,13379.601
2017-09-10,13197.0,13380.036
2017-09-11,13176.0,13379.617
2017-09-12,13208.0,13378.338
2017-09-13,13242.0,13377.053
2017-09-14,13262.0,13375.863
2017-09-17,13252.0,13374.388
2017-09-18,13268.0,13372.824
2017-09-19,13256.0,13370.74
2017-09-20,13273.0,13368.7705
2017-09-21,13273.0,13366.329
2017-09-24,13306.0,13363.728
2017-09-25,13319.0,13360.561
2017-09-26,13375.0,13358.037
2017-09-27,13433.0,13355.532
2017-09-28,13508.0,13354.031
2017-10-01,13465.0,13352.915
2017-10-02,13531.0,13353.183
2017-10-03,13536.0,13355.42
2017-10-04,13470.0,13359.431
2017-10-05,13451.0,13363.15
2017-10-08,13497.0,13368.046
2017-10-09,13510.0,13372.806
2017-10-10,13510.0,13378.785
2017-10-11,13510.0,13383.471
2017-10-12,13498.0,13388.338
2017-10-15,13492.0,13393.462
2017-10-16,13476.0,13398.261
2017-10-17,13495.0,13402.82
2017-10-18,13510.0,13408.614
2017-10-19,13490.0,13414.609
2017-10-22,13516.0,13422.568
2017-10-23,13535.0,13433.847
2017-10-24,13525.0,13445.984
2017-10-25,13572.0,13456.7295
2017-10-26,13643.0,13466.795
2017-10-30,13588.0,13477.186
2017-10-31,13574.0,13488.439
2017-11-01,13554.0,13499.444
2017-11-02,13553.0,13511.201
2017-11-03,13543.0,13522.709
2017-11-06,13480.0,13533.718
2017-11-07,13483.0,13542.81
2017-11-08,13514.0,13551.005
2017-11-09,13503.0,13556.275
2017-11-10,13527.0,13559.252
2017-11-13,13512.0,13560.118
2017-11-14,13553.0,13561.946
2017-11-15,13545.0,13561.711
2017-11-17,13514.0,13561.618
2017-11-20,13508.0,13564.061
2017-11-21,13525.0,13567.025
2017-11-22,13519.0,13567.75
2017-11-23,13491.0,13568.175
2017-11-24,13489.0,13568.1
2017-11-27,13498.0,13567.858
2017-11-28,13511.0,13568.334
2017-11-29,13500.0,13568.888
2017-11-30,13504.0,13570.255
2017-12-01,13541.0,13570.908
2017-12-04,13560.0,13571.618
2017-12-05,13494.0,13573.191
2017-12-06,13513.0,13573.309
2017-12-07,13534.0,13572.868
2017-12-08,13553.0,13572.186
2017-12-11,13507.0,13570.093
2017-12-12,13552.0,13565.398
2017-12-13,13551.0,13562.828
2017-12-14,13540.0,13561.135
2017-12-15,13554.0,13560.093
2017-12-18,13568.0,13559.589
2017-12-19,13580.0,13559.93
2017-12-20,13575.0,13562.707
2017-12-21,13573.0,13565.4375
2017-12-22,13562.0,13567.124
2017-12-25,13551.0,13569.358
2017-12-26,13532.0,13570.381
2017-12-27,13552.0,13571.678
2017-12-28,13558.0,13571.624
2017-12-29,13558.0,13571.815
2018-01-01,13542.0,13573.297
2018-01-02,13550.0,13574.781
2018-01-03,13496.0,13575.823
2018-01-04,13468.0,13576.57
2018-01-05,13415.0,13578.197
2018-01-08,13427.0,13579.296
2018-01-09,13427.0,13579.586
2018-01-10,13430.0,13579.094
2018-01-11,13441.0,13578.906
2018-01-12,13393.0,13577.905
2018-01-15,13295.0,13575.105
2018-01-16,13305.0,13571.216
2018-01-17,13306.0,13569.34
2018-01-18,13336.0,13566.062
2018-01-19,13334.0,13561.626
2018-01-22,13325.0,13555.725
2018-01-23,13342.0,13550.389
2018-01-24,13336.0,13542.756
2018-01-25,13298.0,13534.228
2018-01-26,13299.0,13525.803
2018-01-29,13296.0,13516.583
2018-01-30,13367.0,13506.216
2018-01-31,13421.0,13495.462
2018-02-01,13383.0,13485.975
2018-02-02,13386.0,13477.422
2018-02-05,13411.0,13469.415
2018-02-06,13564.0,13461.792
2018-02-07,13544.0,13456.669
2018-02-08,13641.0,13451.65
2018-02-09,13598.0,13448.576
2018-02-12,13610.0,13446.284
2018-02-13,13643.0,13445.054
2018-02-14,13640.0,13444.824
2018-02-15,13622.0,13447.387
2018-02-16,13552.0,13451.818
2018-02-19,13552.0,13456.795
2018-02-20,13554.0,13461.1045
2018-02-21,13608.0,13465.979
2018-02-22,13612.0,13470.899
2018-02-23,13676.0,13476.26
2018-02-26,13652.0,13483.706
2018-02-27,13651.0,13494.688
2018-02-28,13694.0,13506.048
2018-03-01,13756.0,13517.822
2018-03-02,13741.0,13530.098
2018-03-05,13751.0,13542.576
2018-03-06,13737.0,13555.762
2018-03-07,13759.0,13568.972
2018-03-08,13745.0,13583.043
2018-03-09,13786.0,13598.872
2018-03-12,13772.0,13615.147
2018-03-13,13755.0,13631.598
2018-03-14,13740.0,13645.466
2018-03-15,13725.0,13658.134
2018-03-16,13758.0,13672.308
2018-03-19,13748.0,13686.025
2018-03-20,13771.0,13698.19
2018-03-21,13743.0,13704.926
2018-03-22,13705.0,13711.931
2018-03-23,13754.0,13715.26
2018-03-25,13762.0,13720.364
2018-03-26,13718.0,13725.084
2018-03-27,13740.0,13728.517
2018-03-28,13756.0,13732.195
2018-03-29,13757.0,13736.866
2018-04-01,13768.0,13744.65
2018-04-02,13748.0,13752.016
2018-04-03,13741.0,13759.487
2018-04-04,13751.0,13764.86
2018-04-05,13760.0,13769.652
2018-04-08,13763.0,13772.922
2018-04-09,13768.0,13777.165
2018-04-10,13742.099609375,13781.138
2018-04-11,13753.5,13783.146
2018-04-12,13767.0,13782.937
2018-04-15,13733.0,13783.583
2018-04-16,13766.0,13783.634
2018-04-17,13757.0,13784.417
2018-04-18,13769.0,13784.193
2018-04-19,13800.0,13784.434
2018-04-22,13899.0,13783.686
2018-04-23,13961.0,13784.493
2018-04-24,13872.0,13787.093
2018-04-25,13919.0,13789.843
2018-04-26,13879.0,13794.296
2018-04-29,13870.0,13797.855
2018-04-30,13901.0,13801.861
2018-05-01,13982.2998046875,13805.843
2018-05-02,14002.2998046875,13811.35
2018-05-03,13931.0,13818.535
2018-05-06,13933.0,13823.584
2018-05-07,14268.5,13828.907
2018-05-08,14264.099609375,13838.5
2018-05-09,14073.0,13848.575
2018-05-10,14073.0,13858.826
2018-05-13,13943.0,13869.123
2018-05-14,13963.0,13878.604
2018-05-15,14030.0,13888.367
2018-05-16,14149.2001953125,13898.096
2018-05-17,14153.5,13908.693
2018-05-20,14163.0,13918.297
2018-05-21,14220.0,13927.91
2018-05-22,14200.7998046875,13939.44
2018-05-23,14169.0,13952.37
2018-05-24,14124.0,13965.807
2018-05-27,14078.0,13979.379
2018-05-28,14010.0,13993.211
2018-05-29,14029.0,14004.92
2018-05-30,13977.0,14016.163
2018-05-31,13880.0,14026.349
2018-06-03,13938.0,14033.306
2018-06-04,13860.0,14036.402
2018-06-05,13870.0,14039.573
2018-06-06,13822.0,14045.867
2018-06-07,13863.0,14050.507
2018-06-10,13866.0,14056.2705
2018-06-11,13923.0,14060.976
2018-06-12,13923.0,14062.691
2018-06-13,13923.0,14060.867
2018-06-14,14121.400390625,14057.988
2018-06-17,13923.0,14055.333
2018-06-18,13923.0,14050.307
2018-06-19,13923.0,14036.277
2018-06-20,13923.0,14024.582
2018-06-21,14088.0,14020.274
2018-06-24,14073.0,14017.412
2018-06-25,14148.0,14018.539
2018-06-26,14188.0,14020.186
2018-06-27,14235.0,14020.266
2018-06-28,14350.0,14017.679
2018-07-01,14317.0,14017.036
2018-07-02,14347.0,14016.591
2018-07-03,14353.0,14016.362
2018-07-04,14400.0,14016.8955
2018-07-05,14378.7998046875,14019.275
2018-07-08,14307.0,14023.979
2018-07-09,14311.0,14029.762
2018-07-10,14375.0,14038.301
2018-07-11,14378.0,14046.0
2018-07-12,14385.0,14056.0205
2018-07-15,14373.0,14070.321
2018-07-16,14365.5,14082.94
2018-07-17,14377.0,14098.327
2018-07-18,14441.0,14113.517
2018-07-19,14468.0,14131.075
2018-07-22,14473.0,14147.937
2018-07-23,14567.5,14164.564
2018-07-24,14543.2998046875,14180.673
2018-07-25,14465.0,14196.593
2018-07-26,14525.0,14212.691
2018-07-29,14411.0,14224.17
2018-07-30,14403.0,14241.424
2018-07-31,14409.2001953125,14258.51
2018-08-01,14489.0,14274.954
2018-08-02,14521.0,14291.861
2018-08-05,14486.0,14304.137
2018-08-06,14543.2998046875,14316.439
2018-08-07,14422.0,14327.383
2018-08-08,14398.0,14336.009
2018-08-09,14472.0,14343.068
2018-08-12,14473.0,14347.245
2018-08-13,14594.0,14352.2
2018-08-14,14642.0,14356.45
2018-08-15,14555.7998046875,14360.479
2018-08-16,14598.599609375,14363.979
2018-08-19,14572.0,14368.687
2018-08-20,14562.0,14375.682
2018-08-21,14570.0,14383.623
2018-08-22,14572.0,14389.353
2018-08-23,14664.0,14395.638
2018-08-26,14559.0,14402.035
2018-08-27,14551.0,14408.021
2018-08-28,14653.0,14414.182
2018-08-29,14618.0,14419.91
2018-08-30,14751.0,14424.383
2018-09-02,14723.0,14428.771
2018-09-03,14832.0,14433.275
2018-09-04,14930.0,14437.378
2018-09-05,14979.900390625,14442.688
2018-09-06,14893.0,14451.935
2018-09-09,14813.0,14460.705
2018-09-10,14844.5,14471.878
2018-09-11,14837.0,14483.95
2018-09-12,14807.0,14495.282
2018-09-13,14740.0,14504.401
2018-09-16,14807.0,14512.217
2018-09-17,14907.099609375,14521.032
2018-09-18,14867.0,14529.686
2018-09-19,14880.0,14542.062
2018-09-20,14832.0,14556.0
2018-09-23,14812.0,14567.631
2018-09-24,14861.0,14578.126
2018-09-25,15021.5,14586.003
2018-09-26,14985.0,14593.201
2018-09-27,14918.7998046875,14603.156
2018-09-30,14902.0,14611.326
2018-10-01,15053.2998046875,14620.341
2018-10-02,15038.0,14630.875
2018-10-03,15139.2001953125,14642.005
2018-10-04,15408.900390625,14655.327
2018-10-07,15173.0,14669.054
2018-10-08,15400.0,14685.558
2018-10-09,15223.0,14704.16
2018-10-10,15196.0,14719.673
2018-10-11,15299.2001953125,14736.6875
2018-10-14,15198.0,14749.467
2018-10-15,15193.7998046875,14761.9375
2018-10-16,15193.0,14771.419
2018-10-17,15264.2998046875,14776.925
2018-10-18,15328.5,14783.296
2018-10-21,15181.0,14793.154
2018-10-22,15264.7001953125,14804.246
2018-10-23,15183.0,14816.059
2018-10-24,15269.5,14827.716
2018-10-25,15257.2998046875,14841.3
2018-10-29,15210.0,14856.16
2018-10-30,15297.7998046875,14867.624
2018-10-31,15273.099609375,14878.098
2018-11-01,15196.0,14887.3125
2018-11-02,15068.7001953125,14898.047
2018-11-05,14946.0,14909.524
2018-11-06,14921.599609375,14919.643
2018-11-07,14830.0,14928.535
2018-11-08,14598.900390625,14932.848
2018-11-09,14720.0,14938.295
2018-11-12,14678.0,14944.697
2018-11-13,14808.0,14950.014
2018-11-14,14794.2998046875,14951.764
2018-11-15,14813.2998046875,14950.584
2018-11-16,14562.2001953125,14947.248
2018-11-19,14605.0,14933.537
2018-11-20,14652.7001953125,14923.932
2018-11-21,14664.2998046875,14907.232
2018-11-22,14630.0,14891.227
2018-11-23,14600.0,14872.998
2018-11-26,14533.0,14850.501
2018-11-27,14526.900390625,14829.442
2018-11-28,14575.5,14809.009
2018-11-29,14459.7998046875,14787.963
2018-11-30,14356.0,14766.309
2018-12-03,14296.0,14743.476
2018-12-04,14339.0,14724.79
2018-12-05,14448.599609375,14703.173
2018-12-06,14431.599609375,14682.506
2018-12-07,14528.0,14658.133
2018-12-10,14463.0,14633.046
2018-12-11,14548.0,14608.113
2018-12-12,14637.400390625,14579.855
2018-12-13,14579.7998046875,14553.685
2018-12-14,14550.0,14529.205
2018-12-17,14578.0,14509.954
2018-12-18,14588.7001953125,14496.198
2018-12-19,14490.0,14484.838
2018-12-20,14493.0,14475.412
2018-12-21,14534.7998046875,14472.342
2018-12-24,14548.0,14466.206
2018-12-25,14548.0,14460.443
2018-12-26,14710.0,14451.293
2018-12-27,14609.400390625,14445.257
2018-12-28,14561.599609375,14438.922
2018-12-31,14553.0,14439.133
2019-01-01,14460.0,14437.3
2019-01-02,14460.0,14433.8
2019-01-03,14409.7001953125,14428.69
2019-01-04,14375.400390625,14424.252
2019-01-07,14267.0,14420.294
2019-01-08,14083.0,14416.583
2019-01-09,14138.0,14413.621
2019-01-10,14130.0,14410.602
2019-01-11,14048.0,14411.434
2019-01-14,14038.0,14415.0625
2019-01-15,14117.0,14419.389
2019-01-16,14111.0,14421.256
2019-01-17,14140.0,14417.99
2019-01-18,14173.0,14413.3955
2019-01-21,14168.0,14404.513
2019-01-22,14307.0,14393.598
2019-01-23,14208.0,14377.79
2019-01-24,14130.900390625,14358.596
2019-01-25,14189.0,14340.522
2019-01-28,14078.0,14322.299
2019-01-29,14063.0,14302.749
2019-01-30,14074.0,14287.647
2019-01-31,14033.0,14276.435
2019-02-01,13966.0,14264.953
2019-02-04,13933.0,14251.658
2019-02-05,13957.5,14236.88
2019-02-06,13950.5,14221.736
2019-02-07,13915.0,14201.691
2019-02-08,13966.0,14184.165
2019-02-11,13958.0,14167.467
2019-02-12,14033.0,14149.583
2019-02-13,14012.7001953125,14133.6045
2019-02-14,14151.0,14117.118
2019-02-15,14083.0,14102.211
2019-02-18,14136.0,14088.3955
2019-02-19,14192.5,14079.885
2019-02-20,14096.5,14079.594
2019-02-21,14033.0,14077.676
2019-02-22,14120.0,14076.261
2019-02-25,14051.0,14077.425
2019-02-26,14011.0,14078.97
2019-02-27,13960.0,14077.23
2019-02-28,14015.0,14074.674
2019-03-01,14194.0,14071.582
2019-03-04,14108.0,14067.279
2019-03-05,14205.0,14063.109
2019-03-06,14150.5,14056.914
2019-03-07,14214.5,14053.024
2019-03-08,14240.7998046875,14052.688
2019-03-11,14303.0,14051.181
2019-03-12,14283.0,14054.276
2019-03-13,14258.0,14058.532
2019-03-14,14258.0,14062.194
2019-03-15,14287.0,14068.267
2019-03-18,14251.0,14076.488
2019-03-19,14251.0,14085.673
2019-03-20,14223.0,14095.479
2019-03-21,14055.0,14104.81
2019-03-22,14133.0,14114.014
2019-03-25,14158.0,14121.449
2019-03-26,14173.0,14128.977
2019-03-27,14163.0,14134.385
2019-03-28,14346.0,14139.005
2019-03-29,14235.0,14140.822
2019-03-31,14233.0,14143.77
2019-04-01,14240.0,14145.802
2019-04-02,14213.0,14147.221
2019-04-03,14210.0,14151.37
2019-04-04,14151.0,14156.923
2019-04-07,14112.0,14159.845
2019-04-08,14191.0,14164.758
2019-04-09,14136.0,14170.896
2019-04-10,14177.0,14177.312
2019-04-11,14138.0,14182.619
2019-04-14,14086.0,14182.353
2019-04-15,14155.5,14184.483
2019-04-16,14079.0,14184.081
2019-04-17,14078.0,14184.905
2019-04-18,14036.0,14182.864
2019-04-21,14036.0,14178.764
2019-04-22,14061.5,14172.603
2019-04-23,14061.0,14166.356
2019-04-24,14154.0,14160.491
2019-04-25,14306.5,14155.213
2019-04-28,14165.0,14149.443
2019-04-29,14191.0,14144.955
2019-04-30,14243.0,14142.607
2019-05-01,14244.2998046875,14141.501
2019-05-02,14244.0,14146.259
2019-05-05,14230.0,14148.234
2019-05-06,14286.0,14149.714
2019-05-07,14346.2998046875,14150.931
2019-05-08,14288.0,14151.937
2019-05-09,14343.0,14148.695
2019-05-12,14318.0,14149.353
2019-05-13,14497.400390625,14150.105
2019-05-14,14423.0,14152.436
2019-05-15,14540.0,14156.06
2019-05-16,14569.5,14161.678
2019-05-19,14443.0,14169.897
2019-05-20,14448.0,14178.566
2019-05-22,14518.0,14185.361
2019-05-23,14453.0,14193.322
2019-05-26,14386.0,14200.972
2019-05-27,14445.0,14209.184
2019-05-28,14468.0,14219.026
2019-05-29,14393.0,14227.621
2019-05-30,14401.0,14238.164
2019-06-02,14268.0,14249.66
2019-06-03,14237.0,14261.917
2019-06-04,14260.0,14272.907
2019-06-05,14280.0,14283.339
2019-06-06,14256.0,14292.948
2019-06-09,14268.0,14299.471
2019-06-10,14276.0,14301.029
2019-06-11,14294.5,14305.921
2019-06-12,14262.0,14309.853
2019-06-13,14273.0,14311.93
2019-06-16,14318.0,14314.565
2019-06-17,14413.5,14316.197
2019-06-18,14289.5,14317.487
2019-06-19,14280.0,14317.527
2019-06-20,14142.0,14316.672
2019-06-23,14148.0,14317.048
2019-06-24,14183.0,14314.354
2019-06-25,14118.0,14311.83
2019-06-26,14215.5,14303.849
2019-06-27,14184.5,14297.353
2019-06-30,14121.0,14287.386
2019-07-01,14150.0,14276.426
2019-07-02,14196.0,14269.019
2019-07-03,14178.5,14261.076
2019-07-04,14150.0,14251.033
2019-07-07,14076.0,14241.908
2019-07-08,14187.0,14233.559
2019-07-09,14236.0,14223.859
2019-07-10,14161.5,14213.401
2019-07-11,14124.0,14206.303
2019-07-14,14000.0,14198.816
2019-07-15,13913.0,14194.7705
2019-07-16,14008.5,14190.84
2019-07-17,14023.0,14186.3
2019-07-18,13970.0,14181.823
2019-07-21,13941.0,14176.664
2019-07-22,13997.0,14170.109
2019-07-23,14039.0,14162.914
2019-07-24,14027.5,14154.669
2019-07-25,14052.7001953125,14147.627
2019-07-28,13997.0,14139.581
2019-07-29,14066.0,14128.927
2019-07-30,14066.400390625,14114.2295
2019-07-31,14165.0,14104.797
2019-08-01,14329.0,14097.84
2019-08-04,14173.0,14096.633
2019-08-05,14248.0,14094.789
2019-08-06,14258.0,14092.93
2019-08-07,14274.5,14094.221
2019-08-08,14236.5,14093.829
2019-08-11,14183.0,14095.144
2019-08-12,14241.0,14097.47
2019-08-13,14232.7998046875,14099.096
2019-08-14,14238.0,14098.545
2019-08-15,14333.0,14099.484
2019-08-18,14228.0,14101.987
2019-08-19,14337.2998046875,14105.31
2019-08-20,14326.099609375,14106.5625
2019-08-21,14275.0,14106.54
2019-08-22,14228.0,14109.733
2019-08-25,14206.0,14114.384
2019-08-26,14253.7998046875,14122.265
2019-08-27,14343.7998046875,14132.831
2019-08-28,14311.2998046875,14139.991
2019-08-29,14231.0,14148.118
2019-09-01,14178.0,14157.642
2019-09-02,14265.0,14167.015
2019-09-03,14260.7001953125,14175.303
2019-09-04,14146.0,14182.601
2019-09-05,14172.2998046875,14190.513
2019-09-08,14088.0,14197.229
2019-09-09,14024.0,14204.072
2019-09-10,14095.7998046875,14208.537
2019-09-11,14106.400390625,14211.742
2019-09-12,13983.0,14212.63
2019-09-15,13958.0,14207.65
2019-09-16,14170.2998046875,14206.116
2019-09-17,14126.7998046875,14202.379
2019-09-18,14126.0,14198.1045
2019-09-19,14158.0,14193.293
2019-09-22,14048.0,14189.485
2019-09-23,14078.0,14185.449
2019-09-24,14177.2998046875,14179.477
2019-09-25,14211.2998046875,14174.496
2019-09-26,14236.7998046875,14171.346
2019-09-29,14158.0,14165.553
2019-09-30,14219.400390625,14161.553
2019-10-01,14206.0,14155.993
2019-10-02,14188.0,14151.049
2019-10-03,14166.0,14148.406
2019-10-06,14128.0,14147.433
2019-10-07,14239.5,14145.785
