,Close,Close_Forecast
2002-02-13,10188.0,10430.579
2002-02-14,10230.0,10426.419
2002-02-15,10247.0,10422.88
2002-02-18,10235.0,10417.508
2002-02-19,10185.0,10412.958
2002-02-20,10187.0,10407.439
2002-02-21,10205.0,10402.188
2002-02-22,10215.0,10394.006
2002-02-25,10178.0,10385.12
2002-02-26,10175.0,10377.347
2002-02-27,10183.0,10367.979
2002-02-28,10150.0,10359.362
2002-03-01,10100.0,10349.092
2002-03-05,9985.0,10339.473
2002-03-06,9955.0,10329.352
2002-03-07,9943.0,10316.668
2002-03-08,10015.0,10305.506
2002-03-11,9945.0,10295.598
2002-03-12,9970.0,10283.117
2002-03-13,9975.0,10272.557
2002-03-14,9967.0,10264.925
2002-03-15,9995.0,10254.918
2002-03-18,9970.0,10244.777
2002-03-19,9965.0,10232.819
2002-03-20,9892.0,10221.655
2002-03-21,9870.0,10209.53
2002-03-22,9825.0,10195.798
2002-03-25,9705.0,10182.18
2002-03-26,9575.0,10168.9795
2002-03-27,9660.0,10157.6045
2002-03-28,9825.0,10145.709
2002-04-01,9770.0,10132.102
2002-04-02,9803.0,10117.027
2002-04-03,9655.0,10101.805
2002-04-04,9585.0,10084.683
2002-04-07,9547.0,10068.012
2002-04-08,9665.0,10048.237
2002-04-09,9580.0,10025.32
2002-04-10,9550.0,9998.65
2002-04-11,9545.0,9974.64
2002-04-14,9395.0,9955.521
2002-04-15,9433.0,9935.823
2002-04-16,9430.0,9920.801
2002-04-17,9390.0,9903.868
2002-04-18,9320.0,9888.947
2002-04-21,9352.0,9872.167
2002-04-22,9430.0,9852.02
2002-04-23,9325.0,9826.591
2002-04-24,9370.0,9807.244
2002-04-25,9305.0,9784.699
2002-04-28,9325.0,9756.108
2002-04-29,9330.0,9728.453
2002-05-01,9340.0,9698.902
2002-05-02,9310.0,9671.256
2002-05-05,9289.0,9643.615
2002-05-06,9290.0,9619.902
2002-05-07,9290.0,9597.258
2002-05-09,9285.0,9571.895
2002-05-12,9277.0,9551.501
2002-05-13,9270.0,9535.757
2002-05-14,9240.0,9518.057
2002-05-15,9150.0,9488.605
2002-05-16,9090.0,9461.779
2002-05-19,9040.0,9433.485
2002-05-20,9035.0,9411.261
2002-05-21,9065.0,9393.866
2002-05-22,8945.0,9376.792
2002-05-23,8957.5,9354.864
2002-05-26,8905.0,9337.154
2002-05-27,8867.5,9323.303
2002-05-28,8850.0,9307.623
2002-05-29,8843.0,9296.765
2002-05-30,8697.5,9283.512
2002-06-02,8545.0,9266.22
2002-06-03,8650.0,9249.287
2002-06-04,8925.0,9235.94
2002-06-05,9045.0,9220.838
2002-06-06,8875.0,9203.004
2002-06-09,8730.0,9189.01
2002-06-10,8775.0,9169.39
2002-06-11,8715.0,9151.012
2002-06-12,8751.0,9130.296
2002-06-13,8660.0,9104.564
2002-06-16,8688.0,9076.649
2002-06-17,8655.0,9052.118
2002-06-18,8695.0,9029.896
2002-06-19,8597.5,9009.082
2002-06-20,8630.0,8989.716
2002-06-23,8585.0,8968.94
2002-06-24,8657.5,8944.752
2002-06-25,8680.0,8918.722
2002-06-26,8640.0,8895.082
2002-06-27,8713.0,8872.541
2002-06-30,8710.0,8855.452
2002-07-01,8805.0,8843.455
2002-07-02,8965.0,8829.351
2002-07-03,8855.0,8817.131
2002-07-04,8860.0,8811.764
2002-07-07,8900.0,8811.569
2002-07-08,8910.0,8812.191
2002-07-09,8907.5,8812.838
2002-07-10,9135.0,8813.314
2002-07-11,9075.0,8817.175
2002-07-14,9047.5,8821.218
2002-07-15,9040.0,8828.621
2002-07-16,8965.0,8837.705
2002-07-17,8870.0,8834.646
2002-07-18,8775.0,8827.701
2002-07-21,8817.5,8828.027
2002-07-22,9005.0,8830.464
2002-07-23,9062.5,8832.789
2002-07-24,9005.0,8838.434
2002-07-25,9150.0,8844.688
2002-07-28,9250.0,8854.497
2002-07-29,9115.0,8864.248
2002-07-30,9064.5,8878.618
2002-07-31,9155.0,8889.584
2002-08-01,9075.0,8901.464
2002-08-04,9087.5,8913.999
2002-08-05,9085.0,8927.513
2002-08-06,9060.0,8938.766
2002-08-07,8990.0,8949.236
2002-08-08,8990.0,8962.204
2002-08-11,8850.0,8972.024
2002-08-12,8880.0,8983.912
2002-08-13,8775.0,8994.477
2002-08-14,8857.5,8995.753
2002-08-15,8815.0,9001.598
2002-08-18,8847.5,9005.145
2002-08-19,8845.0,9007.713
2002-08-20,8875.0,9013.162
2002-08-21,8845.0,9018.813
2002-08-22,8887.5,9016.432
2002-08-25,8930.0,9012.242
2002-08-26,8887.5,9009.001
2002-08-27,8886.0,9004.885
2002-08-28,8865.0,9000.342
2002-08-29,8855.0,8998.452
2002-09-01,8851.0,8998.701
2002-09-02,8842.5,9000.043
2002-09-03,8870.0,8994.198
2002-09-04,8863.0,8987.067
2002-09-05,8870.0,8983.135
2002-09-08,8825.0,8970.743
2002-09-09,8871.0,8950.578
2002-09-10,8893.0,8936.025
2002-09-11,8919.5,8921.805
2002-09-12,8975.0,8903.77
2002-09-15,9050.0,8891.536
2002-09-16,9060.0,8883.77
2002-09-17,9000.0,8879.024
2002-09-18,9025.0,8876.477
2002-09-19,9032.5,8878.394
2002-09-29,8994.0,8880.347
2002-09-30,9000.0,8885.686
2002-10-01,9007.0,8889.633
2002-10-02,9014.5,8896.584
2002-10-03,9014.5,8900.734
2002-10-06,9015.0,8905.524
2002-10-07,9005.0,8909.798
2002-10-08,8996.5,8913.42
2002-10-09,9010.0,8916.927
2002-10-10,9007.0,8922.536
2002-10-13,9345.0,8926.83
2002-10-14,9290.0,8933.234
2002-10-15,9194.0,8942.821
2002-10-16,9175.0,8952.376
2002-10-17,9214.0,8965.086
2002-10-20,9193.0,8977.33
2002-10-21,9200.0,8986.51
2002-10-22,9215.0,8995.818
2002-10-23,9215.0,9005.124
2002-10-24,9240.0,9015.599
2002-10-28,9224.0,9028.236
2002-10-29,9250.0,9041.77
2002-10-30,9227.0,9053.669
2002-10-31,9230.0,9063.781
2002-11-01,9225.0,9075.454
2002-11-04,9211.5,9085.112
2002-11-05,9205.0,9089.345
2002-11-06,9211.0,9092.639
2002-11-07,9205.0,9098.853
2002-11-08,9193.0,9105.658
2002-11-11,9147.0,9113.974
2002-11-12,9075.0,9123.545
2002-11-13,9047.0,9132.265
2002-11-14,9022.5,9139.513
2002-11-15,9027.0,9149.619
2002-11-18,8995.0,9155.754
2002-11-19,8965.0,9161.584
2002-11-20,8967.5,9167.881
2002-11-21,9020.0,9172.674
2002-11-22,8985.0,9177.927
2002-11-25,8975.0,9184.801
2002-11-26,8987.5,9176.737
2002-11-27,8935.0,9169.407
2002-11-28,8982.5,9164.353
2002-11-29,8977.5,9158.619
2002-12-02,8977.5,9151.133
2002-12-03,8980.0,9143.0
2002-12-04,8990.0,9134.452
2002-12-05,8990.0,9125.225
2002-12-06,8990.0,9115.156
2002-12-09,8977.5,9103.783
2002-12-11,8885.0,9093.447
2002-12-12,8867.5,9079.4
2002-12-13,8875.0,9065.541
2002-12-16,8815.0,9050.301
2002-12-17,8880.0,9033.871
2002-12-18,8890.0,9020.0625
2002-12-19,8895.0,9006.525
2002-12-20,8888.0,8992.884
2002-12-23,8895.0,8980.22
2002-12-24,8890.0,8969.522
2002-12-27,8917.5,8959.499
2002-12-30,8950.0,8953.787
2002-12-31,8950.0,8947.92
2003-01-02,8920.0,8941.6045
2003-01-03,8927.5,8935.617
2003-01-06,8934.5,8931.266
2003-01-07,8925.0,8929.1455
2003-01-08,8930.0,8927.925
2003-01-09,8932.5,8924.854
2003-01-10,8917.5,8924.569
2003-01-13,8880.0,8923.942
2003-01-14,8872.5,8920.46
2003-01-15,8865.0,8916.648
2003-01-16,8860.0,8910.115
2003-01-17,8870.0,8904.064
2003-01-20,8875.0,8900.622
2003-01-21,8880.0,8898.023
2003-01-22,8855.0,8896.082
2003-01-23,8886.5,8895.187
2003-01-24,8892.5,8893.703
2003-01-27,8892.5,8892.402
2003-01-28,8855.0,8892.433
2003-01-29,8850.0,8892.209
2003-01-30,8870.0,8891.327
2003-01-31,8870.0,8892.804
2003-02-03,8876.0,8892.516
2003-02-04,8870.0,8892.01
2003-02-05,8867.0,8891.15
2003-02-06,8869.0,8890.488
2003-02-07,8868.5,8889.232
2003-02-10,8865.0,8888.312
2003-02-11,8965.0,8886.566
2003-02-13,8945.0,8883.625
2003-02-14,8920.0,8881.274
2003-02-17,8905.0,8879.951
2003-02-18,8877.5,8879.041
2003-02-19,8880.0,8877.6
2003-02-20,8845.0,8876.402
2003-02-21,8915.5,8875.056
2003-02-24,8895.0,8873.759
2003-02-25,8887.5,8873.174
2003-02-26,8887.5,8873.716
2003-02-27,8897.5,8874.6045
2003-02-28,8883.5,8875.234
2003-03-03,8883.5,8876.394
2003-03-04,8830.0,8877.391
2003-03-05,8845.0,8878.061
2003-03-06,8866.0,8877.98
2003-03-07,8885.0,8878.518
2003-03-10,8883.0,8877.974
2003-03-11,8882.5,8877.39
2003-03-12,8892.5,8876.973
2003-03-13,8905.0,8877.642
2003-03-14,8917.5,8878.724
2003-03-17,8970.0,8879.29
2003-03-18,9040.0,8880.786
2003-03-19,9087.5,8882.221
2003-03-20,9020.0,8885.733
2003-03-21,8972.5,8889.863
2003-03-24,8950.0,8893.932
2003-03-25,8952.5,8897.315
2003-03-26,8915.0,8899.692
2003-03-27,8900.0,8899.069
2003-03-28,8912.5,8898.325
2003-03-30,8901.5,8898.887
2003-03-31,8885.0,8899.76
2003-04-01,8884.0,8901.679
2003-04-02,8894.5,8904.343
2003-04-03,8892.5,8909.338
2003-04-06,8884.0,8912.301
2003-04-07,8877.5,8915.635
2003-04-08,8864.5,8917.017
2003-04-09,8853.0,8917.869
2003-04-10,8877.5,8918.183
2003-04-13,8854.5,8918.202
2003-04-14,8842.5,8917.652
2003-04-15,8807.5,8917.659
2003-04-16,8725.0,8918.019
2003-04-20,8680.0,8918.719
2003-04-21,8740.0,8918.616
2003-04-22,8775.0,8918.033
2003-04-23,8727.5,8916.588
2003-04-24,8740.0,8914.357
2003-04-27,8738.0,8910.814
2003-04-28,8707.5,8906.861
2003-04-30,8675.0,8900.322
2003-12-01,8498.400390625,8890.773
2003-12-02,8486.099609375,8879.034
2003-12-03,8467.900390625,8869.882
2003-12-04,8492.5,8862.304
2003-12-05,8469.099609375,8854.761
2003-12-08,8492.7001953125,8848.0
2003-12-09,8474.2998046875,8843.602
2003-12-10,8502.2001953125,8839.702
2003-12-11,8442.2001953125,8835.306
2003-12-12,8471.400390625,8830.33
2003-12-15,8461.2001953125,8823.897
2003-12-16,8479.2998046875,8815.356
2003-12-17,8478.7001953125,8804.978
2003-12-18,8459.900390625,8793.228
2003-12-19,8488.599609375,8782.215
2003-12-22,8498.2998046875,8773.222
2003-12-23,8497.400390625,8765.61
2003-12-24,8501.2001953125,8759.494
2003-12-25,8493.7001953125,8752.694
2003-12-26,8497.900390625,8746.171
2003-12-29,8463.0,8739.4375
2003-12-30,8453.7998046875,8732.3545
2003-12-31,8404.2998046875,8726.962
2004-01-01,8336.7998046875,8721.634
2004-01-02,8445.400390625,8714.653
2004-01-05,8369.7998046875,8707.437
2004-01-06,8361.7998046875,8701.5205
2004-01-07,8369.2998046875,8696.326
2004-01-08,8338.0,8692.414
2004-01-09,8319.099609375,8687.809
2004-01-12,8340.0,8685.614
2004-01-13,8289.599609375,8684.772
2004-01-14,8380.7998046875,8684.496
2004-01-15,8360.400390625,8684.55
2004-01-16,8349.7001953125,8683.864
2004-01-19,8391.599609375,8683.426
2004-01-20,8392.7001953125,8683.099
2004-01-21,8372.7998046875,8682.312
2004-01-22,8398.2998046875,8681.526
2004-01-23,8417.0,8680.833
2004-01-26,8503.400390625,8679.864
2004-01-27,8426.7001953125,8679.591
2004-01-28,8535.7998046875,8679.591
2004-01-29,8413.400390625,8680.21
2004-01-30,8442.400390625,8679.831
2004-02-02,8452.2998046875,8679.648
2004-02-03,8460.7998046875,8678.969
2004-02-04,8449.400390625,8678.365
2004-02-05,8470.900390625,8678.149
2004-02-06,8451.400390625,8677.437
2004-02-09,8427.7001953125,8677.061
2004-02-10,8416.5,8676.637
2004-02-11,8407.2998046875,8676.6
2004-02-12,8398.400390625,8677.178
2004-02-13,8410.900390625,8677.387
2004-02-16,8391.2001953125,8677.615
2004-02-17,8391.900390625,8677.734
2004-02-18,8449.099609375,8677.913
2004-02-19,8394.7001953125,8678.628
2004-02-20,8451.7998046875,8678.991
2004-02-23,8438.0,8679.249
2004-02-24,8457.599609375,8679.309
2004-02-25,8439.400390625,8679.298
2004-02-26,8466.7001953125,8679.363
2004-02-27,8412.7998046875,8679.02
2004-03-01,8451.5,8679.745
2004-03-02,8521.5,8679.452
2004-03-03,8495.7001953125,8679.487
2004-03-04,8563.7001953125,8680.38
2004-03-05,8622.099609375,8681.787
2004-03-08,8543.7001953125,8682.798
2004-03-09,8620.2998046875,8683.325
2004-03-10,8575.099609375,8684.0
2004-03-11,8567.0,8683.284
2004-03-12,8633.0,8684.45
2004-03-15,8614.900390625,8685.579
2004-03-16,8620.5,8687.038
2004-03-17,8645.900390625,8688.504
2004-03-18,8533.2001953125,8690.453
2004-03-19,8616.2998046875,8692.07
2004-03-22,8561.5,8693.529
2004-03-23,8562.900390625,8694.768
2004-03-24,8707.2001953125,8695.897
2004-03-25,8711.7998046875,8697.432
2004-03-26,8717.599609375,8699.957
2004-03-28,8688.2001953125,8703.238
2004-03-29,8676.099609375,8706.602
2004-03-30,8585.5,8710.352
2004-03-31,8549.400390625,8712.828
2004-04-01,8716.099609375,8716.279
2004-04-04,8799.2001953125,8718.206
2004-04-05,8714.0,8720.344
2004-04-06,8584.0,8724.093
2004-04-07,8597.599609375,8726.569
2004-04-08,8591.900390625,8728.845
2004-04-11,8601.7998046875,8732.385
2004-04-12,8593.2001953125,8734.905
2004-04-13,8610.7001953125,8737.417
2004-04-14,8623.099609375,8739.221
2004-04-15,8609.7998046875,8739.579
2004-04-18,8606.7998046875,8740.429
2004-04-19,8660.7001953125,8740.657
2004-04-20,8676.599609375,8742.301
2004-04-21,8624.900390625,8743.985
2004-04-22,8608.5,8743.889
2004-04-25,8611.599609375,8744.392
2004-04-26,8625.2998046875,8744.657
2004-04-27,8681.7001953125,8744.691
2004-04-28,8694.900390625,8744.524
2004-04-29,8665.5,8745.378
2004-05-02,8700.400390625,8745.085
2004-05-03,8698.099609375,8747.447
2004-05-04,8690.7001953125,8751.186
2004-05-05,8702.400390625,8751.389
2004-05-06,8803.2001953125,8749.402
2004-05-09,8980.400390625,8747.787
2004-05-10,8964.7998046875,8749.475
2004-05-11,8903.599609375,8751.85
2004-05-12,8994.900390625,8755.769
2004-05-13,9031.099609375,8762.102
2004-05-16,8989.900390625,8765.22
2004-05-17,9052.400390625,8767.906
2004-05-18,9046.599609375,8773.358
2004-05-19,9013.599609375,8780.713
2004-05-20,9042.2998046875,8790.38
2004-05-23,9114.5,8803.259
2004-05-24,9255.2998046875,8815.404
2004-05-25,9247.599609375,8829.01
2004-05-26,9248.099609375,8844.064
2004-05-27,9262.0,8859.32
2004-05-30,9256.900390625,8875.113
2004-05-31,9345.7998046875,8890.953
2004-06-01,9458.900390625,8906.496
2004-06-02,9442.5,8923.944
2004-06-03,9455.7998046875,8945.82
2004-06-06,9293.599609375,8972.834
2004-06-07,9241.5,8997.218
2004-06-08,9282.7001953125,9017.402
2004-06-09,9348.7001953125,9038.5205
2004-06-10,9370.7998046875,9058.023
2004-06-13,9373.599609375,9077.434
2004-06-14,9388.099609375,9098.032
2004-06-15,9412.599609375,9119.965
2004-06-16,9407.599609375,9140.602
2004-06-17,9388.5,9161.817
2004-06-20,9379.900390625,9185.222
2004-06-21,9380.7001953125,9200.472
2004-06-22,9419.599609375,9213.589
2004-06-23,9397.5,9230.946
2004-06-24,9379.900390625,9243.586
2004-06-27,9420.0,9257.161
2004-06-28,9398.0,9273.43
2004-06-29,9409.099609375,9287.993
2004-06-30,9302.5,9302.562
2004-07-01,9121.7998046875,9316.217
2004-07-04,9139.099609375,9330.3125
2004-07-05,9000.7001953125,9340.298
2004-07-06,8993.5,9341.093
2004-07-07,8977.099609375,9344.256
2004-07-08,8880.7001953125,9345.807
2004-07-11,8791.5,9348.366
2004-07-12,8929.7001953125,9354.413
2004-07-13,8964.0,9356.841
2004-07-14,8962.0,9353.403
2004-07-15,8901.7001953125,9347.277
2004-07-18,8950.400390625,9337.203
2004-07-19,8975.7998046875,9328.884
2004-07-20,9000.2998046875,9318.356
2004-07-21,9037.599609375,9306.964
2004-07-22,9083.0,9290.292
2004-07-25,9133.5,9270.934
2004-07-26,9066.7998046875,9254.786
2004-07-27,9115.5,9234.798
2004-07-28,9173.5,9217.319
2004-07-29,9141.5,9205.368
2004-08-01,9141.400390625,9193.115
2004-08-02,9168.099609375,9181.127
2004-08-03,9194.2998046875,9164.084
2004-08-04,9178.7998046875,9143.9795
2004-08-05,9140.400390625,9123.21
2004-08-08,9171.900390625,9098.276
2004-08-09,9200.5,9071.081
2004-08-10,9257.099609375,9046.805
2004-08-11,9248.2001953125,9031.608
2004-08-12,9238.2001953125,9027.022
2004-08-15,9278.900390625,9031.035
2004-08-16,9282.400390625,9036.587
2004-08-17,9254.599609375,9046.638
2004-08-18,9234.400390625,9055.455
2004-08-19,9211.5,9065.168
2004-08-22,9280.400390625,9075.666
2004-08-23,9253.5,9091.003
2004-08-24,9274.7001953125,9103.477
2004-08-25,9296.5,9114.106
2004-08-26,9308.2998046875,9125.323
2004-08-29,9329.900390625,9138.276
2004-08-30,9361.5,9151.789
2004-08-31,9307.0,9165.186
2004-09-01,9262.7001953125,9175.091
2004-09-02,9275.2001953125,9184.003
2004-09-05,9279.599609375,9191.072
2004-09-06,9273.7998046875,9195.754
2004-09-07,9280.7998046875,9203.421
2004-09-08,9241.2998046875,9209.31
2004-09-09,9266.5,9213.649
2004-09-12,9220.099609375,9219.628
2004-09-13,9102.400390625,9226.63
2004-09-14,9113.900390625,9232.617
2004-09-15,8993.400390625,9236.298
2004-09-16,9038.7998046875,9239.308
2004-09-19,9022.2998046875,9243.518
2004-09-20,8991.599609375,9245.871
2004-09-21,9149.5,9247.51
2004-09-22,9121.7001953125,9247.298
2004-09-23,9106.099609375,9247.821
2004-09-26,9168.400390625,9247.754
2004-09-27,9229.7998046875,9243.108
2004-09-28,9172.0,9238.3125
2004-09-29,9147.0,9231.683
2004-09-30,9149.5,9223.671
2004-10-03,9089.599609375,9217.951
2004-10-04,9088.7998046875,9207.773
2004-10-05,9084.7998046875,9201.318
2004-10-06,9087.900390625,9195.942
2004-10-07,9083.7998046875,9188.393
2004-10-10,9074.099609375,9181.486
2004-10-11,9120.5,9173.058
2004-10-12,9121.7001953125,9159.772
2004-10-13,9098.2998046875,9147.212
2004-10-14,9080.400390625,9134.577
2004-10-17,9122.0,9120.253
2004-10-18,9068.900390625,9108.724
2004-10-19,9077.5,9100.01
2004-10-20,9093.7998046875,9093.699
2004-10-21,9044.0,9089.065
2004-10-24,9056.7998046875,9082.696
2004-10-25,9087.2998046875,9079.399
2004-10-26,9112.0,9079.489
2004-10-27,9100.0,9079.141
2004-10-28,9078.099609375,9083.593
2004-11-01,9086.2998046875,9085.683
2004-11-02,9090.900390625,9086.861
2004-11-03,9096.599609375,9089.238
2004-11-04,9067.2001953125,9084.531
2004-11-05,9055.099609375,9079.469
2004-11-08,8936.0,9077.297
2004-11-09,8975.2998046875,9072.605
2004-11-10,9043.599609375,9066.191
2004-11-11,9057.400390625,9062.996
2004-11-12,8980.099609375,9060.537
2004-11-15,8992.7998046875,9058.361
2004-11-16,8984.2998046875,9058.212
2004-11-17,8986.2998046875,9057.367
2004-11-18,9010.900390625,9055.98
2004-11-19,8981.2998046875,9055.271
2004-11-22,8997.099609375,9051.724
2004-11-23,8972.900390625,9049.022
2004-11-24,8962.2001953125,9044.916
2004-11-25,8943.7998046875,9039.442
2004-11-26,8992.0,9036.501
2004-11-29,9007.099609375,9034.665
2004-11-30,9018.2998046875,9030.251
2004-12-01,8991.099609375,9026.783
2004-12-02,9029.099609375,9022.489
2004-12-03,9009.900390625,9016.549
2004-12-06,9063.099609375,9014.508
2004-12-07,9083.7998046875,9010.688
2004-12-08,9149.2001953125,9005.204
2004-12-09,9159.2001953125,9001.824
2004-12-10,9254.2998046875,9001.336
2004-12-13,9266.0,9003.813
2004-12-14,9300.0,9006.629
2004-12-15,9236.7001953125,9009.737
2004-12-16,9263.7998046875,9013.444
2004-12-17,9269.5,9017.766
2004-12-20,9289.5,9022.8545
2004-12-21,9314.2998046875,9032.364
2004-12-22,9313.2998046875,9043.335
2004-12-23,9266.900390625,9051.688
2004-12-24,9249.7998046875,9060.629
2004-12-27,9271.099609375,9071.275
2004-12-28,9328.0,9081.553
2004-12-29,9305.7001953125,9091.618
2004-12-30,9318.5,9102.688
2004-12-31,9359.0,9112.768
2005-01-03,9282.599609375,9125.41
2005-01-04,9286.400390625,9135.68
2005-01-05,9278.2001953125,9147.796
2005-01-06,9300.900390625,9160.6455
2005-01-07,9289.0,9174.191
2005-01-10,9277.099609375,9185.708
2005-01-11,9271.099609375,9196.189
2005-01-12,9187.599609375,9205.751
2005-01-13,9133.2001953125,9216.672
2005-01-14,9156.599609375,9226.355
2005-01-17,9126.2001953125,9238.076
2005-01-18,9150.599609375,9245.558
2005-01-19,9161.2001953125,9252.576
2005-01-20,9147.7998046875,9257.219
2005-01-21,9143.2001953125,9261.137
2005-01-24,9142.900390625,9261.924
2005-01-25,9145.2998046875,9261.682
2005-01-26,9130.400390625,9258.667
2005-01-27,9144.7001953125,9256.307
2005-01-28,9143.599609375,9251.868
2005-01-31,9157.599609375,9247.478
2005-02-01,9230.0,9240.793
2005-02-02,9177.7998046875,9234.977
2005-02-03,9186.0,9227.741
2005-02-04,9187.2001953125,9221.371
2005-02-07,9212.5,9216.458
2005-02-08,9278.900390625,9209.609
2005-02-09,9273.900390625,9203.281
2005-02-10,9268.7998046875,9199.021
2005-02-11,9268.2001953125,9193.21
2005-02-14,9242.2001953125,9186.271
2005-02-15,9268.599609375,9180.637
2005-02-16,9286.2998046875,9174.336
2005-02-17,9280.900390625,9170.201
2005-02-18,9240.5,9164.619
2005-02-21,9262.5,9164.4795
2005-02-22,9187.400390625,9164.749
2005-02-23,9199.2998046875,9163.427
2005-02-24,9246.0,9165.231
2005-02-25,9255.900390625,9169.269
2005-02-28,9258.2998046875,9173.457
2005-03-01,9286.2998046875,9178.674
2005-03-02,9269.900390625,9182.715
2005-03-03,9283.900390625,9186.301
2005-03-04,9333.5,9190.639
2005-03-07,9322.5,9195.993
2005-03-08,9376.7998046875,9200.477
2005-03-09,9328.900390625,9206.976
2005-03-10,9358.2001953125,9214.496
2005-03-11,9357.2001953125,9222.157
2005-03-14,9366.7998046875,9230.829
2005-03-15,9348.2001953125,9237.931
2005-03-16,9334.599609375,9241.523
2005-03-17,9360.0,9247.304
2005-03-18,9352.2001953125,9253.044
2005-03-21,9405.0,9259.007
2005-03-22,9394.2998046875,9264.3
2005-03-23,9406.0,9267.336
2005-03-24,9407.0,9271.978
2005-03-25,9405.2001953125,9277.428
2005-03-27,9445.0,9281.763
2005-03-28,9516.0,9289.057
2005-03-29,9506.0,9296.484
2005-03-30,9465.0,9303.279
2005-03-31,9462.0,9310.783
2005-04-03,9474.2998046875,9320.34
2005-04-04,9477.7998046875,9327.461
2005-04-05,9471.7001953125,9337.705
2005-04-06,9492.400390625,9347.548
2005-04-07,9479.599609375,9355.398
2005-04-10,9485.0,9364.326
2005-04-11,9480.0,9372.32
2005-04-12,9479.599609375,9379.423
2005-04-13,9512.400390625,9386.557
2005-04-14,9526.2001953125,9393.761
2005-04-17,9562.0,9400.42
2005-04-18,9562.0,9408.294
2005-04-19,9564.0,9413.936
2005-04-20,9675.0,9421.85
2005-04-21,9672.0,9431.47
2005-04-24,9740.0,9441.815
2005-04-25,9676.7001953125,9453.965
2005-04-26,9550.099609375,9466.181
2005-04-27,9565.900390625,9476.25
2005-04-28,9555.0,9485.024
2005-05-01,9520.7001953125,9494.573
2005-05-02,9519.2998046875,9500.087
2005-05-03,9505.0,9506.833
2005-05-04,9503.900390625,9512.607
2005-05-05,9482.0,9519.783
2005-05-08,9473.5,9528.229
2005-05-09,9448.0,9537.162
2005-05-10,9448.0,9543.117
2005-05-11,9465.0,9546.682
2005-05-12,9473.599609375,9550.96
2005-05-15,9460.5,9553.982
2005-05-16,9420.0,9555.502
2005-05-17,9422.0,9557.652
2005-05-18,9437.400390625,9557.773
2005-05-19,9437.0,9558.533
2005-05-22,9455.0,9557.063
2005-05-23,9467.0,9555.609
2005-05-24,9466.900390625,9556.774
2005-05-25,9481.599609375,9555.278
2005-05-26,9468.599609375,9552.91
2005-05-29,9480.5,9547.503
2005-05-30,9508.0,9538.025
2005-05-31,9562.2998046875,9529.216
2005-06-01,9565.0,9519.768
2005-06-02,9576.900390625,9508.148
2005-06-05,9576.900390625,9500.816
2005-06-06,9532.7001953125,9490.743
2005-06-07,9583.099609375,9482.447
2005-06-08,9615.0,9480.113
2005-06-09,9586.900390625,9477.545
2005-06-12,9610.0,9476.384
2005-06-13,9605.0,9478.241
2005-06-14,9592.0,9480.951
2005-06-15,9621.599609375,9484.495
2005-06-16,9584.900390625,9488.492
2005-06-19,9657.599609375,9492.404
2005-06-20,9648.0,9497.744
2005-06-21,9645.0,9504.883
2005-06-22,9637.2001953125,9512.265
2005-06-23,9638.7998046875,9519.049
2005-06-26,9649.599609375,9525.002
2005-06-27,9695.599609375,9531.419
2005-06-28,9693.2001953125,9541.229
2005-06-29,9753.400390625,9550.528
2005-06-30,9792.900390625,9561.055
2005-07-03,9855.0,9573.198
2005-07-04,9872.0,9586.016
2005-07-05,9772.0,9599.594
2005-07-06,9785.2001953125,9612.654
2005-07-07,9789.5,9623.745
2005-07-10,9743.7998046875,9635.108
2005-07-11,9750.0,9645.546
2005-07-12,9784.599609375,9654.58
2005-07-13,9792.599609375,9662.142
2005-07-14,9777.5,9671.235
2005-07-17,9784.599609375,9680.195
2005-07-18,9780.7998046875,9688.971
2005-07-19,9813.0,9700.493
2005-07-20,9758.400390625,9708.291
2005-07-21,9778.5,9715.228
2005-07-24,9810.0,9722.347
2005-07-25,9805.2001953125,9727.369
2005-07-26,9830.0,9733.06
2005-07-27,9830.0,9739.864
2005-07-28,9798.7998046875,9747.581
2005-07-31,9780.0,9757.888
2005-08-01,9738.7998046875,9764.6875
2005-08-02,9737.2998046875,9772.268
2005-08-03,9710.5,9777.676
2005-08-04,9733.900390625,9783.144
2005-08-07,9773.7001953125,9787.992
2005-08-08,9785.0,9791.107
2005-08-09,9762.0,9793.537
2005-08-10,9780.0,9796.814
2005-08-11,9793.0,9799.281
2005-08-14,9875.0,9800.593
2005-08-15,9890.0,9798.347
2005-08-16,9895.0,9793.361
2005-08-17,9965.099609375,9795.211
2005-08-18,9981.5,9799.247
2005-08-21,10000.0,9804.662
2005-08-22,10048.0,9813.573
2005-08-23,10260.0,9822.898
2005-08-24,10318.0,9835.075
2005-08-25,10393.0,9849.361
2005-08-28,10730.0,9867.613
2005-08-29,10289.0,9891.263
2005-08-30,9929.099609375,9910.31
2005-08-31,10153.0,9921.956
2005-09-01,10353.0,9938.946
2005-09-04,10285.0,9953.656
2005-09-05,10526.0,9967.832
2005-09-06,10369.0,9989.109
2005-09-07,10340.0,10009.748
2005-09-08,10182.0,10033.819
2005-09-11,10079.0,10057.979
2005-09-12,10080.0,10083.926
2005-09-13,10000.0,10107.221
2005-09-14,10034.0,10123.75
2005-09-15,10145.0,10143.432
2005-09-18,10145.0,10159.637
2005-09-19,10222.0,10175.286
2005-09-20,10225.0,10197.741
2005-09-21,10318.0,10220.137
2005-09-22,10221.0,10243.454
2005-09-25,10205.0,10256.274
2005-09-26,10268.0,10266.876
2005-09-27,10365.0,10278.911
2005-09-28,10315.0,10284.805
2005-09-29,10286.0,10290.53
2005-10-02,10295.0,10296.049
2005-10-03,10186.0,10305.213
2005-10-04,9997.900390625,10314.405
2005-10-05,10025.0,10310.997
2005-10-06,10026.0,10306.202
2005-10-09,10068.0,10299.154
2005-10-10,10045.0,10270.44
2005-10-11,10101.0,10256.516
2005-10-12,10114.0,10259.933
2005-10-13,10116.0,10259.533
2005-10-16,10116.0,10257.065
2005-10-17,10075.0,10258.564
2005-10-18,10075.0,10247.413
2005-10-19,10064.0,10238.578
2005-10-20,10077.0,10228.622
2005-10-23,10070.0,10222.989
2005-10-24,9972.0,10220.759
2005-10-25,9980.099609375,10217.856
2005-10-26,10005.0,10220.027
2005-10-27,10034.0,10221.846
2005-10-31,10120.0,10215.194
2005-11-01,10007.0,10209.145
2005-11-02,10032.0,10201.984
2005-11-03,10044.0,10191.745
2005-11-04,10075.0,10174.667
2005-11-07,10075.0,10159.86
2005-11-08,10090.0,10145.9375
2005-11-09,9905.0,10130.364
2005-11-10,10026.0,10113.514
2005-11-11,9956.0,10103.198
2005-11-14,9945.0,10095.45
2005-11-15,10000.0,10086.174
2005-11-16,10000.0,10079.71
2005-11-17,10010.0,10079.986
2005-11-18,10060.0,10079.28
2005-11-21,10032.0,10078.504
2005-11-22,10027.0,10076.546
2005-11-23,10031.0,10074.349
2005-11-24,10056.0,10069.952
2005-11-25,10058.0,10063.623
2005-11-28,10035.0,10057.229
2005-11-29,10030.0,10054.567
2005-11-30,10010.0,10052.985
2005-12-01,9998.7001953125,10051.681
2005-12-02,9985.099609375,10051.211
2005-12-05,9945.2998046875,10048.859
2005-12-06,9898.7001953125,10046.446
2005-12-07,9917.599609375,10048.36
2005-12-08,9770.0,10047.17
2005-12-09,9676.2001953125,10046.285
2005-12-12,9746.099609375,10044.227
2005-12-13,9751.0,10038.742
2005-12-14,9830.900390625,10038.657
2005-12-15,9829.099609375,10038.058
2005-12-16,9868.900390625,10036.8955
2005-12-19,9835.5,10034.283
2005-12-20,9845.0,10028.839
2005-12-21,9874.0,10022.569
2005-12-22,9830.0,10020.379
2005-12-23,9845.0,10009.389
2005-12-26,9871.599609375,10001.746
2005-12-27,9820.0,9993.323
2005-12-28,9868.7001953125,9983.271
2005-12-29,9815.599609375,9976.107
2005-12-30,9806.2001953125,9968.381
2006-01-02,9826.900390625,9958.511
2006-01-03,9648.900390625,9948.967
2006-01-04,9623.0,9936.741
2006-01-05,9582.400390625,9924.069
2006-01-06,9528.900390625,9906.972
2006-01-09,9458.7001953125,9888.736
2006-01-10,9442.0,9872.1
2006-01-11,9383.0,9858.929
2006-01-12,9335.0,9851.279
2006-01-13,9249.2998046875,9845.79
2006-01-16,9358.900390625,9839.988
2006-01-17,9453.599609375,9832.917
2006-01-18,9485.0,9824.757
2006-01-19,9387.0,9814.108
2006-01-20,9411.2001953125,9805.23
2006-01-23,9438.0,9797.532
2006-01-24,9478.0,9787.457
2006-01-25,9345.0,9772.831
2006-01-26,9358.0,9754.298
2006-01-27,9398.400390625,9732.648
2006-01-30,9375.599609375,9707.038
2006-01-31,9355.099609375,9688.027
2006-02-01,9310.0,9666.049
2006-02-02,9347.5,9641.561
2006-02-03,9280.2998046875,9617.845
2006-02-06,9330.7001953125,9590.55
2006-02-07,9185.0,9560.8955
2006-02-08,9262.0,9530.761
2006-02-09,9225.0,9497.055
2006-02-10,9218.400390625,9465.381
2006-02-13,9226.0,9435.523
2006-02-14,9190.5,9407.631
2006-02-15,9212.900390625,9392.45
2006-02-16,9185.2001953125,9381.556
2006-02-17,9204.0,9372.573
2006-02-20,9226.0,9365.509
2006-02-21,9241.900390625,9357.194
2006-02-22,9244.2998046875,9350.73
2006-02-23,9260.0,9344.648
2006-02-24,9274.599609375,9336.122
2006-02-27,9297.099609375,9333.765
2006-02-28,9232.599609375,9325.944
2006-03-01,9242.7001953125,9314.507
2006-03-02,9106.400390625,9300.21
2006-03-03,9170.2001953125,9289.026
2006-03-06,9172.0,9277.949
2006-03-07,9239.2001953125,9268.087
2006-03-08,9302.0,9253.4
2006-03-09,9300.0,9245.026
2006-03-10,9198.900390625,9237.444
2006-03-13,9226.5,9225.668
2006-03-14,9165.0,9218.525
2006-03-15,9093.7001953125,9211.614
2006-03-16,9105.7998046875,9208.728
2006-03-17,9113.7001953125,9204.388
2006-03-20,9133.5,9201.458
2006-03-21,9172.400390625,9196.038
2006-03-22,9081.5,9196.211
2006-03-23,9089.0,9195.451
2006-03-24,9058.0,9196.416
2006-03-26,9017.099609375,9196.833
2006-03-27,9064.400390625,9195.463
2006-03-28,9115.5,9193.217
2006-03-29,9064.400390625,9190.662
2006-03-30,9035.7001953125,9187.342
2006-04-02,8998.400390625,9182.703
2006-04-03,8953.0,9177.795
2006-04-04,8978.099609375,9169.454
2006-04-05,9011.2998046875,9163.355
2006-04-06,8988.7001953125,9156.632
2006-04-09,8959.2001953125,9146.551
2006-04-10,8958.099609375,9137.33
2006-04-11,8983.599609375,9131.547
2006-04-12,8981.0,9121.626
2006-04-13,8984.2998046875,9118.389
2006-04-16,8953.2998046875,9109.655
2006-04-17,8911.900390625,9098.405
2006-04-18,8872.0,9086.931
2006-04-19,8920.7001953125,9071.181
2006-04-20,8873.900390625,9055.047
2006-04-23,8818.7001953125,9046.426
2006-04-24,8807.099609375,9034.478
2006-04-25,8784.2001953125,9025.073
2006-04-26,8766.2998046875,9017.844
2006-04-27,8762.7998046875,9010.068
2006-04-30,8824.2001953125,9002.536
2006-05-01,8770.599609375,8993.574
2006-05-02,8766.7998046875,8981.227
2006-05-03,8764.099609375,8972.657
2006-05-04,8777.0,8962.607
2006-05-07,8748.0,8952.22
2006-05-08,8710.599609375,8945.013
2006-05-09,8724.7998046875,8934.612
2006-05-10,8682.7998046875,8922.403
2006-05-11,8752.0,8913.259
2006-05-14,9104.7998046875,8905.47
2006-05-15,9188.599609375,8898.17
2006-05-16,8978.900390625,8894.441
2006-05-17,9124.900390625,8890.291
2006-05-18,9189.2001953125,8888.225
2006-05-21,9242.7001953125,8887.743
2006-05-22,9304.7001953125,8891.361
2006-05-23,9343.2998046875,8899.033
2006-05-24,9323.400390625,8905.8
2006-05-25,9303.2001953125,8914.971
2006-05-28,9293.400390625,8926.17
2006-05-29,9184.5,8933.506
2006-05-30,9270.7001953125,8939.152
2006-05-31,9323.7998046875,8950.096
2006-06-01,9247.900390625,8961.434
2006-06-04,9299.5,8971.3
2006-06-05,9341.2001953125,8984.941
2006-06-06,9357.5,9002.648
2006-06-07,9472.2001953125,9019.853
2006-06-08,9376.5,9040.391
2006-06-11,9392.5,9063.092
2006-06-12,9510.099609375,9081.107
2006-06-13,9470.599609375,9102.045
2006-06-14,9364.2001953125,9124.738
2006-06-15,9270.7001953125,9147.096
2006-06-18,9318.2001953125,9165.911
2006-06-19,9310.7998046875,9183.328
2006-06-20,9257.099609375,9207.815
2006-06-21,9314.5,9227.7705
2006-06-22,9360.2998046875,9251.701
2006-06-25,9300.0,9275.734
2006-07-02,9050.0,9284.778
2006-07-17,9211.2998046875,9293.8
2006-07-18,9140.2998046875,9309.774
2006-07-19,9155.2998046875,9317.851
2006-07-20,9114.900390625,9322.596
2006-07-23,9159.0,9325.713
2006-07-24,9159.7001953125,9324.92
2006-07-25,9046.900390625,9321.065
2006-07-26,9059.400390625,9322.252
2006-07-27,9021.0,9322.588
2006-07-30,9074.2001953125,9316.427
2006-07-31,9069.599609375,9318.615
2006-08-01,9104.2001953125,9313.575
2006-08-02,9083.099609375,9306.07
2006-08-03,9062.7001953125,9301.108
2006-08-06,9077.2998046875,9291.751
2006-08-07,9121.0,9281.758
2006-08-08,9062.0,9268.884
2006-08-09,9087.400390625,9246.227
2006-08-10,9065.900390625,9227.865
2006-08-13,9079.099609375,9212.105
2006-08-14,9085.599609375,9189.551
2006-08-15,9095.5,9169.512
2006-08-16,9087.0,9153.687
2006-08-17,9047.7001953125,9141.735
2006-08-20,9065.7998046875,9130.939
2006-08-21,9051.2001953125,9116.284
2006-08-22,9103.0,9107.081
2006-08-23,9176.400390625,9093.263
2006-08-24,9134.0,9079.218
2006-08-27,9123.099609375,9068.229
2006-08-28,9058.7001953125,9068.294
2006-08-29,9089.5,9062.858
2006-08-30,9104.0,9060.447
2006-08-31,9085.2001953125,9059.307
2006-09-03,9069.7001953125,9058.72
2006-09-04,9097.599609375,9056.514
2006-09-05,9097.2998046875,9054.239
2006-09-06,9093.099609375,9055.5205
2006-09-07,9119.599609375,9056.598
2006-09-10,9104.099609375,9059.926
2006-09-11,9147.900390625,9061.081
2006-09-12,9141.0,9063.555
2006-09-13,9142.7001953125,9063.254
2006-09-14,9112.099609375,9064.2
2006-09-17,9073.400390625,9065.765
2006-09-18,9142.2001953125,9066.78
2006-09-19,9150.7001953125,9065.406
2006-09-20,9117.2001953125,9067.576
2006-09-21,9150.599609375,9069.777
2006-09-24,9233.5,9072.995
2006-09-25,9214.5,9077.707
2006-09-26,9196.7998046875,9081.415
2006-09-27,9207.2001953125,9083.461
2006-09-28,9209.7001953125,9086.878
2006-10-01,9183.2998046875,9090.463
2006-10-02,9164.400390625,9094.321
2006-10-03,9196.7998046875,9098.886
2006-10-04,9193.0,9101.34
2006-10-05,9261.2001953125,9101.62
2006-10-08,9262.2998046875,9105.042
2006-10-09,9314.0,9109.294
2006-10-10,9227.7998046875,9117.448
2006-10-11,9197.0,9124.143
2006-10-12,9202.5,9128.72
2006-10-15,9175.0,9133.849
2006-10-16,9155.599609375,9138.277
2006-10-17,9121.400390625,9140.997
2006-10-18,9112.5,9143.413
2006-10-19,9109.599609375,9146.292
2006-10-22,9156.099609375,9150.269
2006-10-23,9157.099609375,9155.174
2006-10-24,9148.599609375,9159.865
2006-10-25,9147.7001953125,9164.635
2006-10-26,9092.2998046875,9167.684
2006-10-30,9099.099609375,9170.462
2006-10-31,9083.099609375,9173.412
2006-11-01,9090.900390625,9172.728
2006-11-02,9093.400390625,9171.047
2006-11-03,9103.400390625,9169.542
2006-11-06,9111.099609375,9168.458
2006-11-07,9109.2001953125,9163.99
2006-11-08,9103.7001953125,9161.577
2006-11-09,9106.7001953125,9160.655
2006-11-10,9111.400390625,9157.03
2006-11-13,9105.7998046875,9152.695
2006-11-14,9120.0,9146.944
2006-11-15,9170.7998046875,9141.868
2006-11-16,9193.7998046875,9135.685
2006-11-17,9145.400390625,9129.684
2006-11-20,9149.400390625,9122.117
2006-11-21,9129.099609375,9116.607
2006-11-22,9123.900390625,9109.305
2006-11-23,9114.400390625,9104.968
2006-11-24,9134.7001953125,9102.775
2006-11-27,9126.7001953125,9099.304
2006-11-28,9163.099609375,9096.742
2006-11-29,9162.7998046875,9094.721
2006-11-30,9155.400390625,9093.303
2006-12-01,9149.2001953125,9094.559
2006-12-04,9130.5,9095.894
2006-12-05,9094.2998046875,9096.227
2006-12-06,9100.099609375,9096.279
2006-12-07,9103.2001953125,9095.686
2006-12-08,9020.2998046875,9094.901
2006-12-11,9084.0,9095.668
2006-12-12,9064.2001953125,9096.32
2006-12-13,9056.2001953125,9098.07
2006-12-14,9051.5,9100.107
2006-12-15,9056.2001953125,9102.395
2006-12-18,9054.5,9103.692
2006-12-19,9113.2998046875,9104.763
2006-12-20,9109.2001953125,9105.097
2006-12-21,9053.0,9104.573
2006-12-22,9087.099609375,9102.42
2006-12-25,9086.7998046875,9100.1875
2006-12-26,9065.2998046875,9097.885
2006-12-27,9063.900390625,9094.796
2006-12-28,9035.900390625,9091.303
2006-12-29,8980.7001953125,9086.038
2007-01-01,8965.7001953125,9083.249
2007-01-02,8987.5,9080.786
2007-01-03,8952.5,9077.393
2007-01-04,9007.2001953125,9074.039
2007-01-05,9015.599609375,9070.554
2007-01-08,9023.599609375,9064.881
2007-01-09,9037.7001953125,9060.67
2007-01-10,9051.2001953125,9054.514
2007-01-11,9109.2001953125,9049.173
2007-01-12,9106.400390625,9044.926
2007-01-15,9099.7001953125,9039.286
2007-01-16,9068.400390625,9033.551
2007-01-17,9104.599609375,9031.074
2007-01-18,9081.099609375,9031.091
2007-01-19,9073.7001953125,9031.201
2007-01-22,9066.2001953125,9035.103
2007-01-23,9065.400390625,9036.033
2007-01-24,9057.599609375,9036.035
2007-01-25,9038.900390625,9036.409
2007-01-26,9096.5,9034.099
2007-01-29,9100.0,9030.928
2007-01-30,9086.400390625,9028.735
2007-01-31,9031.2001953125,9025.301
2007-02-01,9071.599609375,9023.358
2007-02-02,9057.2001953125,9024.555
2007-02-05,9047.2998046875,9024.468
2007-02-06,9039.099609375,9023.8955
2007-02-07,9011.7001953125,9024.6875
2007-02-08,9035.7998046875,9025.066
2007-02-09,9043.400390625,9025.93
2007-02-12,9073.900390625,9029.56
2007-02-13,9067.2001953125,9033.422
2007-02-14,9077.099609375,9036.338
2007-02-15,9038.599609375,9040.4
2007-02-16,9040.7001953125,9042.173
2007-02-19,9030.400390625,9042.65
2007-02-20,9052.5,9043.0205
2007-02-21,9058.400390625,9042.198
2007-02-22,9071.5,9041.662
2007-02-23,9075.400390625,9038.636
2007-02-26,9043.0,9035.698
2007-02-27,9092.599609375,9034.514
2007-02-28,9124.2001953125,9034.814
2007-03-01,9142.2998046875,9034.003
2007-03-02,9173.400390625,9034.36
2007-03-05,9262.5,9036.167
2007-03-06,9203.7001953125,9039.593
2007-03-07,9170.900390625,9043.214
2007-03-08,9156.2998046875,9046.394
2007-03-09,9161.2998046875,9050.434
2007-03-12,9167.7998046875,9052.095
2007-03-13,9209.099609375,9053.5205
2007-03-14,9219.7001953125,9056.792
2007-03-15,9183.0,9062.696
2007-03-16,9210.400390625,9067.041
2007-03-19,9185.2001953125,9072.742
2007-03-20,9151.0,9078.328
2007-03-21,9057.2998046875,9083.344
2007-03-22,9098.400390625,9089.471
2007-03-23,9105.599609375,9094.609
2007-03-25,9090.599609375,9098.083
2007-03-26,9099.400390625,9100.898
2007-03-27,9142.099609375,9104.736
2007-03-28,9116.5,9108.39
2007-03-29,9081.0,9113.683
2007-04-01,9114.7001953125,9119.984
2007-04-02,9108.2998046875,9125.232
2007-04-03,9112.0,9128.151
2007-04-04,9084.099609375,9131.192
2007-04-05,9104.5,9132.694
2007-04-08,9090.599609375,9131.433
2007-04-09,9107.5,9132.121
2007-04-10,9101.099609375,9131.747
2007-04-11,9087.900390625,9130.521
2007-04-12,9080.5,9128.662
2007-04-15,9107.400390625,9125.849
2007-04-16,9074.7998046875,9118.8125
2007-04-17,9065.2001953125,9114.411
2007-04-18,9072.900390625,9110.214
2007-04-19,9097.2998046875,9105.635
2007-04-22,9078.2001953125,9100.397
2007-04-23,9073.099609375,9094.787
2007-04-24,9070.2001953125,9088.524
2007-04-25,9074.2001953125,9082.116
2007-04-26,9031.0,9079.525
2007-04-29,9102.2001953125,9075.576
2007-04-30,9067.2001953125,9071.918
2007-05-01,9067.7998046875,9067.974
2007-05-02,9041.2998046875,9068.553
2007-05-03,8946.7001953125,9067.806
2007-05-06,8948.2001953125,9065.6875
2007-05-07,8871.5,9064.611
2007-05-08,8805.599609375,9062.571
2007-05-09,8759.7998046875,9058.6455
2007-05-10,8777.2001953125,9055.022
2007-05-13,8791.5,9053.119
2007-05-14,8791.0,9050.791
2007-05-15,8797.099609375,9048.013
2007-05-16,8785.400390625,9045.178
2007-05-17,8807.2998046875,9041.814
2007-05-20,8741.5,9036.678
2007-05-21,8753.7001953125,9030.621
2007-05-22,8719.400390625,9020.97
2007-05-23,8783.900390625,9010.002
2007-05-24,8782.2998046875,8999.791
2007-05-27,8780.2998046875,8988.473
2007-05-28,8783.599609375,8976.678
2007-05-29,8827.2998046875,8967.775
2007-05-30,8818.900390625,8959.711
2007-05-31,8817.599609375,8953.007
2007-06-03,8766.7001953125,8941.856
2007-06-04,8746.599609375,8929.898
2007-06-05,8804.2001953125,8915.577
2007-06-06,8870.5,8899.245
2007-06-07,9096.400390625,8884.009
2007-06-10,9072.2001953125,8872.205
2007-06-11,9105.900390625,8864.3955
2007-06-12,9065.599609375,8859.49
2007-06-13,9091.599609375,8854.463
2007-06-14,9030.400390625,8851.677
2007-06-17,9005.2001953125,8853.166
2007-06-18,9000.5,8854.604
2007-06-19,8943.2998046875,8858.876
2007-06-20,8946.0,8863.211
2007-06-21,8991.2998046875,8869.402
2007-06-24,8994.0,8874.902
2007-06-25,9083.5,8880.295
2007-06-26,9064.900390625,8887.471
2007-06-27,9084.7998046875,8894.522
2007-06-28,9025.099609375,8902.169
2007-07-01,9005.2001953125,8909.269
2007-07-02,9000.400390625,8916.346
2007-07-03,8998.400390625,8923.185
2007-07-04,9005.2998046875,8930.409
2007-07-05,9037.2001953125,8937.193
2007-07-08,9014.2001953125,8943.028
2007-07-09,8963.0,8950.107
2007-07-10,9031.400390625,8958.452
2007-07-11,9049.0,8966.483
2007-07-12,9014.7001953125,8973.599
2007-07-15,9038.099609375,8980.216
2007-07-16,9032.2001953125,8987.229
2007-07-17,9087.0,8994.223
2007-07-18,9092.900390625,8999.106
2007-07-19,9070.2001953125,9002.966
2007-07-22,9078.099609375,9000.04
2007-07-23,9028.7998046875,8999.021
2007-07-24,9082.2998046875,8998.567
2007-07-25,9062.7998046875,9000.277
2007-07-26,9138.599609375,9000.404
2007-07-29,9187.099609375,9003.837
2007-07-30,9213.599609375,9007.682
2007-07-31,9294.0,9012.4795
2007-08-01,9273.599609375,9020.18
2007-08-02,9220.7998046875,9029.018
2007-08-05,9213.099609375,9036.447
2007-08-06,9250.0,9044.111
2007-08-07,9209.099609375,9048.795
2007-08-08,9296.0,9053.295
2007-08-09,9286.900390625,9058.038
2007-08-12,9350.099609375,9065.949
2007-08-13,9402.599609375,9077.468
2007-08-14,9437.2998046875,9091.185
2007-08-15,9457.2998046875,9105.691
2007-08-16,9464.5,9120.977
2007-08-19,9383.7001953125,9134.508
2007-08-20,9441.5,9148.296
2007-08-21,9378.7998046875,9163.502
2007-08-22,9351.599609375,9174.551
2007-08-23,9381.599609375,9184.58
2007-08-26,9401.599609375,9197.799
2007-08-27,9427.5,9212.012
2007-08-28,9376.5,9228.36
2007-08-29,9420.5,9242.759
2007-08-30,9454.5,9255.876
2007-09-02,9471.2001953125,9269.654
2007-09-03,9370.0,9283.202
2007-09-04,9396.900390625,9296.499
2007-09-05,9383.2998046875,9306.891
2007-09-06,9395.900390625,9317.767
2007-09-10,9401.599609375,9327.172
2007-09-11,9355.7001953125,9335.111
2007-09-12,9403.2998046875,9343.87
2007-09-13,9357.900390625,9347.847
2007-09-16,9383.7001953125,9353.48
2007-09-17,9307.5,9361.402
2007-09-18,9207.099609375,9368.619
2007-09-19,9144.2001953125,9374.683
2007-09-20,9155.099609375,9381.04
2007-09-23,9127.7001953125,9382.009
2007-09-24,9148.099609375,9384.277
2007-09-25,9142.7001953125,9383.987
2007-09-26,9126.900390625,9382.818
2007-09-27,9093.5,9380.657
2007-09-30,9112.0,9377.159
2007-10-01,9077.400390625,9372.047
2007-10-02,9125.099609375,9369.254
2007-10-03,9123.400390625,9360.804
2007-10-04,9050.400390625,9353.58
2007-10-07,9106.099609375,9344.256
2007-10-08,9057.099609375,9332.273
2007-10-09,9081.599609375,9321.925
2007-10-10,9041.900390625,9306.639
2007-10-11,9042.900390625,9295.218
2007-10-14,9057.2998046875,9280.065
2007-10-15,9075.7998046875,9262.096
2007-10-16,9050.2998046875,9243.786
2007-10-17,9000.0,9229.334
2007-10-18,9055.599609375,9210.663
2007-10-21,9131.0,9192.879
2007-10-22,9135.5,9173.22
2007-10-23,9158.7998046875,9153.291
2007-10-24,9117.2001953125,9136.708
2007-10-25,9112.7001953125,9117.95
2007-10-29,9063.2001953125,9103.3545
2007-10-30,9090.2998046875,9090.627
2007-10-31,9087.7998046875,9080.877
2007-11-01,9087.7998046875,9075.071
2007-11-02,9049.5,9072.95
2007-11-05,9135.5,9069.266
2007-11-06,9102.7998046875,9067.948
2007-11-07,9133.5,9064.626
2007-11-08,9125.599609375,9061.399
2007-11-09,9107.900390625,9060.073
2007-11-12,9203.2998046875,9059.845
2007-11-13,9141.2998046875,9060.713
2007-11-14,9223.400390625,9062.2295
2007-11-15,9241.099609375,9062.136
2007-11-16,9013.900390625,9064.361
2007-11-19,9313.7001953125,9067.656
2007-11-20,9310.599609375,9071.388
2007-11-21,9372.400390625,9078.4
2007-11-22,9374.900390625,9085.334
2007-11-23,9408.7998046875,9096.962
2007-11-27,9386.599609375,9109.506
2007-11-28,9383.7001953125,9120.309
2007-11-29,9370.599609375,9130.666
2007-11-30,9370.5,9139.504
2007-12-03,9319.599609375,9149.741
2007-12-04,9286.099609375,9160.655
2007-12-05,9297.099609375,9168.046
2007-12-06,9247.7998046875,9175.303
2007-12-07,9270.2001953125,9179.234
2007-12-10,9259.0,9188.673
2007-12-11,9287.7001953125,9198.431
2007-12-12,9258.099609375,9209.649
2007-12-13,9298.2001953125,9221.043
2007-12-14,9314.7998046875,9229.836
2007-12-17,9329.0,9239.237
2007-12-19,9410.7001953125,9249.372
2007-12-20,9444.2001953125,9257.939
2007-12-21,9405.0,9264.525
2007-12-24,9405.7001953125,9267.356
2007-12-25,9406.0,9277.95
2007-12-26,9347.0,9286.9
2007-12-27,9416.900390625,9295.529
2007-12-28,9385.0,9308.302
2007-12-31,9459.900390625,9315.04
2008-01-01,9445.599609375,9321.889
2008-01-02,9390.7998046875,9338.431
2008-01-03,9417.099609375,9338.107
2008-01-04,9441.7998046875,9337.156
2008-01-07,9439.5,9334.539
2008-01-08,9424.7001953125,9334.981
2008-01-09,9426.400390625,9335.535
2008-01-10,9425.400390625,9335.484
2008-01-11,9420.400390625,9338.0205
2008-01-14,9370.099609375,9340.515
2008-01-15,9442.900390625,9343.362
2008-01-16,9515.400390625,9347.999
2008-01-17,9457.900390625,9354.083
2008-01-18,9444.7998046875,9359.333
2008-01-21,9574.5,9367.131
2008-01-22,9455.5,9376.54
2008-01-23,9340.400390625,9383.84
2008-01-24,9338.599609375,9389.101
2008-01-25,9337.5,9396.309
2008-01-28,9336.900390625,9400.22
2008-01-29,9346.599609375,9403.678
2008-01-30,9252.5,9408.316
2008-01-31,9209.900390625,9408.459
2008-02-01,9210.400390625,9409.256
2008-02-04,9219.400390625,9410.936
2008-02-05,9210.2001953125,9414.196
2008-02-06,9247.0,9415.16
2008-02-07,9336.5,9416.514
2008-02-08,9231.900390625,9414.286
2008-02-11,9278.7001953125,9412.893
2008-02-12,9227.400390625,9407.457
2008-02-13,9264.5,9399.492
2008-02-14,9202.7001953125,9393.9
2008-02-15,9173.2998046875,9387.7295
2008-02-18,9187.7001953125,9377.5205
2008-02-19,9154.099609375,9368.335
2008-02-20,9139.099609375,9361.393
2008-02-21,9082.599609375,9355.934
2008-02-22,9164.7998046875,9347.713
2008-02-25,9158.2998046875,9333.647
2008-02-26,9037.2001953125,9322.593
2008-02-27,9036.7998046875,9310.084
2008-02-28,9059.2001953125,9289.236
2008-02-29,9039.400390625,9271.017
2008-03-03,9092.400390625,9255.247
2008-03-04,9093.599609375,9234.992
2008-03-05,9078.7001953125,9220.162
2008-03-06,9016.2001953125,9208.698
2008-03-07,9036.400390625,9200.214
2008-03-10,9180.099609375,9191.972
2008-03-11,9151.599609375,9183.512
2008-03-12,9119.0,9173.876
2008-03-13,9183.2001953125,9165.858
2008-03-14,9228.2998046875,9159.857
2008-03-18,9259.2998046875,9153.191
2008-03-19,9188.599609375,9149.489
2008-03-20,9161.0,9146.376
2008-03-21,9031.2998046875,9142.526
2008-03-24,9168.099609375,9132.671
2008-03-25,9169.2001953125,9127.57
2008-03-26,9146.400390625,9119.849
2008-03-27,9182.900390625,9111.473
2008-03-28,9220.7001953125,9103.66
2008-03-30,9223.599609375,9098.852
2008-04-01,9185.7001953125,9098.508
2008-04-02,9199.099609375,9099.203
2008-04-03,9158.5,9100.748
2008-04-06,9185.900390625,9101.484
2008-04-07,9198.7001953125,9104.446
2008-04-08,9221.599609375,9104.118
2008-04-09,9179.599609375,9104.327
2008-04-10,9180.7998046875,9109.167
2008-04-13,9181.7001953125,9115.046
2008-04-14,9183.599609375,9121.268
2008-04-15,9187.5,9128.113
2008-04-16,9191.5,9133.142
2008-04-17,9175.0,9137.624
2008-04-20,9163.2001953125,9140.543
2008-04-21,9120.7998046875,9144.883
2008-04-22,9204.2998046875,9148.937
2008-04-23,9191.2001953125,9147.79
2008-04-24,9220.2998046875,9147.445
2008-04-27,9338.2998046875,9151.639
2008-04-28,9210.099609375,9152.692
2008-04-29,9354.5,9153.6875
2008-05-01,9212.0,9156.286
2008-05-04,9195.7001953125,9158.794
2008-05-05,9207.599609375,9159.903
2008-05-06,9218.2998046875,9166.213
2008-05-07,9207.599609375,9168.075
2008-05-08,9213.599609375,9169.022
2008-05-11,9183.7998046875,9172.17
2008-05-12,9239.900390625,9173.196
2008-05-13,9290.5,9174.124
2008-05-14,9313.900390625,9175.237
2008-05-15,9228.2001953125,9179.495
2008-05-18,9257.7998046875,9181.8545
2008-05-19,9183.7998046875,9184.066
2008-05-20,9375.2001953125,9185.329
2008-05-21,9408.5,9186.563
2008-05-22,9295.400390625,9188.9795
2008-05-25,9297.7998046875,9193.13
2008-05-26,9340.0,9198.674
2008-05-27,9278.7998046875,9207.112
2008-05-28,9361.599609375,9211.816
2008-05-29,9346.7998046875,9218.308
2008-06-01,9343.7998046875,9223.659
2008-06-02,9401.900390625,9225.733
2008-06-03,9412.599609375,9235.753
2008-06-04,9276.099609375,9243.036
2008-06-05,9161.7998046875,9247.494
2008-06-08,9341.0,9252.196
2008-06-09,9317.0,9257.159
2008-06-10,9308.099609375,9258.47
2008-06-11,9365.2001953125,9262.937
2008-06-12,9423.099609375,9261.684
2008-06-15,9303.599609375,9265.758
2008-06-16,9286.7998046875,9270.664
2008-06-17,9277.599609375,9277.912
2008-06-18,9266.2001953125,9283.472
2008-06-19,9251.2001953125,9288.549
2008-06-22,9311.7001953125,9290.985
2008-06-23,9269.0,9297.679
2008-06-24,9188.400390625,9299.784
2008-06-25,9192.2998046875,9298.81
2008-06-26,9193.7001953125,9299.292
2008-06-29,9194.5,9301.431
2008-07-01,9203.400390625,9301.744
2008-07-02,9202.2001953125,9306.807
2008-07-03,9194.2001953125,9304.155
2008-07-06,9189.2001953125,9298.657
2008-07-07,9208.2998046875,9296.936
2008-07-08,9157.099609375,9293.82
2008-07-09,9152.0,9287.455
2008-07-10,9058.099609375,9283.293
2008-07-13,9141.5,9275.236
2008-07-14,9140.2998046875,9266.805
2008-07-15,9184.2998046875,9261.702
2008-07-16,9158.7001953125,9254.267
2008-07-17,9137.099609375,9244.541
2008-07-20,9150.2998046875,9238.889
2008-07-21,9151.099609375,9237.995
2008-07-22,9210.0,9227.246
2008-07-23,9110.2998046875,9217.366
2008-07-24,9140.5,9207.097
2008-07-27,9120.400390625,9195.829
2008-07-28,9106.900390625,9182.321
2008-07-29,9118.599609375,9173.823
2008-07-30,9108.099609375,9167.018
2008-08-25,9312.7998046875,9159.936
2008-08-26,9159.400390625,9153.8545
2008-08-27,9165.7001953125,9149.468
2008-08-28,9193.5,9143.578
2008-08-31,9253.2001953125,9139.755
2008-09-01,9500.5,9138.962
2008-09-02,9521.099609375,9140.421
2008-09-03,9330.400390625,9145.777
2008-09-04,9318.900390625,9150.648
2008-09-07,9377.7998046875,9156.854
2008-09-08,9357.599609375,9166.649
2008-09-09,9470.2001953125,9169.289
2008-09-10,9461.2001953125,9176.234
2008-09-11,9299.099609375,9182.83
2008-09-14,9118.900390625,9190.658
2008-09-15,9468.2001953125,9196.996
2008-09-16,9367.7001953125,9208.739
2008-09-17,9385.0,9218.994
2008-09-18,9389.2001953125,9226.411
2008-09-21,9277.7001953125,9235.881
2008-09-22,9327.2998046875,9244.721
2008-09-23,9367.099609375,9251.159
2008-09-24,9360.400390625,9260.09
2008-09-25,9393.0,9269.488
2008-09-28,9442.7001953125,9277.316
2008-09-29,9481.7001953125,9284.411
2008-09-30,9536.2001953125,9294.543
2008-10-01,9431.0,9307.896
2008-10-02,9453.7001953125,9318.979
2008-10-05,9572.099609375,9332.859
2008-10-06,9605.099609375,9348.272
2008-10-07,9572.400390625,9354.456
2008-10-08,9634.900390625,9368.866
2008-10-09,9876.099609375,9384.838
2008-10-12,9713.7001953125,9403.54
2008-10-13,9715.400390625,9417.635
2008-10-14,9823.7001953125,9424.245
2008-10-15,9838.0,9430.441
2008-10-16,9868.900390625,9445.412
2008-10-19,9953.7001953125,9464.617
2008-10-20,9858.099609375,9481.245
2008-10-21,9954.0,9500.829
2008-10-22,9854.0,9518.128
2008-10-23,9993.7001953125,9532.024
2008-10-27,10832.0,9555.94
2008-10-28,10542.0,9604.446
2008-10-29,10700.0,9638.3545
2008-10-30,10782.0,9682.272
2008-10-31,11024.0,9731.269
2008-11-03,11065.0,9783.488
2008-11-04,10749.0,9841.028
2008-11-05,10453.0,9891.143
2008-11-06,11100.0,9933.516
2008-11-07,11155.0,9988.649
2008-11-10,11124.0,10048.827
2008-11-11,11171.0,10106.28
2008-11-12,11218.0,10166.258
2008-11-13,11314.0,10225.8125
2008-11-14,11493.0,10295.719
2008-11-17,11865.0,10368.61
2008-11-18,12009.0,10435.66
2008-11-19,12000.0,10506.582
2008-11-20,12372.0,10584.838
2008-11-21,11955.0,10673.736
2008-11-24,12407.0,10752.777
2008-11-25,12416.0,10841.705
2008-11-26,12549.0,10933.664
2008-11-27,12552.0,11027.458
2008-11-28,12749.0,11125.451
2008-12-01,12233.0,11231.137
2008-12-02,12313.0,11316.503
2008-12-03,11961.0,11405.562
2008-12-04,11949.0,11486.573
2008-12-05,12002.0,11572.88
2008-12-08,11430.0,11652.827
2008-12-09,10856.0,11698.571
2008-12-10,10889.0,11758.61
2008-12-11,10926.0,11813.831
2008-12-12,10909.0,11868.803
2008-12-15,11100.0,11924.733
2008-12-16,10853.0,11966.954
2008-12-17,10863.0,12021.549
2008-12-18,10953.0,12081.657
2008-12-19,11244.0,12113.932
2008-12-22,10934.0,12129.172
2008-12-23,11179.0,12132.636
2008-12-24,11165.0,12128.282
2008-12-25,11158.0,12117.37
2008-12-26,11148.0,12093.61
2008-12-29,11111.0,12081.064
2008-12-30,11032.0,12045.896
2008-12-31,11160.0,12011.504
2009-01-01,11142.0,11970.1455
2009-01-02,10991.0,11901.795
2009-01-05,10929.0,11853.093
2009-01-06,10992.0,11788.701
2009-01-07,10852.0,11703.243
2009-01-09,11001.0,11603.659
2009-01-12,11109.0,11499.982
2009-01-13,11076.0,11390.389
2009-01-14,11101.0,11309.517
2009-01-15,11087.0,11226.18
2009-01-16,10964.0,11184.659
2009-01-19,11128.0,11158.136
2009-01-20,11308.0,11123.516
2009-01-21,11129.0,11105.948
2009-01-22,11160.0,11109.719
2009-01-23,11255.0,11118.905
2009-01-26,11060.0,11133.701
2009-01-27,11043.0,11145.553
2009-01-28,11369.0,11144.696
2009-01-29,11414.0,11154.989
2009-01-30,11328.0,11166.079
2009-02-02,11725.0,11179.217
2009-02-03,11667.0,11185.833
2009-02-04,11622.0,11201.874
2009-02-05,11681.0,11212.242
2009-02-06,11559.0,11228.037
2009-02-09,11793.0,11243.101
2009-02-10,11838.0,11260.608
2009-02-11,11878.0,11284.221
2009-02-12,11689.0,11312.238
2009-02-13,11812.0,11330.773
2009-02-16,11873.0,11355.928
2009-02-17,12075.0,11388.401
2009-02-18,11869.0,11425.484
2009-02-19,11982.0,11455.273
2009-02-20,11650.0,11495.209
2009-02-23,12031.0,11523.819
2009-02-24,11786.0,11551.543
2009-02-25,11935.0,11581.7295
2009-02-26,12045.0,11606.482
2009-02-27,12041.0,11634.484
2009-03-02,12145.0,11674.716
2009-03-03,12029.0,11711.204
2009-03-04,12043.0,11740.751
2009-03-05,11995.0,11771.678
2009-03-06,12048.0,11801.429
2009-03-09,12064.0,11824.339
2009-03-10,11925.0,11857.812
2009-03-11,11842.0,11891.021
2009-03-12,11901.0,11907.14
2009-03-13,11950.0,11925.417
2009-03-16,11988.0,11952.344
2009-03-17,11936.0,11965.013
2009-03-18,11624.0,11979.536
2009-03-19,11930.0,11991.584
2009-03-20,11726.0,12002.622
2009-03-23,11694.0,12017.059
2009-03-24,11814.0,12024.237
2009-03-25,11585.0,12026.051
2009-03-26,11505.0,12024.627
2009-03-27,11456.0,12033.361
2009-03-29,11548.0,12037.647
2009-03-30,11590.0,12039.935
2009-03-31,11538.0,12030.012
2009-04-01,11459.0,12029.175
2009-04-02,11396.0,12019.622
2009-04-05,11467.0,12018.586
2009-04-06,11294.0,12005.4795
2009-04-07,11320.0,11999.07
2009-04-08,11354.0,11981.766
2009-04-09,11336.0,11961.735
2009-04-12,11178.0,11935.973
2009-04-13,10892.0,11905.539
2009-04-14,10851.0,11883.799
2009-04-15,10969.0,11854.895
2009-04-16,11083.0,11832.635
2009-04-19,10684.0,11804.771
2009-04-20,10828.0,11768.338
2009-04-21,10824.0,11735.465
2009-04-22,10787.0,11706.596
2009-04-23,10693.0,11680.128
2009-04-26,10889.0,11644.753
2009-04-27,10796.0,11601.586
2009-04-28,10686.0,11560.127
2009-04-29,10713.0,11528.78
2009-04-30,10598.0,11483.829
2009-05-03,10477.0,11442.867
2009-05-04,10410.0,11408.459
2009-05-05,10420.0,11366.494
2009-05-06,10366.0,11327.867
2009-05-07,10258.0,11285.33
2009-05-10,10296.0,11246.288
2009-05-11,10318.0,11207.683
2009-05-12,10362.0,11165.528
2009-05-13,10338.0,11116.718
2009-05-14,10326.0,11069.172
2009-05-17,10251.0,11025.632
2009-05-18,10271.0,10972.77
2009-05-19,10337.0,10924.136
2009-05-20,10252.0,10877.891
2009-05-21,10181.0,10833.659
2009-05-24,10177.0,10788.017
2009-05-25,10300.0,10745.129
2009-05-26,10684.0,10717.873
2009-05-27,10321.0,10691.972
2009-05-28,10155.0,10660.166
2009-05-31,10151.0,10619.896
2009-06-01,10229.0,10597.421
2009-06-02,10125.0,10566.706
2009-06-03,10070.0,10531.14
2009-06-04,9949.5,10500.197
2009-06-07,10006.0,10473.504
2009-06-08,10012.0,10436.201
2009-06-09,10013.0,10406.645
2009-06-10,10024.0,10385.742
2009-06-11,10104.0,10366.052
2009-06-14,10175.0,10353.016
2009-06-15,10203.0,10343.419
2009-06-16,10179.0,10332.18
2009-06-17,10450.0,10319.795
2009-06-18,10426.0,10306.0
2009-06-21,10185.0,10297.986
2009-06-22,10341.0,10290.297
2009-06-23,10331.0,10279.735
2009-06-24,10297.0,10283.725
2009-06-25,10262.0,10287.649
2009-06-28,10238.0,10287.253
2009-06-29,10179.0,10286.916
2009-06-30,10105.0,10281.587
2009-07-01,10239.0,10272.141
2009-07-02,10237.0,10257.568
2009-07-05,10225.0,10243.531
2009-07-06,10269.0,10241.96
2009-07-07,10297.0,10243.449
2009-07-08,10187.0,10226.787
2009-07-09,10035.0,10223.868
2009-07-12,10125.0,10229.825
2009-07-13,10184.9501953125,10234.335
2009-07-14,10048.0,10233.64
2009-07-15,9990.0,10236.753
2009-07-16,10045.0,10240.828
2009-07-19,10150.0,10252.662
2009-07-20,9990.7998046875,10260.086
2009-07-21,9987.2998046875,10268.673
2009-07-22,10070.0,10273.915
2009-07-23,10035.0,10276.592
2009-07-26,10010.0,10275.555
2009-07-27,9982.400390625,10270.5
2009-07-28,9983.7001953125,10264.793
2009-07-29,9894.2001953125,10257.894
2009-07-30,9774.099609375,10239.564
2009-08-02,9671.0,10222.402
2009-08-03,9664.400390625,10213.828
2009-08-04,9867.099609375,10197.749
2009-08-05,9896.2001953125,10184.351
2009-08-06,9941.5,10174.539
2009-08-09,9919.0,10161.735
2009-08-10,9926.7998046875,10146.529
2009-08-11,9952.900390625,10134.8545
2009-08-12,9944.7001953125,10125.504
2009-08-13,9965.5,10105.563
2009-08-16,10030.0,10079.662
2009-08-17,10023.0,10059.471
2009-08-18,9926.7001953125,10043.923
2009-08-19,10050.0,10026.328
2009-08-20,9986.0,10021.324
2009-08-23,10006.0,10021.482
2009-08-24,10011.0,10016.65
2009-08-25,10046.0,10006.323
2009-08-26,10048.0,9998.172
2009-08-27,10006.0,9992.615
2009-08-30,10101.0,9983.995
2009-08-31,10124.0,9967.976
2009-09-01,10090.0,9965.905
2009-09-02,10133.0,9968.758
2009-09-03,10110.0,9970.133
2009-09-06,10083.0,9973.337
2009-09-07,9880.7001953125,9978.056
2009-09-08,9916.099609375,9982.83
2009-09-09,9893.0,9985.178
2009-09-10,9894.0,9989.23
2009-09-13,9850.7998046875,9997.906
2009-09-14,9833.2998046875,10011.585
2009-09-15,9697.7998046875,10026.39
2009-09-16,9459.0,10034.075
2009-09-17,9688.7001953125,10041.731
2009-09-20,9719.400390625,10047.018
2009-09-21,9679.2998046875,10050.107
2009-09-22,9641.5,10052.372
2009-09-23,9690.5,10050.274
2009-09-24,9671.0,10048.898
2009-09-27,9705.2998046875,10044.332
2009-09-28,9680.7001953125,10036.484
2009-09-29,9622.5,10026.148
2009-09-30,9729.0,10014.453
2009-10-01,9540.0,9999.232
2009-10-04,9577.7001953125,9984.943
2009-10-05,9537.7001953125,9970.644
2009-10-06,9414.7001953125,9954.366
2009-10-07,9389.400390625,9936.131
2009-10-08,9401.900390625,9915.788
2009-10-11,9364.099609375,9895.447
2009-10-12,9330.099609375,9867.183
2009-10-13,9350.599609375,9837.15
2009-10-14,9307.2998046875,9809.796
2009-10-15,9379.400390625,9777.139
2009-10-18,9385.900390625,9744.572
2009-10-19,9360.900390625,9714.322
2009-10-20,9315.7001953125,9692.441
2009-10-21,9398.599609375,9670.253
2009-10-22,9418.900390625,9650.004
2009-10-26,9513.099609375,9628.537
2009-10-27,9539.400390625,9609.45
2009-10-28,9652.400390625,9589.111
2009-10-29,9573.099609375,9570.239
2009-10-30,9605.599609375,9571.379
2009-11-02,9568.5,9564.14
2009-11-03,9565.5,9556.459
2009-11-04,9504.2998046875,9551.591
2009-11-05,9470.400390625,9540.549
2009-11-06,9456.099609375,9525.995
2009-11-09,9356.7998046875,9509.6875
2009-11-10,9372.2998046875,9487.744
2009-11-11,9377.599609375,9466.834
2009-11-12,9430.900390625,9453.238
2009-11-13,9318.400390625,9443.184
2009-11-16,9317.2998046875,9446.01
2009-11-17,9386.7001953125,9445.901
2009-11-18,9439.2998046875,9445.1875
2009-11-19,9540.0,9449.454
2009-11-20,9497.7001953125,9453.621
2009-11-23,9455.2998046875,9454.61
2009-11-24,9419.2998046875,9456.3545
2009-11-25,9374.599609375,9457.352
2009-11-26,9471.7001953125,9459.03
2009-11-27,9383.2001953125,9462.312
2009-11-30,9353.599609375,9463.082
2009-12-01,9321.400390625,9464.009
2009-12-02,9423.900390625,9466.216
2009-12-03,9430.099609375,9472.636
2009-12-04,9562.099609375,9472.117
2009-12-07,9572.099609375,9469.701
2009-12-08,9670.7998046875,9460.809
2009-12-09,9638.7001953125,9453.854
2009-12-10,9644.7998046875,9443.278
2009-12-11,9717.7998046875,9439.581
2009-12-14,9449.9501953125,9438.545
2009-12-15,9504.5,9436.821
2009-12-16,9515.0,9436.444
2009-12-17,9633.0,9438.218
2009-12-18,9633.0,9443.74
2009-12-21,9673.7998046875,9450.1
2009-12-22,9509.2998046875,9461.191
2009-12-23,9474.2998046875,9471.658
2009-12-24,9443.7001953125,9480.79
2009-12-25,9431.900390625,9486.596
2009-12-28,9447.900390625,9496.524
2009-12-29,9388.2001953125,9503.738
2009-12-30,9417.400390625,9509.0205
2009-12-31,9427.2001953125,9511.882
2010-01-01,9385.599609375,9512.249
2010-01-04,9364.2001953125,9516.935
2010-01-05,9305.2001953125,9524.318
2010-01-06,9218.099609375,9530.36
2010-01-07,9272.5,9536.639
2010-01-08,9212.7001953125,9533.377
2010-01-11,9148.099609375,9537.159
2010-01-12,9171.0,9538.061
2010-01-13,9141.0,9540.918
2010-01-14,9155.7998046875,9537.456
2010-01-15,9226.099609375,9532.278
2010-01-18,9130.0,9521.468
2010-01-19,9229.9501953125,9511.007
2010-01-20,9294.9501953125,9492.7
2010-01-21,9183.0,9475.911
2010-01-22,9240.0,9458.754
2010-01-25,9319.9501953125,9430.918
2010-01-26,9379.9501953125,9417.75
2010-01-27,9399.9501953125,9399.585
2010-01-28,9324.9501953125,9380.43
2010-01-29,9250.0,9362.459
2010-02-01,9256.400390625,9344.282
2010-02-02,9313.7001953125,9327.975
2010-02-03,9364.599609375,9317.911
2010-02-04,9386.900390625,9304.506
2010-02-05,9468.099609375,9294.615
2010-02-08,9484.5,9285.894
2010-02-09,9339.2998046875,9276.211
2010-02-10,9314.400390625,9267.351
2010-02-11,9330.099609375,9258.314
2010-02-12,9323.7001953125,9256.816
2010-02-15,9344.7998046875,9254.917
2010-02-16,9292.900390625,9253.182
2010-02-17,9400.599609375,9253.998
2010-02-18,9499.7998046875,9259.431
2010-02-19,9292.2001953125,9264.712
2010-02-22,9281.7001953125,9274.533
2010-02-23,9341.7998046875,9286.472
2010-02-24,9352.2998046875,9293.991
2010-02-25,9335.2001953125,9303.975
2010-02-26,9340.0,9311.255
2010-03-01,9385.099609375,9313.679
2010-03-02,9184.400390625,9320.67
2010-03-03,9149.2998046875,9322.493
2010-03-04,9328.900390625,9323.237
2010-03-05,8898.400390625,9331.255
2010-03-08,9180.0,9333.022
2010-03-09,9173.099609375,9337.158
2010-03-10,9169.900390625,9335.796
2010-03-11,9152.900390625,9332.171
2010-03-12,9144.7001953125,9330.981
2010-03-15,9205.900390625,9330.308
2010-03-16,9151.7998046875,9330.272
2010-03-17,9099.5,9323.911
2010-03-18,9120.2998046875,9316.499
2010-03-19,9110.400390625,9306.914
2010-03-22,9115.400390625,9293.601
2010-03-23,9144.599609375,9282.918
2010-03-24,9114.7001953125,9272.645
2010-03-25,9132.599609375,9264.354
2010-03-26,9112.900390625,9257.448
2010-03-28,9073.0,9246.724
2010-03-29,9075.400390625,9237.808
2010-03-30,9103.0,9229.355
2010-03-31,9041.400390625,9211.223
2010-04-01,9094.900390625,9193.307
2010-04-04,9052.7998046875,9178.181
2010-04-05,9037.2998046875,9167.713
2010-04-06,9054.5,9155.303
2010-04-07,9057.7001953125,9138.941
2010-04-08,8992.900390625,9132.08
2010-04-11,9011.0,9118.775
2010-04-12,9009.5,9105.747
2010-04-13,9011.400390625,9104.073
2010-04-14,9001.099609375,9099.828
2010-04-15,9006.099609375,9089.555
2010-04-18,9016.400390625,9095.015
2010-04-19,9017.7998046875,9087.993
2010-04-20,9023.2998046875,9083.058
2010-04-21,9104.2998046875,9076.278
2010-04-22,9004.0,9070.382
2010-04-25,8961.900390625,9066.231
2010-04-26,9096.099609375,9058.134
2010-04-27,9022.400390625,9051.431
2010-04-28,9002.5,9047.207
2010-04-29,9028.7001953125,9040.719
2010-05-02,9021.099609375,9036.636
2010-05-03,9069.7001953125,9032.438
2010-05-04,9116.5,9026.807
2010-05-05,9273.400390625,9024.898
2010-05-06,9220.2998046875,9022.758
2010-05-09,9203.2001953125,9022.013
2010-05-10,9186.7001953125,9025.089
2010-05-11,9179.0,9027.49
2010-05-12,9103.7001953125,9028.424
2010-05-13,9104.2001953125,9030.908
2010-05-16,9078.7998046875,9030.739
2010-05-17,9283.5,9031.492
2010-05-18,9123.900390625,9036.907
2010-05-19,9121.099609375,9041.555
2010-05-20,9260.599609375,9046.338
2010-05-23,9282.400390625,9053.718
2010-05-24,9283.900390625,9061.999
2010-05-25,9376.2001953125,9070.74
2010-05-26,9215.0,9078.581
2010-05-27,9295.599609375,9085.085
2010-05-30,9284.599609375,9093.927
2010-05-31,9245.099609375,9103.237
2010-06-01,9242.099609375,9110.993
2010-06-02,9237.5,9119.94
2010-06-03,9282.7001953125,9125.897
2010-06-06,9318.099609375,9137.132
2010-06-07,9223.400390625,9150.928
2010-06-08,9281.2001953125,9157.695
2010-06-09,9193.400390625,9166.875
2010-06-10,9196.599609375,9174.758
2010-06-13,9205.2001953125,9182.135
2010-06-14,9141.0,9191.314
2010-06-15,9163.2998046875,9195.788
2010-06-16,9142.900390625,9200.984
2010-06-17,9071.5,9199.925
2010-06-20,8997.900390625,9203.845
2010-06-21,9012.0,9205.348
2010-06-22,8979.5,9207.95
2010-06-23,9065.5,9210.925
2010-06-24,9065.599609375,9212.193
2010-06-27,9059.099609375,9216.006
2010-06-28,9077.099609375,9220.269
2010-06-29,9044.7998046875,9212.283
2010-06-30,9035.7001953125,9214.255
2010-07-01,9062.7001953125,9211.37
2010-07-04,9085.099609375,9201.235
2010-07-05,9023.599609375,9192.45
2010-07-06,9060.2998046875,9180.464
2010-07-07,9044.900390625,9166.264
2010-07-08,9034.099609375,9159.371
2010-07-11,9072.099609375,9147.984
2010-07-12,8977.900390625,9139.788
2010-07-13,9018.7998046875,9128.757
2010-07-14,9037.400390625,9118.469
2010-07-15,9034.0,9108.299
2010-07-18,9079.5,9094.867
2010-07-19,9037.7001953125,9078.94
2010-07-20,9090.599609375,9066.854
2010-07-21,8995.5,9052.038
2010-07-22,8977.5,9042.916
2010-07-25,8917.099609375,9035.716
2010-07-26,8921.900390625,9027.264
2010-07-27,9025.0,9024.6
2010-07-28,8970.599609375,9020.745
2010-07-29,8923.599609375,9015.839
2010-08-01,8831.7998046875,9014.968
2010-08-02,8798.2998046875,9015.953
2010-08-03,8798.099609375,9015.794
2010-08-04,8942.099609375,9016.62
2010-08-05,8925.7998046875,9013.679
2010-08-08,8863.5,9009.048
2010-08-09,8935.599609375,9006.199
2010-08-10,8883.2998046875,9001.44
2010-08-11,9005.7001953125,8997.331
2010-08-12,9026.7998046875,8994.203
2010-08-15,8954.7001953125,8987.512
2010-08-16,8924.599609375,8979.734
2010-08-17,8880.2001953125,8972.566
2010-08-18,8896.099609375,8966.8955
2010-08-19,8928.599609375,8962.621
2010-08-22,8997.900390625,8959.692
2010-08-23,8867.0,8954.57
2010-08-24,8977.4501953125,8950.432
2010-08-25,8878.0,8947.667
2010-08-26,8987.4501953125,8942.388
2010-08-29,9014.9501953125,8935.645
2010-08-30,8918.0,8925.788
2010-08-31,9014.2001953125,8915.626
2010-09-01,9004.900390625,8910.725
2010-09-02,8991.0,8908.806
2010-09-05,8982.2998046875,8909.143
2010-09-06,8999.2001953125,8911.795
2010-09-07,9032.0,8915.207
2010-09-08,9005.900390625,8915.111
2010-09-09,9032.900390625,8918.213
2010-09-12,9016.900390625,8922.416
2010-09-13,8997.7001953125,8926.686
2010-09-14,8987.2998046875,8933.257
2010-09-15,8974.599609375,8937.668
2010-09-16,8931.0,8938.86
2010-09-19,8970.7001953125,8939.971
2010-09-20,8982.400390625,8943.013
2010-09-21,8875.2998046875,8945.162
2010-09-22,8918.400390625,8948.596
2010-09-23,8965.599609375,8949.402
2010-09-26,8859.400390625,8949.047
2010-09-27,8971.400390625,8951.374
2010-09-28,8952.2001953125,8953.165
2010-09-29,8931.7998046875,8957.189
2010-09-30,8934.7001953125,8958.557
2010-10-03,8920.099609375,8958.926
2010-10-04,8933.0,8958.706
2010-10-05,8829.7001953125,8958.932
2010-10-06,8871.5,8957.015
2010-10-07,8912.900390625,8959.738
2010-10-10,8887.0,8955.762
2010-10-11,8995.2998046875,8952.449
2010-10-12,8910.2998046875,8953.707
2010-10-13,8878.099609375,8950.52
2010-10-14,8904.2001953125,8947.584
2010-10-17,8949.0,8942.961
2010-10-18,8948.7998046875,8938.97
2010-10-19,8965.400390625,8934.217
2010-10-20,8820.0,8926.655
2010-10-21,8849.5,8921.15
2010-10-24,8908.2998046875,8916.408
2010-10-25,8933.599609375,8910.842
2010-10-26,8913.7001953125,8908.93
2010-10-27,8923.7998046875,8906.365
2010-10-28,8923.7998046875,8903.396
2010-11-02,8906.7001953125,8904.014
2010-11-03,8827.900390625,8901.599
2010-11-04,8772.599609375,8899.908
2010-11-05,8909.9501953125,8899.81
2010-11-08,8900.0,8898.451
2010-11-09,8904.4501953125,8896.02
2010-11-10,8805.0,8895.836
2010-11-11,8779.599609375,8895.261
2010-11-12,8798.0,8894.285
2010-11-15,8924.4501953125,8893.585
2010-11-16,8967.4501953125,8892.874
2010-11-17,8856.0,8890.345
2010-11-18,8846.0,8888.919
2010-11-19,8843.0,8890.876
2010-11-22,8748.2001953125,8890.424
2010-11-23,8929.4501953125,8888.26
2010-11-24,8966.2998046875,8887.217
2010-11-25,8962.4501953125,8881.6455
2010-11-26,8967.4501953125,8881.047
2010-11-29,9000.0,8883.363
2010-11-30,9015.4501953125,8884.571
2010-12-01,9033.9501953125,8884.599
2010-12-02,9018.4501953125,8885.848
2010-12-03,8916.0,8885.597
2010-12-06,9017.4501953125,8888.043
2010-12-07,9009.9501953125,8892.613
2010-12-08,8990.0,8896.406
2010-12-09,9020.0,8897.105
2010-12-10,9018.0,8898.254
2010-12-13,9021.9501953125,8900.22
2010-12-14,9015.0,8902.381
2010-12-15,9009.4501953125,8905.901
2010-12-16,9022.4501953125,8911.349
2010-12-17,8938.0,8918.504
2010-12-20,9034.4501953125,8920.269
2010-12-21,8943.0,8923.832
2010-12-22,9041.9501953125,8927.869
2010-12-23,9041.599609375,8932.779
2010-12-24,9038.900390625,8940.206
2010-12-27,9041.9501953125,8947.695
2010-12-28,8939.0,8951.246
2010-12-29,9017.4501953125,8954.176
2010-12-30,9001.4501953125,8959.103
2010-12-31,8886.0,8963.604
2011-01-03,9009.9501953125,8966.657
2011-01-04,8989.9501953125,8974.311
2011-01-05,8886.0,8976.034
2011-01-06,8983.9501953125,8975.837
2011-01-07,9015.7998046875,8978.727
2011-01-10,9027.4501953125,8980.082
2011-01-11,9050.9501953125,8980.601
2011-01-12,8935.7001953125,8981.87
2011-01-13,9040.0,8979.783
2011-01-14,9049.9501953125,8977.812
2011-01-17,8901.7998046875,8979.982
2011-01-18,9060.0,8978.763
2011-01-19,9053.9501953125,8975.891
2011-01-20,8948.0,8976.002
2011-01-21,8911.2001953125,8977.365
2011-01-24,8947.599609375,8977.077
2011-01-25,9050.0,8977.611
2011-01-26,9036.4501953125,8976.134
2011-01-27,8920.599609375,8974.655
2011-01-28,9026.9501953125,8973.536
2011-01-31,8935.599609375,8973.029
2011-02-01,8958.0,8971.546
2011-02-02,9000.0,8973.089
2011-02-03,9020.9501953125,8969.44
2011-02-04,8921.0,8968.904
2011-02-07,8852.2998046875,8966.695
2011-02-08,8823.599609375,8964.049
2011-02-09,8900.0,8968.187
2011-02-10,8929.9501953125,8964.726
2011-02-11,8925.0,8963.814
2011-02-14,8763.7001953125,8968.536
2011-02-15,8914.4501953125,8963.819
2011-02-16,8815.0,8963.351
2011-02-17,8894.9501953125,8966.45
2011-02-18,8780.0,8963.911
2011-02-21,8610.2001953125,8961.861
2011-02-22,8750.0,8953.518
2011-02-23,8876.4501953125,8945.333
2011-02-24,8872.0,8943.759
2011-02-25,8865.0,8935.815
2011-02-28,8841.4501953125,8930.498
2011-03-01,8821.4501953125,8931.303
2011-03-02,8798.0,8923.16
2011-03-03,8812.4501953125,8915.838
2011-03-04,8805.4501953125,8911.712
2011-03-07,8616.2998046875,8906.761
2011-03-08,8785.9501953125,8901.125
2011-03-09,8786.0,8890.017
2011-03-10,8760.0,8880.082
2011-03-11,8783.4501953125,8876.054
2011-03-14,8776.9501953125,8870.799
2011-03-15,8762.4501953125,8866.675
2011-03-16,8775.0,8861.799
2011-03-17,8760.5,8854.454
2011-03-18,8770.0,8847.519
2011-03-21,8584.2001953125,8843.132
2011-03-22,8720.0,8838.087
2011-03-23,8721.0,8834.92
2011-03-24,8721.4501953125,8828.57
2011-03-25,8710.0,8824.509
2011-03-27,8633.7998046875,8822.093
2011-03-28,8718.2001953125,8822.226
2011-03-29,8688.900390625,8818.771
2011-03-30,8700.0,8818.027
2011-03-31,8718.5,8815.372
2011-04-03,8665.900390625,8814.031
2011-04-04,8645.900390625,8813.88
2011-04-05,8653.2998046875,8811.147
2011-04-06,8636.7001953125,8803.881
2011-04-07,8643.099609375,8799.595
2011-04-10,8616.7001953125,8796.402
2011-04-11,8655.400390625,8792.068
2011-04-12,8617.099609375,8789.123
2011-04-13,8668.5,8787.937
2011-04-17,8637.900390625,8784.586
2011-04-18,8657.7001953125,8783.207
2011-04-19,8667.400390625,8783.953
2011-04-20,8633.599609375,8780.287
2011-04-21,8640.5,8775.816
2011-04-24,8622.900390625,8772.728
2011-04-25,8623.5,8770.321
2011-04-26,8616.400390625,8765.774
2011-04-27,8566.2998046875,8762.714
2011-04-28,8553.2998046875,8760.075
2011-05-01,8568.400390625,8757.2705
2011-05-02,8561.400390625,8755.245
2011-05-03,8558.900390625,8755.978
2011-05-04,8535.599609375,8754.366
2011-05-05,8580.099609375,8752.386
2011-05-08,8618.2998046875,8749.229
2011-05-09,8522.0,8747.97
2011-05-10,8530.900390625,8746.558
2011-05-11,8586.2001953125,8743.784
2011-05-12,8549.099609375,8741.151
2011-05-15,8553.0,8738.582
2011-05-16,8592.400390625,8735.251
2011-05-17,8372.7001953125,8733.422
2011-05-18,8540.900390625,8731.699
2011-05-19,8552.0,8730.324
2011-05-22,8419.5,8729.131
2011-05-23,8600.0,8727.546
2011-05-24,8405.7998046875,8726.259
2011-05-25,8591.9501953125,8724.355
2011-05-26,8575.0,8722.589
2011-05-29,8559.9501953125,8720.505
2011-05-30,8544.4501953125,8718.411
2011-05-31,8537.900390625,8715.669
2011-06-01,8540.0,8712.566
2011-06-02,8540.099609375,8710.153
2011-06-05,8520.4501953125,8708.104
2011-06-06,8500.0,8706.885
2011-06-07,8515.4501953125,8705.541
2011-06-08,8490.599609375,8704.25
2011-06-09,8520.0,8703.938
2011-06-12,8517.4501953125,8704.31
2011-06-13,8539.4501953125,8704.237
2011-06-14,8533.9501953125,8703.23
2011-06-15,8521.599609375,8702.617
2011-06-16,8610.0,8702.218
2011-06-19,8386.7998046875,8700.88
2011-06-20,8611.400390625,8699.54
2011-06-21,8600.0,8700.167
2011-06-22,8580.0,8698.593
2011-06-23,8599.9501953125,8698.923
2011-06-26,8599.9501953125,8699.278
2011-06-27,8625.0,8699.896
2011-06-28,8620.0,8700.646
2011-06-29,8616.9501953125,8703.271
2011-06-30,8568.0,8704.024
2011-07-03,8545.4501953125,8704.927
2011-07-04,8522.4501953125,8706.299
2011-07-05,8537.4501953125,8706.43
2011-07-06,8535.2998046875,8707.521
2011-07-07,8533.4501953125,8707.079
2011-07-10,8512.4501953125,8707.241
2011-07-11,8525.9501953125,8707.099
2011-07-12,8566.9501953125,8707.866
2011-07-13,8550.0,8708.103
2011-07-14,8531.9501953125,8709.028
2011-07-17,8366.099609375,8709.413
2011-07-18,8563.599609375,8709.615
2011-07-19,8540.0,8710.181
2011-07-20,8530.0,8709.721
2011-07-21,8537.0,8710.263
2011-07-24,8526.9501953125,8709.942
2011-07-25,8522.9501953125,8709.816
2011-07-26,8500.0,8710.136
2011-07-27,8482.0,8710.026
2011-07-28,8495.0,8710.039
2011-07-31,8499.9501953125,8709.487
2011-08-01,8433.599609375,8711.01
2011-08-02,8467.4501953125,8708.94
2011-08-03,8325.2001953125,8707.332
2011-08-04,8472.400390625,8705.454
2011-08-07,8514.9501953125,8703.475
2011-08-08,8478.2998046875,8701.911
2011-08-09,8517.599609375,8699.792
2011-08-10,8500.2998046875,8698.222
2011-08-11,8509.2998046875,8696.686
2011-08-14,8542.9501953125,8695.87
2011-08-15,8292.7001953125,8694.827
2011-08-16,8358.7001953125,8693.744
2011-08-17,8374.2001953125,8691.93
2011-08-18,8560.0,8691.651
2011-08-21,8339.2998046875,8690.675
2011-08-22,8537.0,8690.876
2011-08-23,8543.0,8690.257
2011-08-24,8550.0,8689.706
2011-08-25,8600.0,8688.776
2011-08-28,8532.9501953125,8688.945
2011-08-29,8520.0,8690.028
2011-08-30,8532.9501953125,8688.806
2011-08-31,8532.9501953125,8688.052
2011-09-01,8490.0,8687.477
2011-09-04,8402.0,8686.663
2011-09-05,8379.5,8686.693
2011-09-06,8552.9501953125,8687.06
2011-09-07,8535.0,8687.642
2011-09-08,8567.9501953125,8688.101
2011-09-11,8491.7001953125,8688.158
2011-09-12,8572.2998046875,8688.232
2011-09-13,8631.0,8688.11
2011-09-14,8719.9501953125,8687.983
2011-09-15,8809.0,8689.311
2011-09-18,8764.9501953125,8691.813
2011-09-19,8822.400390625,8694.352
2011-09-20,8812.7001953125,8699.746
2011-09-21,8840.900390625,8702.704
2011-09-22,8762.9501953125,8708.65
2011-09-25,8779.9501953125,8713.705
2011-09-26,9080.0,8717.159
2011-09-27,8904.9501953125,8724.533
2011-09-28,8889.9501953125,8731.798
2011-09-29,8952.599609375,8738.637
2011-10-02,8789.9501953125,8745.257
2011-10-03,8897.4501953125,8750.936
2011-10-04,8622.0,8755.936
2011-10-05,8956.2998046875,8761.231
2011-10-09,8897.4501953125,8766.176
2011-10-10,8892.4501953125,8770.653
2011-10-11,8717.0,8777.482
2011-10-12,8857.599609375,8785.294
2011-10-13,8869.9501953125,8791.385
2011-10-16,8637.599609375,8798.019
2011-10-17,8880.2001953125,8806.582
2011-10-18,8880.0,8813.781
2011-10-19,8840.7998046875,8823.299
2011-10-20,8824.9501953125,8829.45
2011-10-23,8859.9501953125,8834.383
2011-10-24,8839.9501953125,8839.47
2011-10-25,8849.9501953125,8844.186
2011-10-26,8872.9501953125,8849.464
2011-10-27,8854.599609375,8852.923
2011-10-31,8624.2001953125,8856.271
2011-11-01,8825.599609375,8859.135
2011-11-02,8866.5,8859.711
2011-11-03,8900.7001953125,8861.462
2011-11-04,8943.599609375,8859.306
2011-11-07,8949.9501953125,8857.444
2011-11-08,8954.9501953125,8859.346
2011-11-09,8915.0,8862.049
2011-11-10,8889.9501953125,8856.763
2011-11-11,8969.9501953125,8854.912
2011-11-14,8967.9501953125,8854.983
2011-11-15,8964.9501953125,8852.755
2011-11-16,8994.9501953125,8857.052
2011-11-17,8993.4501953125,8858.083
2011-11-18,8972.7001953125,8867.578
2011-11-21,9019.9501953125,8870.312
2011-11-22,9024.9501953125,8871.573
2011-11-23,9044.9501953125,8875.587
2011-11-24,9016.900390625,8882.868
2011-11-25,8962.400390625,8888.598
2011-11-28,9054.9501953125,8891.017
2011-11-29,9114.9501953125,8898.63
2011-11-30,9120.5,8903.744
2011-12-01,9076.7001953125,8909.103
2011-12-02,8994.9501953125,8917.16
2011-12-05,9014.9501953125,8926.169
2011-12-06,9016.599609375,8931.503
2011-12-07,9034.9501953125,8938.535
2011-12-08,9027.400390625,8944.731
2011-12-09,8994.9501953125,8950.411
2011-12-12,9035.7001953125,8954.726
2011-12-13,9049.9501953125,8964.115
2011-12-14,9112.099609375,8970.857
2011-12-15,9100.0,8977.072
2011-12-16,9089.9501953125,8982.329
2011-12-19,9016.5,8986.585
2011-12-20,9114.2998046875,8990.3125
2011-12-21,9047.599609375,8994.491
2011-12-22,9043.5,8998.795
2011-12-23,9136.5,9004.502
2011-12-26,9040.0,9007.008
2011-12-27,9038.400390625,9010.448
2011-12-28,9062.0,9015.308
2011-12-29,9044.400390625,9018.897
2011-12-30,8854.7998046875,9022.5625
2012-01-02,9055.0,9025.541
2012-01-03,8903.7998046875,9026.226
2012-01-04,9115.0,9027.059
2012-01-05,9115.7998046875,9025.671
2012-01-06,9110.0,9025.921
2012-01-09,9058.400390625,9029.9795
2012-01-10,9146.0,9030.672
2012-01-11,9145.0,9028.94
2012-01-12,9190.0,9027.031
2012-01-13,9150.0,9026.912
2012-01-16,9052.900390625,9032.846
2012-01-17,9099.900390625,9036.733
2012-01-18,9070.0,9043.129
2012-01-19,9008.099609375,9045.547
2012-01-20,8945.0,9045.346
2012-01-23,8920.0,9048.902
2012-01-24,8920.0,9047.49
2012-01-25,8958.0,9047.232
2012-01-26,9050.599609375,9046.53
2012-01-27,9074.0,9044.065
2012-01-30,8952.0,9044.158
2012-01-31,9074.0,9046.545
2012-02-01,8981.900390625,9045.256
2012-02-02,8980.0,9044.652
2012-02-03,8958.7998046875,9045.833
2012-02-06,8928.099609375,9038.949
2012-02-08,8930.0,9036.322
2012-02-09,8851.5,9034.18
2012-02-10,8920.0,9030.394
2012-02-13,8965.0,9029.681
2012-02-14,8971.5,9035.761
2012-02-15,8998.0,9033.337
2012-02-16,8930.0,9036.76
2012-02-17,8980.0,9029.203
2012-02-20,8983.2001953125,9019.531
2012-02-21,8971.599609375,9009.801
2012-02-22,9030.0,9001.775
2012-02-23,9040.0,8989.034
2012-02-24,9040.0,8978.313
2012-02-27,9020.900390625,8969.846
2012-02-28,9105.0,8965.78
2012-02-29,9005.0,8966.583
2012-03-01,9010.0,8965.799
2012-03-02,9055.0,8965.582
2012-03-05,9055.0,8965.699
2012-03-06,9113.0,8968.032
2012-03-07,9115.0,8969.094
2012-03-08,9085.0,8971.175
2012-03-09,9105.0,8973.007
2012-03-12,9132.4501953125,8973.42
2012-03-13,9133.0,8975.596
2012-03-14,9133.0,8980.981
2012-03-15,9163.0,8983.356
2012-03-16,9163.0,8988.447
2012-03-19,9120.0,8994.72
2012-03-20,9110.0,9000.445
2012-03-21,9145.0,9006.571
2012-03-22,9145.0,9013.342
2012-03-23,9220.0,9022.609
2012-03-25,9150.0,9031.358
2012-03-26,9150.0,9039.509
2012-03-27,9150.0,9045.335
2012-03-28,9150.0,9050.92
2012-03-29,9150.0,9058.575
2012-04-01,9112.0,9064.832
2012-04-02,9118.0,9069.518
2012-04-03,9136.0,9075.372
2012-04-04,9133.0,9079.444
2012-04-05,9085.0,9082.111
2012-04-08,9085.0,9087.624
2012-04-09,9151.5,9092.821
2012-04-10,9149.0,9093.666
2012-04-11,9149.0,9099.587
2012-04-12,9149.0,9104.25
2012-04-15,9139.9501953125,9107.26
2012-04-16,9155.0,9110.38
2012-04-17,9155.0,9110.473
2012-04-18,9155.0,9110.288
2012-04-19,9154.0,9109.8
2012-04-22,9143.7001953125,9111.248
2012-04-23,9163.0,9113.199
2012-04-24,9163.0,9114.498
2012-04-25,9163.0,9116.952
2012-04-26,9156.7001953125,9115.721
2012-04-29,9188.9501953125,9114.663
2012-04-30,9168.0,9114.897
2012-05-01,9181.2998046875,9115.441
2012-05-02,9165.0,9116.178
2012-05-03,9165.0,9116.569
2012-05-06,9047.599609375,9113.573
2012-05-07,9170.0,9114.183
2012-05-08,9166.0,9114.52
2012-05-09,9213.0,9114.452
2012-05-10,9170.0,9114.88
2012-05-13,9165.0,9116.137
2012-05-14,9238.0,9118.328
2012-05-15,9238.0,9121.78
2012-05-16,9238.0,9124.377
2012-05-17,9217.0,9125.881
2012-05-20,8995.2001953125,9129.512
2012-05-21,9243.0,9133.07
2012-05-22,9210.0,9134.025
2012-05-23,9255.0,9135.718
2012-05-24,9255.0,9136.435
2012-05-27,9287.4501953125,9139.357
2012-05-28,9265.0,9144.265
2012-05-29,9370.0,9148.825
2012-05-30,9410.0,9155.314
2012-05-31,9375.0,9160.804
2012-06-03,9387.4501953125,9164.836
2012-06-04,9375.0,9174.15
2012-06-05,9378.0,9181.281
2012-06-06,9275.0,9188.728
2012-06-07,9355.0,9192.62
2012-06-10,9384.9501953125,9200.496
2012-06-11,9380.0,9206.694
2012-06-12,9405.0,9215.931
2012-06-13,9395.0,9225.705
2012-06-14,9395.0,9233.154
2012-06-17,9293.0,9240.148
2012-06-18,9357.599609375,9252.818
2012-06-19,9375.599609375,9261.692
2012-06-20,9391.0,9268.882
2012-06-21,9399.400390625,9270.575
2012-06-24,9437.4501953125,9280.02
2012-06-25,9409.7998046875,9287.495
2012-06-26,9409.400390625,9296.294
2012-06-27,9413.900390625,9304.608
2012-06-28,9415.2998046875,9310.9795
2012-07-01,9368.0,9316.98
2012-07-02,9384.9501953125,9332.853
2012-07-03,9334.9501953125,9338.224
2012-07-04,9344.9501953125,9344.223
2012-07-05,9387.4501953125,9347.054
2012-07-08,9441.9501953125,9349.833
2012-07-09,9379.7001953125,9353.423
2012-07-10,9398.7001953125,9358.765
2012-07-11,9383.900390625,9361.853
2012-07-12,9414.900390625,9361.84
2012-07-15,9423.0,9362.932
2012-07-16,9419.599609375,9362.88
2012-07-17,9409.2998046875,9362.5
2012-07-18,9419.2001953125,9361.6
2012-07-19,9417.099609375,9366.13
2012-07-22,9425.0,9369.346
2012-07-23,9423.2998046875,9370.711
2012-07-24,9436.5,9373.095
2012-07-25,9452.599609375,9375.022
2012-07-26,9446.2998046875,9377.432
2012-07-29,9430.0,9378.303
2012-07-30,9424.2001953125,9382.612
2012-07-31,9413.5,9384.122
2012-08-01,9412.599609375,9384.18
2012-08-02,9436.7001953125,9385.266
2012-08-05,9443.0,9386.998
2012-08-06,9433.599609375,9385.995
2012-08-07,9437.2001953125,9386.986
2012-08-08,9439.599609375,9388.924
2012-08-09,9441.099609375,9390.604
2012-08-12,9477.4501953125,9391.44
2012-08-13,9454.2001953125,9394.777
2012-08-14,9451.599609375,9395.913
2012-08-15,9467.0,9399.657
2012-08-16,9459.5,9404.451
2012-08-19,9489.9501953125,9407.377
2012-08-20,9459.2998046875,9407.981
2012-08-21,9465.0,9411.152
2012-08-22,9465.0,9413.525
2012-08-23,9463.2998046875,9417.138
2012-08-26,9480.0,9419.402
2012-08-27,9485.0,9421.035
2012-08-28,9505.400390625,9422.715
2012-08-29,9517.7001953125,9425.271
2012-08-30,9514.7998046875,9428.48
2012-09-02,9534.9501953125,9431.932
2012-09-03,9505.400390625,9434.922
2012-09-04,9541.7001953125,9438.292
2012-09-05,9540.400390625,9441.711
2012-09-06,9535.7001953125,9444.631
2012-09-09,9541.900390625,9447.858
2012-09-10,9547.900390625,9451.704
2012-09-11,9548.400390625,9455.798
2012-09-12,9538.599609375,9460.588
2012-09-13,9548.599609375,9466.159
2012-09-16,9480.0,9470.251
2012-09-17,9434.7001953125,9473.5205
2012-09-18,9474.0,9476.676
2012-09-19,9508.7998046875,9479.579
2012-09-20,9510.599609375,9482.951
2012-09-23,9520.0,9486.1
2012-09-24,9533.099609375,9488.263
2012-09-25,9545.400390625,9491.567
2012-09-26,9555.599609375,9495.043
2012-09-27,9546.099609375,9498.177
2012-09-30,9569.9501953125,9500.951
2012-10-01,9550.2001953125,9501.133
2012-10-02,9551.400390625,9503.109
2012-10-03,9557.2001953125,9505.885
2012-10-04,9562.2998046875,9509.375
2012-10-07,9407.2001953125,9512.889
2012-10-08,9561.900390625,9515.035
2012-10-09,9563.7001953125,9516.411
2012-10-10,9562.099609375,9517.826
2012-10-11,9553.7001953125,9519.302
2012-10-14,9577.4501953125,9520.418
2012-10-15,9561.599609375,9519.612
2012-10-16,9555.7001953125,9520.462
2012-10-17,9545.5,9520.881
2012-10-18,9559.400390625,9520.662
2012-10-21,9592.4501953125,9521.317
2012-10-22,9576.099609375,9521.697
2012-10-23,9579.2001953125,9522.431
2012-10-24,9581.5,9523.778
2012-10-25,9577.099609375,9526.327
2012-10-29,9604.9501953125,9527.358
2012-10-30,9575.599609375,9531.357
2012-10-31,9586.2998046875,9537.09
2012-11-01,9576.400390625,9541.466
2012-11-02,9591.5,9544.661
2012-11-05,9469.2001953125,9547.031
2012-11-06,9591.400390625,9546.975
2012-11-07,9591.0,9548.928
2012-11-08,9575.7001953125,9549.298
2012-11-09,9601.7998046875,9549.602
2012-11-12,9443.599609375,9553.066
2012-11-13,9590.099609375,9552.952
2012-11-14,9595.400390625,9554.515
2012-11-15,9595.2998046875,9556.564
2012-11-16,9595.5,9556.853
2012-11-19,9624.9501953125,9555.607
2012-11-20,9600.2998046875,9562.689
2012-11-21,9603.900390625,9563.639
2012-11-22,9605.5,9564.87
2012-11-23,9598.0,9566.306
2012-11-26,9612.4501953125,9567.666
2012-11-27,9571.099609375,9569.288
2012-11-28,9571.7001953125,9570.784
2012-11-29,9571.5,9571.841
2012-11-30,9571.400390625,9573.592
2012-12-03,9569.0,9573.77
2012-12-05,9573.599609375,9572.319
2012-12-06,9570.7998046875,9573.206
2012-12-07,9580.900390625,9574.056
2012-12-10,9612.4501953125,9573.992
2012-12-11,9600.7998046875,9575.554
2012-12-12,9606.099609375,9573.489
2012-12-13,9601.7998046875,9574.684
2012-12-14,9606.099609375,9574.647
2012-12-17,9612.4501953125,9573.257
2012-12-18,9611.7998046875,9573.446
2012-12-19,9615.7001953125,9578.827
2012-12-20,9622.2998046875,9580.0205
2012-12-21,9624.0,9582.674
2012-12-24,9610.0,9584.226
2012-12-25,9632.7998046875,9582.918
2012-12-26,9630.5,9590.353
2012-12-27,9629.0,9590.737
2012-12-28,9633.900390625,9590.853
2012-12-31,9612.4501953125,9591.848
2013-01-01,9609.0,9592.212
2013-01-02,9609.0,9591.626
2013-01-03,9622.5,9592.108
2013-01-04,9626.2998046875,9592.765
2013-01-07,9770.0,9593.903
2013-01-08,9639.099609375,9597.562
2013-01-09,9641.2001953125,9599.222
2013-01-10,9632.099609375,9602.765
2013-01-11,9631.7001953125,9606.756
2013-01-14,9612.4501953125,9609.488
2013-01-15,9606.7998046875,9611.972
2013-01-16,9621.599609375,9614.055
2013-01-17,9626.2001953125,9615.675
2013-01-18,9621.7998046875,9617.708
2013-01-21,9682.0,9619.688
2013-01-22,9589.400390625,9622.71
2013-01-23,9591.599609375,9625.115
2013-01-24,9596.900390625,9626.746
2013-01-25,9597.5,9628.986
2013-01-28,9612.4501953125,9630.077
2013-01-29,9649.7998046875,9630.172
2013-01-30,9650.0,9629.877
2013-01-31,9659.7001953125,9629.409
2013-02-01,9669.900390625,9628.407
2013-02-04,9612.4501953125,9628.009
2013-02-05,9642.7001953125,9629.234
2013-02-06,9647.900390625,9629.302
2013-02-07,9682.099609375,9630.446
2013-02-08,9666.0,9632.223
2013-02-11,9612.4501953125,9631.631
2013-02-12,9593.099609375,9632.467
2013-02-13,9617.7001953125,9631.089
2013-02-14,9618.5,9630.027
2013-02-15,9631.599609375,9630.904
2013-02-18,9645.0,9632.931
2013-02-19,9652.599609375,9627.903
2013-02-20,9674.900390625,9627.242
2013-02-21,9655.5,9627.096
2013-02-22,9674.5,9627.54
2013-02-25,9684.0,9627.28
2013-02-26,9676.400390625,9628.974
2013-02-27,9678.5,9630.731
2013-02-28,9657.2998046875,9632.652
2013-03-01,9633.7998046875,9635.576
2013-03-04,9612.4501953125,9638.106
2013-03-05,9677.5,9635.991
2013-03-06,9663.7998046875,9638.265
2013-03-07,9658.7998046875,9640.803
2013-03-08,9663.900390625,9642.782
2013-03-11,9612.4501953125,9645.791
2013-03-12,9668.599609375,9646.921
2013-03-13,9668.0,9647.436
2013-03-14,9661.7998046875,9648.095
2013-03-15,9673.400390625,9647.624
2013-03-18,9675.7998046875,9646.272
2013-03-19,9682.5,9647.761
2013-03-20,9682.7001953125,9648.488
2013-03-21,9695.2001953125,9650.241
2013-03-22,9703.2001953125,9650.348
2013-03-25,9612.4501953125,9651.033
2013-03-26,9705.0,9653.965
2013-03-27,9702.2001953125,9657.481
2013-03-28,9694.7998046875,9660.334
2013-03-29,9688.599609375,9662.671
2013-03-31,9612.4501953125,9663.783
2013-04-01,9715.0,9664.369
2013-04-02,9707.5,9665.214
2013-04-03,9718.2001953125,9666.15
2013-04-04,9720.0,9667.39
2013-04-07,9728.2998046875,9668.61
2013-04-08,9719.0,9669.401
2013-04-09,9690.400390625,9671.435
2013-04-10,9661.400390625,9673.153
2013-04-11,9674.2998046875,9674.008
2013-04-14,9683.5,9676.738
2013-04-15,9683.400390625,9679.175
2013-04-16,9688.099609375,9679.769
2013-04-17,9680.900390625,9682.116
2013-04-18,9684.900390625,9683.174
2013-04-21,9688.0,9684.377
2013-04-22,9688.7001953125,9688.213
2013-04-23,9694.7001953125,9689.872
2013-04-24,9688.7998046875,9690.92
2013-04-25,9689.400390625,9691.65
2013-04-28,9612.4501953125,9692.4795
2013-04-29,9691.5,9690.839
2013-04-30,9694.099609375,9690.44
2013-05-01,9695.0,9690.679
2013-05-02,9708.2001953125,9689.337
2013-05-05,9612.4501953125,9688.945
2013-05-06,9705.599609375,9691.851
2013-05-07,9705.599609375,9691.671
2013-05-08,9705.0,9691.497
2013-05-09,9702.0,9689.664
2013-05-12,9709.0,9687.899
2013-05-13,9708.7001953125,9690.389
2013-05-14,9708.099609375,9689.551
2013-05-15,9718.2001953125,9689.711
2013-05-16,9720.5,9689.028
2013-05-19,9731.0,9688.5
2013-05-20,9727.7001953125,9688.879
2013-05-21,9734.2998046875,9689.186
2013-05-22,9736.900390625,9690.828
2013-05-23,9744.0,9693.186
2013-05-26,9744.0,9695.067
2013-05-27,9760.2001953125,9696.323
2013-05-28,9763.7998046875,9698.685
2013-05-29,9772.900390625,9701.509
2013-05-30,9778.2001953125,9703.854
2013-06-02,9612.4501953125,9707.164
2013-06-03,9776.599609375,9708.798
2013-06-04,9769.900390625,9711.016
2013-06-05,9762.7998046875,9713.1455
2013-06-06,9764.5,9714.478
2013-06-09,9764.5,9717.553
2013-06-10,9764.5,9723.306
2013-06-11,9764.5,9726.4795
2013-06-12,9831.2998046875,9730.56
2013-06-13,9854.5,9733.228
2013-06-16,9612.4501953125,9735.652
2013-06-17,9859.2998046875,9741.933
2013-06-18,9877.2001953125,9745.278
2013-06-19,9880.2001953125,9749.191
2013-06-20,9897.400390625,9753.756
2013-06-23,9612.4501953125,9759.948
2013-06-24,9901.7998046875,9763.364
2013-06-25,9892.0,9768.081
2013-06-26,9895.7998046875,9775.68
2013-06-27,9897.2001953125,9779.855
2013-06-30,9612.4501953125,9784.08
2013-07-01,9898.2001953125,9785.46
2013-07-02,9903.2001953125,9790.31
2013-07-03,9910.7001953125,9797.017
2013-07-04,9911.0,9800.97
2013-07-07,9918.0,9807.2705
2013-07-08,9926.7998046875,9810.744
2013-07-09,9928.7998046875,9817.461
2013-07-10,9935.400390625,9827.07
2013-07-11,9968.0,9830.614
2013-07-14,9612.4501953125,9834.0625
2013-07-15,9989.2001953125,9841.619
2013-07-16,10007.0,9846.474
2013-07-17,10017.0,9854.497
2013-07-18,10032.0,9861.675
2013-07-21,9612.4501953125,9870.2705
2013-07-22,10037.0,9872.294
2013-07-23,10171.0,9880.476
2013-07-24,10303.0,9893.465
2013-07-25,10240.0,9899.1
2013-07-28,10269.0,9905.89
2013-07-29,10244.0,9928.182
2013-07-30,10244.0,9943.086
2013-07-31,10250.0,9959.359
2013-08-01,10252.0,9969.73
2013-08-04,10029.0,9978.116
2013-08-05,10256.0,9999.246
2013-08-06,10257.0,10012.923
2013-08-07,10257.0,10028.151
2013-08-08,10256.0,10037.828
2013-08-11,10262.0,10046.438
2013-08-12,10309.0,10071.894
2013-08-13,10308.0,10086.425
2013-08-14,10265.0,10103.705
2013-08-15,10390.0,10114.919
2013-08-18,10509.0,10125.468
2013-08-19,10664.0,10139.364
2013-08-20,10657.0,10164.184
2013-08-21,10747.0,10189.788
2013-08-22,10790.0,10214.669
2013-08-25,11005.0,10242.309
2013-08-26,10817.0,10289.311
2013-08-27,10897.0,10320.702
2013-08-28,10917.0,10352.242
2013-08-29,10908.0,10380.293
2013-09-01,10895.0,10405.279
2013-09-02,10950.0,10450.495
2013-09-03,11037.0,10483.265
2013-09-04,11097.0,10511.906
2013-09-05,11098.0,10538.873
2013-09-08,11150.0,10570.368
2013-09-09,11132.0,10600.432
2013-09-10,11210.0,10631.89
2013-09-11,11318.0,10664.382
2013-09-12,11322.0,10696.888
2013-09-15,11213.0,10731.673
2013-09-16,11349.0,10775.863
2013-09-17,11417.0,10815.022
2013-09-18,11449.0,10855.221
2013-09-19,11255.0,10898.124
2013-09-22,11325.0,10938.995
2013-09-23,11417.0,10978.406
2013-09-24,11443.0,11016.81
2013-09-25,11457.0,11056.362
2013-09-26,11453.0,11097.31
2013-09-29,11552.0,11133.022
2013-09-30,11552.0,11168.063
2013-10-01,11476.0,11199.94
2013-10-02,11503.0,11231.103
2013-10-03,11500.0,11258.088
2013-10-06,11480.0,11283.57
2013-10-08,11489.0,11299.998
2013-10-09,11504.0,11325.364
2013-10-10,11463.0,11348.286
2013-10-13,10787.0,11368.324
2013-10-14,11337.0,11388.213
2013-10-15,11339.0,11410.513
2013-10-16,11339.0,11431.129
2013-10-17,11303.0,11448.307
2013-10-20,10758.0,11461.34
2013-10-21,11307.0,11473.868
2013-10-22,11264.0,11484.855
2013-10-23,11244.0,11498.301
2013-10-24,11128.0,11507.992
2013-10-28,9612.4501953125,11504.215
2013-10-29,11025.0,11502.051
2013-10-30,11075.0,11505.516
2013-10-31,11147.0,11497.069
2013-11-01,11245.0,11489.543
2013-11-04,11308.0,11475.339
2013-11-05,11327.0,11471.885
2013-11-06,11330.0,11461.988
2013-11-07,11380.0,11445.939
2013-11-08,11363.0,11429.16
2013-11-11,9612.4501953125,11405.868
2013-11-12,11532.0,11378.958
2013-11-13,11565.0,11358.57
2013-11-14,11577.0,11341.961
2013-11-15,11515.0,11332.309
2013-11-18,9612.4501953125,11330.113
2013-11-19,11605.0,11302.754
2013-11-20,11570.0,11284.757
2013-11-21,11629.0,11279.97
2013-11-22,11674.0,11262.784
2013-11-25,9612.4501953125,11247.451
2013-11-26,11719.0,11239.335
2013-11-27,11750.0,11226.845
2013-11-28,11880.0,11230.885
2013-11-29,9612.4501953125,11230.441
2013-12-02,9612.4501953125,11239.184
2013-12-03,9612.4501953125,11254.517
2013-12-04,11885.0,11258.155
2013-12-05,11972.0,11270.792
2013-12-06,9612.4501953125,11270.621
2013-12-09,9610.0,11268.348
2013-12-10,11813.0,11303.722
2013-12-11,11834.0,11299.345
2013-12-12,11878.0,11303.366
2013-12-13,11999.0,11283.772
2013-12-16,11988.0,11284.877
2013-12-17,11973.0,11261.119
2013-12-18,11984.0,11298.292
2013-12-19,12012.0,11338.578
2013-12-20,12118.0,11339.888
2013-12-23,12153.0,11358.852
2013-12-24,12147.0,11461.054
2013-12-25,12148.0,11475.901
2013-12-26,12143.0,11490.02
2013-12-27,12148.0,11484.966
2013-12-30,12142.0,11453.885
2013-12-31,12217.0,11512.456
2014-01-01,12158.0,11524.788
2014-01-02,12158.0,11559.642
2014-01-03,12102.0,11561.274
2014-01-06,12112.0,11543.998
2014-01-07,12133.0,11647.966
2014-01-08,12065.0,11671.36
2014-01-09,12077.0,11696.059
2014-01-10,12032.0,11693.72
2014-01-13,12017.0,11787.031
2014-01-14,11812.0,11873.373
2014-01-15,11801.0,11981.871
2014-01-16,11828.0,11990.671
2014-01-17,11878.0,11983.357
2014-01-20,11858.0,12055.969
2014-01-21,11897.0,12147.491
2014-01-22,12038.0,12156.412
2014-01-23,12052.0,12164.644
2014-01-24,12093.0,12171.109
2014-01-27,12127.0,12171.621
2014-01-28,12197.0,12167.011
2014-01-29,12093.0,12162.034
2014-01-30,12145.0,12157.281
2014-01-31,12143.0,12157.181
2014-02-03,12150.0,12156.682
2014-02-04,12083.0,12157.5625
2014-02-05,11981.0,12156.967
2014-02-06,12020.0,12150.631
2014-02-07,11940.0,12142.221
2014-02-10,12001.0,12131.827
2014-02-11,12026.0,12123.059
2014-02-12,11946.0,12112.295
2014-02-13,11931.0,12105.043
2014-02-14,11876.0,12101.783
2014-02-17,11686.0,12101.339
2014-02-18,11631.0,12100.513
2014-02-19,11840.0,12100.003
2014-02-20,11671.0,12100.373
2014-02-21,11761.0,12098.239
2014-02-24,11686.0,12096.847
2014-02-25,11576.0,12093.973
2014-02-26,11620.0,12098.959
2014-02-27,11666.0,12103.278
2014-02-28,11601.0,12104.801
2014-03-03,11569.0,12098.24
2014-03-04,11656.0,12090.896
2014-03-05,11566.0,12084.753
2014-03-06,11571.0,12067.663
2014-03-07,11410.0,12052.088
2014-03-10,11486.0,12034.688
2014-03-11,11430.0,12010.871
2014-03-12,11485.0,11982.611
2014-03-13,11435.0,11957.856
2014-03-14,11421.0,11930.03
2014-03-17,11296.0,11905.083
2014-03-18,11286.0,11880.106
2014-03-19,11325.0,11851.779
2014-03-20,11310.0,11829.027
2014-03-21,11435.0,11799.368
2014-03-24,11401.0,11775.804
2014-03-25,11361.0,11750.021
2014-03-26,11381.0,11725.852
2014-03-27,11435.0,11703.286
2014-03-28,11381.0,11681.997
2014-03-30,11305.0,11658.297
2014-03-31,11230.0,11639.7705
2014-04-01,11285.0,11624.649
2014-04-02,11330.0,11601.124
2014-04-03,11375.0,11587.086
2014-04-06,11310.0,11567.735
2014-04-07,11295.0,11549.882
2014-04-08,11295.0,11536.932
2014-04-09,11363.0,11521.369
2014-04-10,11415.0,11502.32
2014-04-13,11395.0,11488.485
2014-04-14,11436.0,11476.13
2014-04-15,11410.0,11460.776
2014-04-16,11405.0,11450.075
2014-04-17,11445.0,11439.843
2014-04-20,11445.0,11439.363
2014-04-21,11425.0,11437.9
2014-04-22,11540.0,11438.453
2014-04-23,11610.0,11439.995
2014-04-24,11595.0,11444.274
2014-04-27,11565.0,11447.653
2014-04-28,11580.0,11454.133
2014-04-29,11515.0,11460.947
2014-04-30,11545.0,11467.772
2014-05-01,11520.0,11476.622
2014-05-04,11505.0,11479.268
2014-05-05,11505.0,11482.025
2014-05-06,11510.0,11487.688
2014-05-07,11550.0,11494.792
2014-05-08,11525.0,11499.696
2014-05-11,11505.0,11506.216
2014-05-12,11520.0,11515.225
2014-05-13,11485.0,11528.073
2014-05-14,11370.0,11537.717
2014-05-15,11420.0,11545.482
2014-05-18,11390.0,11550.068
2014-05-19,11400.0,11555.508
2014-05-20,11460.0,11563.124
2014-05-21,11495.0,11572.389
2014-05-25,11590.0,11578.487
2014-05-26,11560.0,11582.062
2014-05-27,11560.0,11586.119
2014-05-28,11630.0,11588.288
2014-05-29,11595.0,11587.88
2014-06-01,11660.0,11589.96
2014-06-02,11760.0,11593.285
2014-06-03,11770.0,11600.551
2014-06-04,11880.0,11612.356
2014-06-05,11845.0,11621.284
2014-06-08,11815.0,11627.557
2014-06-09,11775.0,11633.375
2014-06-10,11815.0,11639.958
2014-06-11,11805.0,11646.2705
2014-06-12,11780.0,11653.624
2014-06-15,11785.0,11659.88
2014-06-16,11815.0,11667.213
2014-06-17,11885.0,11677.03
2014-06-18,12005.0,11688.667
2014-06-19,11925.0,11703.729
2014-06-22,11950.0,11717.666
2014-06-23,11988.0,11732.828
2014-06-24,11995.0,11749.584
2014-06-25,12090.0,11765.143
2014-06-26,12100.0,11781.7295
2014-06-29,12020.0,11803.75
2014-06-30,11885.0,11823.159
2014-07-01,11865.0,11844.175
2014-07-02,11900.0,11864.8125
2014-07-03,11905.0,11882.814
2014-07-06,11860.0,11898.687
2014-07-07,11725.0,11910.479
2014-07-08,11665.0,11924.544
2014-07-09,11615.0,11938.067
2014-07-10,11570.0,11949.361
2014-07-13,11605.0,11963.38
2014-07-14,11663.0,11974.687
2014-07-15,11720.0,11981.766
2014-07-16,11642.0,11987.448
2014-07-17,11660.0,11987.467
2014-07-20,11615.0,11987.128
2014-07-21,11566.0,11986.359
2014-07-22,11580.0,11985.418
2014-07-23,11485.0,11979.15
2014-07-24,11552.0,11969.902
2014-07-27,11561.0,11960.7295
2014-07-28,11561.0,11952.709
2014-07-29,11560.0,11945.659
2014-07-30,11561.0,11934.316
2014-07-31,11761.0,11915.362
2014-08-03,11861.0,11896.573
2014-08-04,11755.0,11873.728
2014-08-05,11675.0,11847.713
2014-08-06,11758.0,11827.479
2014-08-07,11785.0,11807.934
2014-08-10,11745.0,11787.325
2014-08-11,11700.0,11769.244
2014-08-12,11680.0,11758.644
2014-08-13,11683.0,11751.67
2014-08-14,11670.0,11745.846
2014-08-17,11667.0,11738.73
2014-08-18,11680.0,11731.927
2014-08-19,11663.0,11730.345
2014-08-20,11700.0,11729.981
2014-08-21,11688.0,11732.966
2014-08-24,11660.0,11738.543
2014-08-25,11703.0,11742.91
2014-08-26,11688.0,11743.372
2014-08-27,11665.0,11741.642
2014-08-28,11715.0,11744.961
2014-08-31,11694.0,11746.282
2014-09-01,11698.0,11748.642
2014-09-02,11743.0,11752.688
2014-09-03,11767.0,11754.995
2014-09-04,11741.0,11761.744
2014-09-07,11722.0,11766.805
2014-09-08,11713.0,11772.59
2014-09-09,11775.0,11775.828
2014-09-10,11805.0,11779.967
2014-09-11,11830.0,11786.541
2014-09-14,11885.0,11785.992
2014-09-15,11925.0,11783.595
2014-09-16,11975.0,11787.663
2014-09-17,11962.0,11797.315
2014-09-18,11969.0,11804.269
2014-09-21,11983.0,11809.367
2014-09-22,11978.0,11816.676
2014-09-23,11970.0,11825.43
2014-09-24,11943.0,11834.207
2014-09-25,11968.0,11842.872
2014-09-28,12050.0,11852.432
2014-09-29,12132.0,11864.142
2014-09-30,12175.0,11878.562
2014-10-01,12130.0,11895.065
2014-10-02,12112.0,11909.895
2014-10-05,12181.0,11924.64
2014-10-06,12147.0,11941.298
2014-10-07,12218.0,11955.334
2014-10-08,12210.0,11970.403
2014-10-09,12192.0,11986.991
2014-10-12,12210.0,12002.552
2014-10-13,12200.0,12021.433
2014-10-14,12188.0,12041.031
2014-10-15,12227.0,12057.375
2014-10-16,12210.0,12072.818
2014-10-19,12102.0,12088.932
2014-10-20,12008.0,12104.476
2014-10-21,11987.0,12119.324
2014-10-22,11980.0,12131.3
2014-10-23,12032.0,12142.506
2014-10-27,12075.0,12154.432
2014-10-28,12100.0,12165.969
2014-10-29,12137.0,12176.38
2014-10-30,12092.0,12183.941
2014-10-31,12150.0,12192.523
2014-11-03,12070.0,12200.508
2014-11-04,12107.0,12204.662
2014-11-05,12110.0,12205.881
2014-11-06,12175.0,12205.351
2014-11-07,12150.0,12206.736
2014-11-10,12175.0,12209.457
2014-11-11,12145.0,12211.305
2014-11-12,12128.0,12211.715
2014-11-13,12187.0,12208.811
2014-11-14,12187.0,12209.24
2014-11-17,12200.0,12209.569
2014-11-18,12195.0,12207.382
2014-11-19,12125.0,12204.658
2014-11-20,12102.0,12197.187
2014-11-21,12133.0,12190.965
2014-11-24,12133.0,12188.781
2014-11-25,12133.0,12187.694
2014-11-26,12133.0,12187.4375
2014-11-27,12175.0,12187.844
2014-11-28,12175.0,12186.551
2014-12-01,12175.0,12184.562
2014-12-02,12285.0,12186.223
2014-12-03,12285.0,12192.291
2014-12-04,12285.0,12199.432
2014-12-05,12285.0,12208.872
2014-12-08,12285.0,12217.443
2014-12-09,12285.0,12225.092
2014-12-10,12285.0,12230.743
2014-12-11,12285.0,12235.294
2014-12-12,12463.0,12241.496
2014-12-15,12612.0,12249.084
2014-12-16,12850.0,12263.438
2014-12-17,12705.0,12281.817
2014-12-18,12673.0,12299.95
2014-12-19,12480.0,12317.157
2014-12-22,12435.0,12332.567
2014-12-23,12460.0,12343.379
2014-12-24,12415.0,12353.368
2014-12-25,12470.0,12362.526
2014-12-26,12470.0,12370.249
2014-12-29,12405.0,12383.544
2014-12-30,12410.0,12397.415
2014-12-31,12420.0,12414.082
2015-01-01,12390.0,12432.675
2015-01-02,12390.0,12452.829
2015-01-05,12480.0,12468.679
2015-01-06,12625.0,12480.363
2015-01-07,12635.0,12489.726
2015-01-08,12720.0,12495.919
2015-01-09,12610.0,12502.409
2015-01-12,12565.0,12515.264
2015-01-13,12558.0,12530.112
2015-01-14,12587.0,12541.712
2015-01-15,12555.0,12555.576
2015-01-16,12469.0,12569.64
2015-01-19,12580.0,12579.633
2015-01-20,12630.0,12587.154
2015-01-21,12562.0,12590.185
2015-01-22,12465.0,12589.836
2015-01-23,12405.0,12596.01
2015-01-26,12423.0,12601.446
2015-01-27,12487.0,12602.117
2015-01-28,12450.0,12593.337
2015-01-29,12455.0,12586.982
2015-01-30,12570.0,12579.814
2015-02-02,12730.0,12580.011
2015-02-03,12645.0,12584.751
2015-02-04,12575.0,12591.083
2015-02-05,12625.0,12595.224
2015-02-06,12587.0,12596.416
2015-02-09,12633.0,12599.303
2015-02-10,12665.0,12606.551
2015-02-11,12727.0,12613.096
2015-02-12,12805.0,12619.817
2015-02-13,12770.0,12630.109
2015-02-16,12677.0,12639.657
2015-02-17,12615.0,12645.772
2015-02-18,12772.0,12648.212
2015-02-19,12810.0,12649.864
2015-02-20,12885.0,12647.609
2015-02-23,12813.0,12651.846
2015-02-24,12860.0,12658.34
2015-02-25,12797.0,12667.436
2015-02-26,12855.0,12674.17
2015-02-27,12857.0,12685.64
2015-03-02,12978.0,12701.709
2015-03-03,12995.0,12712.832
2015-03-04,12970.0,12723.454
2015-03-05,13015.0,12736.305
2015-03-06,12900.0,12752.871
2015-03-09,13030.0,12770.696
2015-03-10,13073.0,12788.663
2015-03-11,13070.0,12806.778
2015-03-12,13175.0,12827.323
2015-03-13,13170.0,12851.868
2015-03-16,13185.0,12871.4795
2015-03-17,13195.0,12883.592
2015-03-18,13120.0,12901.394
2015-03-19,12880.0,12921.519
2015-03-20,13058.0,12935.996
2015-03-23,13025.0,12951.512
2015-03-24,12943.0,12965.568
2015-03-25,12905.0,12979.071
2015-03-26,12930.0,12989.794
2015-03-27,13010.0,12998.468
2015-03-29,13035.0,13009.967
2015-03-30,13087.0,13026.372
2015-03-31,13060.0,13045.754
2015-04-01,12958.0,13058.082
2015-04-02,12985.0,13064.956
2015-04-05,12965.0,13067.908
2015-04-06,12945.0,13071.805
2015-04-07,12995.0,13074.159
2015-04-08,12925.0,13078.557
2015-04-09,12935.0,13081.84
2015-04-12,12890.0,13086.836
2015-04-13,13045.0,13086.233
2015-04-14,12975.0,13085.697
2015-04-15,12897.0,13086.451
2015-04-16,12820.0,13081.35
2015-04-19,12800.0,13079.814
2015-04-20,12970.0,13072.499
2015-04-21,12925.0,13065.996
2015-04-22,12900.0,13058.955
2015-04-23,12930.0,13049.582
2015-04-26,12942.0,13042.721
2015-04-27,12927.0,13034.721
2015-04-28,12935.0,13025.696
2015-04-29,12915.0,13020.013
2015-04-30,12957.0,13019.506
2015-05-03,12975.0,13011.755
2015-05-04,12860.0,13005.323
2015-05-05,13005.0,13002.291
2015-05-06,13004.0,13001.134
2015-05-07,13095.0,12999.656
2015-05-10,13047.0,12999.202
2015-05-11,13170.0,12999.541
2015-05-12,13145.0,13000.537
2015-05-13,13102.0,13002.266
2015-05-14,13013.0,13006.705
2015-05-17,13047.0,13006.245
2015-05-18,13162.0,13007.693
2015-05-19,13168.0,13011.981
2015-05-20,13015.0,13015.447
2015-05-21,13108.0,13020.001
2015-05-24,13140.0,13027.737
2015-05-25,13173.0,13037.012
2015-05-26,13217.0,13041.019
2015-05-27,13170.0,13046.795
2015-05-28,13165.0,13054.927
2015-05-31,13200.0,13066.482
2015-06-01,13188.0,13078.786
2015-06-02,13150.0,13084.783
2015-06-03,13230.0,13092.349
2015-06-04,13275.0,13101.175
2015-06-07,13388.0,13112.183
2015-06-08,13310.0,13125.498
2015-06-09,13345.0,13139.873
2015-06-10,13205.0,13152.599
2015-06-11,13230.0,13164.154
2015-06-14,13315.0,13172.71
2015-06-15,13320.0,13182.808
2015-06-16,13340.0,13195.378
2015-06-17,13330.0,13203.694
2015-06-18,13290.0,13213.536
2015-06-21,13310.0,13222.488
2015-06-22,13302.0,13233.437
2015-06-23,13250.0,13238.853
2015-06-24,13290.0,13244.474
2015-06-25,13303.0,13250.21
2015-06-28,13322.0,13258.8955
2015-06-29,13322.0,13266.653
2015-06-30,13342.0,13268.834
2015-07-01,13318.0,13273.412
2015-07-02,13260.0,13284.475
2015-07-05,13340.0,13292.512
2015-07-06,13340.0,13299.665
2015-07-07,13325.0,13304.687
2015-07-08,13335.0,13308.069
2015-07-09,13303.0,13311.294
2015-07-12,13278.0,13314.983
2015-07-13,13280.0,13318.207
2015-07-14,13305.0,13322.2
2015-07-15,13338.0,13328.163
2015-07-16,13331.0,13331.682
2015-07-19,13350.0,13333.133
2015-07-20,13340.0,13331.565
2015-07-21,13335.0,13330.924
2015-07-22,13400.0,13329.449
2015-07-23,13430.0,13334.6455
2015-07-26,13430.0,13339.616
2015-07-27,13465.0,13342.492
2015-07-28,13290.0,13347.361
2015-07-29,13460.0,13348.845
2015-07-30,13492.0,13351.314
2015-08-02,13425.0,13355.796
2015-08-03,13440.0,13359.193
2015-08-04,13485.0,13363.367
2015-08-05,13517.0,13370.681
2015-08-06,13465.0,13377.261
2015-08-09,13465.0,13382.888
2015-08-10,13467.0,13387.406
2015-08-11,13605.0,13391.815
2015-08-12,13745.0,13397.267
2015-08-13,13675.0,13408.066
2015-08-16,13715.0,13420.002
2015-08-17,13830.0,13430.689
2015-08-18,13828.0,13445.318
2015-08-19,13748.0,13460.908
2015-08-20,13885.0,13474.52
2015-08-23,13815.0,13491.372
2015-08-24,13915.0,13507.346
2015-08-25,13800.0,13524.976
2015-08-26,13960.0,13541.707
2015-08-27,13795.0,13560.539
2015-08-30,13910.0,13576.342
2015-08-31,14000.0,13593.886
2015-09-01,13988.0,13615.397
2015-09-02,14050.0,13635.99
2015-09-03,14065.0,13655.246
2015-09-06,14190.0,13675.007
2015-09-07,14275.0,13694.483
2015-09-08,14160.0,13717.668
2015-09-09,14250.0,13746.942
2015-09-10,14235.0,13770.837
2015-09-13,14270.0,13793.407
2015-09-14,14310.0,13820.139
2015-09-15,14400.0,13847.788
2015-09-16,14377.0,13873.618
2015-09-17,14225.0,13898.929
2015-09-20,14403.0,13926.238
2015-09-21,14470.0,13955.588
2015-09-22,14595.0,13985.727
2015-09-23,14640.0,14011.553
2015-09-24,14670.0,14036.655
2015-09-27,14617.0,14065.125
2015-09-28,14697.0,14092.259
2015-09-29,14680.0,14117.848
2015-09-30,14552.0,14142.936
2015-10-01,14665.0,14167.417
2015-10-04,14605.0,14188.7705
2015-10-05,14433.0,14212.675
2015-10-06,14060.0,14231.838
2015-10-07,13865.0,14252.176
2015-10-08,13410.0,14269.94
2015-10-11,13320.0,14291.509
2015-10-12,13502.0,14311.619
2015-10-13,13650.0,14328.591
2015-10-14,13260.0,14345.93
2015-10-15,13400.0,14360.312
2015-10-18,13475.0,14374.493
2015-10-19,13650.0,14384.317
2015-10-20,13733.0,14385.329
2015-10-21,13700.0,14381.887
2015-10-22,13478.0,14364.0625
2015-10-26,13520.0,14340.245
2015-10-27,13610.0,14314.99
2015-10-28,13650.0,14287.464
2015-10-29,13602.0,14255.833
2015-10-30,13602.0,14225.811
2015-11-02,13630.0,14197.572
2015-11-03,13580.0,14160.114
2015-11-04,13395.0,14121.722
2015-11-05,13455.0,14072.386
2015-11-06,13525.0,14019.374
2015-11-09,13610.0,13957.065
2015-11-10,13645.0,13887.044
2015-11-11,13560.0,13812.445
2015-11-12,13525.0,13744.371
2015-11-13,13610.0,13683.261
2015-11-16,13743.0,13644.547
2015-11-17,13708.0,13617.451
2015-11-18,13720.0,13593.457
2015-11-19,13705.0,13578.578
2015-11-20,13655.0,13575.111
2015-11-23,13540.0,13584.658
2015-11-24,13665.0,13594.322
2015-11-25,13620.0,13593.911
2015-11-26,13590.0,13591.036
2015-11-27,13735.0,13601.264
2015-11-30,13638.0,13612.235
2015-12-01,13883.0,13618.629
2015-12-02,13820.0,13621.37
2015-12-03,13807.0,13619.839
2015-12-04,13695.0,13622.252
2015-12-07,13758.0,13631.331
2015-12-08,13870.0,13639.176
2015-12-09,13979.0,13644.095
2015-12-10,13920.0,13649.328
2015-12-11,13925.0,13658.554
2015-12-14,14130.0,13671.304
2015-12-15,13997.0,13685.985
2015-12-16,13970.0,13700.667
2015-12-17,13760.0,13719.727
2015-12-18,14020.0,13734.425
2015-12-21,13865.0,13746.2
2015-12-22,13760.0,13754.712
2015-12-23,13645.0,13759.6455
2015-12-24,13625.0,13768.658
2015-12-25,13630.0,13779.919
2015-12-28,13630.0,13789.952
2015-12-29,13495.0,13801.055
2015-12-30,13682.0,13812.283
2015-12-31,13845.0,13820.239
2016-01-01,13775.0,13825.366
2016-01-04,13775.0,13831.641
2016-01-05,13957.0,13841.376
2016-01-06,13805.0,13842.332
2016-01-07,13905.0,13843.891
2016-01-08,13930.0,13844.852
2016-01-11,13890.0,13840.692
2016-01-12,13805.0,13842.795
2016-01-13,13795.0,13840.992
2016-01-14,13847.0,13846.397
2016-01-15,13825.0,13843.475
2016-01-18,13973.0,13848.257
2016-01-19,13925.0,13848.381
2016-01-20,13830.0,13838.841
2016-01-21,13825.0,13825.918
2016-01-22,13769.0,13817.826
2016-01-25,13747.0,13815.171
2016-01-26,13830.0,13803.357
2016-01-27,13880.0,13796.276
2016-01-28,13802.0,13794.136
2016-01-29,13765.0,13797.87
2016-02-01,13675.0,13792.984
2016-02-02,13630.0,13794.594
2016-02-03,13730.0,13800.473
2016-02-04,13582.0,13808.383
2016-02-05,13612.0,13814.376
2016-02-08,13585.0,13817.194
2016-02-09,13676.0,13822.361
2016-02-10,13560.0,13830.642
2016-02-11,13455.0,13831.622
2016-02-12,13480.0,13827.738
2016-02-15,13465.0,13825.286
2016-02-16,13275.0,13820.778
2016-02-17,13397.0,13811.633
2016-02-18,13500.0,13803.9
2016-02-19,13415.0,13791.576
2016-02-22,13427.0,13778.008
2016-02-23,13385.0,13763.561
2016-02-24,13410.0,13750.499
2016-02-25,13385.0,13736.876
2016-02-26,13430.0,13721.259
2016-02-29,13425.0,13707.052
2016-03-01,13365.0,13683.702
2016-03-02,13246.0,13659.449
2016-03-03,13249.0,13640.942
2016-03-04,13140.0,13618.865
2016-03-07,13028.0,13601.125
2016-03-08,13000.0,13582.784
2016-03-09,13181.0,13561.464
2016-03-10,13100.0,13538.779
2016-03-11,13130.0,13518.913
2016-03-14,12943.0,13500.707
2016-03-15,12980.0,13487.485
2016-03-16,13123.0,13470.298
2016-03-17,12770.0,13450.276
2016-03-18,12935.0,13435.324
2016-03-21,13038.0,13417.213
2016-03-22,13183.0,13399.101
2016-03-23,13101.0,13377.406
2016-03-24,13215.0,13358.921
2016-03-25,13233.0,13343.659
2016-03-27,13170.0,13323.4795
2016-03-28,13278.0,13303.2295
2016-03-29,13180.0,13291.643
2016-03-30,13240.0,13274.787
2016-03-31,13158.0,13261.886
2016-04-03,13127.0,13252.412
2016-04-04,13140.0,13236.518
2016-04-05,13210.0,13218.117
2016-04-06,13172.0,13203.521
2016-04-07,13172.0,13188.642
2016-04-10,13115.0,13177.913
2016-04-11,13095.0,13167.819
2016-04-12,13073.0,13163.715
2016-04-13,13145.0,13160.537
2016-04-14,13172.0,13155.121
2016-04-17,13130.0,13155.638
2016-04-18,13104.0,13160.506
2016-04-19,13086.0,13166.591
2016-04-20,13166.0,13166.595
2016-04-21,13172.0,13169.04
2016-04-24,13195.0,13172.135
2016-04-25,13190.0,13177.958
2016-04-26,13160.0,13181.35
2016-04-27,13155.0,13179.051
2016-04-28,13170.0,13191.366
2016-05-01,13175.0,13197.806
2016-05-02,13095.0,13198.965
2016-05-03,13185.0,13195.452
2016-05-04,13350.0,13197.04
2016-05-05,13345.0,13197.745
2016-05-08,13310.0,13199.259
2016-05-09,13377.0,13201.915
2016-05-10,13298.0,13203.969
2016-05-11,13247.0,13208.424
2016-05-12,13255.0,13209.983
2016-05-15,13332.0,13213.652
2016-05-16,13320.0,13216.639
2016-05-17,13318.0,13220.878
2016-05-18,13435.0,13225.199
2016-05-19,13595.0,13233.483
2016-05-22,13605.0,13244.266
2016-05-23,13540.0,13258.187
2016-05-24,13570.0,13273.669
2016-05-25,13608.0,13289.848
2016-05-26,13549.0,13303.267
2016-05-29,13560.0,13314.234
2016-05-30,13631.0,13324.507
2016-05-31,13643.0,13338.039
2016-06-01,13610.0,13355.792
2016-06-02,13610.0,13372.614
2016-06-05,13418.0,13389.115
2016-06-06,13347.0,13402.042
2016-06-07,13227.0,13414.228
2016-06-08,13205.0,13428.083
2016-06-09,13250.0,13440.68
2016-06-12,13326.0,13450.099
2016-06-13,13321.0,13459.886
2016-06-14,13350.0,13474.53
2016-06-15,13320.0,13488.018
2016-06-16,13386.0,13497.631
2016-06-19,13332.0,13507.093
2016-06-20,13250.0,13512.126
2016-06-21,13255.0,13509.89
2016-06-22,13195.0,13507.049
2016-06-23,13250.0,13505.205
2016-06-26,13375.0,13502.881
2016-06-27,13385.0,13498.099
2016-06-28,13160.0,13495.852
2016-06-29,13139.0,13492.155
2016-06-30,13177.0,13481.783
2016-07-03,13115.0,13466.493
2016-07-04,13060.0,13450.672
2016-07-05,13160.0,13436.852
2016-07-06,13212.0,13418.069
2016-07-07,13100.0,13395.663
2016-07-10,13105.0,13377.339
2016-07-11,13120.0,13363.041
2016-07-12,13075.0,13351.099
2016-07-13,13015.0,13339.814
2016-07-14,13020.0,13326.406
2016-07-17,13062.0,13309.814
2016-07-18,13078.0,13297.264
2016-07-19,13093.0,13287.676
2016-07-20,13105.0,13282.437
2016-07-21,13111.0,13277.162
2016-07-24,13113.0,13267.766
2016-07-25,13095.0,13254.587
2016-07-26,13162.0,13245.171
2016-07-27,13098.0,13233.205
2016-07-28,13058.0,13220.618
2016-07-31,13020.0,13205.689
2016-08-01,13010.0,13192.715
2016-08-02,13092.0,13180.292
2016-08-03,13140.0,13169.87
2016-08-04,13103.0,13165.537
2016-08-07,13122.0,13160.465
2016-08-08,13105.0,13150.98
2016-08-09,13101.0,13141.816
2016-08-10,13083.0,13139.434
2016-08-11,13098.0,13136.908
2016-08-14,13106.0,13132.448
2016-08-15,13062.0,13131.454
2016-08-16,13111.0,13131.729
2016-08-17,13115.0,13128.824
2016-08-18,13109.0,13125.694
2016-08-21,13179.0,13126.933
2016-08-22,13209.0,13129.02
2016-08-23,13234.0,13131.035
2016-08-24,13258.0,13135.046
2016-08-25,13246.0,13142.064
2016-08-28,13310.0,13147.828
2016-08-29,13248.0,13152.246
2016-08-30,13283.0,13157.201
2016-08-31,13280.0,13162.88
2016-09-01,13273.0,13168.131
2016-09-04,13195.0,13173.052
2016-09-05,13125.0,13177.638
2016-09-06,13058.0,13182.227
2016-09-07,13070.0,13183.798
2016-09-08,13071.0,13187.962
2016-09-11,13176.0,13193.066
2016-09-12,13172.0,13200.634
2016-09-13,13241.0,13208.076
2016-09-14,13191.0,13213.419
2016-09-15,13144.0,13217.4375
2016-09-18,13163.0,13222.48
2016-09-19,13139.0,13225.454
2016-09-20,13158.0,13226.267
2016-09-21,13058.0,13225.502
2016-09-22,13062.0,13225.01
2016-09-25,13053.0,13224.599
2016-09-26,13039.0,13225.736
2016-09-27,12917.0,13227.371
2016-09-28,12921.0,13227.886
2016-09-29,13003.0,13226.908
2016-10-02,12966.0,13226.115
2016-10-03,12962.0,13222.85
2016-10-04,13031.0,13217.432
2016-10-05,13014.0,13209.138
2016-10-06,13005.0,13200.437
2016-10-09,12967.0,13191.555
2016-10-10,12926.0,13182.667
2016-10-11,13068.0,13172.695
2016-10-12,13019.0,13162.454
2016-10-13,13044.0,13152.4795
2016-10-16,13092.0,13140.389
2016-10-17,13051.0,13130.94
2016-10-18,13020.0,13123.374
2016-10-19,12972.0,13118.335
2016-10-20,13005.0,13113.799
2016-10-23,13050.0,13108.356
2016-10-24,13012.0,13099.435
2016-10-25,12976.0,13091.854
2016-10-26,13024.0,13079.968
2016-10-27,13053.0,13070.141
2016-10-31,13063.0,13065.814
2016-11-01,13013.0,13062.513
2016-11-02,13038.0,13059.852
2016-11-03,13046.0,13056.364
2016-11-04,13068.0,13056.721
2016-11-07,13115.0,13055.299
2016-11-08,13087.0,13053.596
2016-11-09,13041.0,13053.646
2016-11-10,13137.0,13059.028
2016-11-11,13588.0,13065.808
2016-11-14,13342.0,13078.129
2016-11-15,13459.0,13089.249
2016-11-16,13313.0,13103.225
2016-11-17,13368.0,13115.529
2016-11-18,13411.0,13125.961
2016-11-21,13479.0,13137.077
2016-11-22,13412.0,13150.096
2016-11-23,13432.0,13162.267
2016-11-24,13607.0,13173.474
2016-11-25,13558.0,13192.958
2016-11-28,13480.0,13211.225
2016-11-29,13479.0,13223.743
2016-11-30,13502.0,13238.285
2016-12-01,13572.0,13255.682
2016-12-02,13518.0,13273.994
2016-12-05,13640.0,13289.663
2016-12-06,13436.0,13304.043
2016-12-07,13296.0,13317.309
2016-12-08,13277.0,13333.657
2016-12-09,13306.0,13353.0625
2016-12-12,13357.0,13370.462
2016-12-13,13278.0,13383.638
2016-12-14,13280.0,13400.052
2016-12-15,13418.0,13414.706
2016-12-16,13411.0,13430.138
2016-12-19,13383.0,13443.129
2016-12-20,13370.0,13455.509
2016-12-21,13421.0,13467.199
2016-12-22,13439.0,13477.873
2016-12-23,13449.0,13483.788
2016-12-26,13442.0,13473.979
2016-12-27,13442.0,13471.702
2016-12-28,13429.0,13466.001
2016-12-29,13490.0,13466.385
2016-12-30,13466.0,13467.151
2017-01-02,13512.0,13466.359
2017-01-03,13506.0,13466.959
2017-01-04,13443.0,13469.059
2017-01-05,13348.0,13466.739
2017-01-06,13319.0,13453.867
2017-01-09,13351.0,13443.0625
2017-01-10,13314.0,13438.543
2017-01-11,13291.0,13435.912
2017-01-12,13241.0,13434.394
2017-01-13,13258.0,13432.894
2017-01-16,13313.0,13431.404
2017-01-17,13349.0,13425.636
2017-01-18,13296.0,13427.45
2017-01-19,13370.0,13432.84
2017-01-20,13378.0,13435.901
2017-01-23,13406.0,13436.407
2017-01-24,13345.0,13433.568
2017-01-25,13342.0,13433.6455
2017-01-26,13316.0,13431.931
2017-01-27,13387.0,13426.046
2017-01-30,13326.0,13419.999
2017-01-31,13338.0,13416.036
2017-02-01,13345.0,13413.857
2017-02-02,13360.0,13411.646
2017-02-03,13346.0,13406.809
2017-02-06,13338.0,13398.986
2017-02-07,13326.0,13391.281
2017-02-08,13310.0,13385.022
2017-02-09,13302.0,13380.335
2017-02-10,13288.0,13374.288
2017-02-13,13335.0,13371.012
2017-02-14,13323.0,13365.711
2017-02-15,13321.0,13360.012
2017-02-16,13316.0,13356.83
2017-02-17,13321.0,13358.0
2017-02-20,13350.0,13358.794
2017-02-21,13347.0,13358.241
2017-02-22,13358.0,13357.557
2017-02-23,13338.0,13357.708
2017-02-24,13325.0,13358.137
2017-02-27,13324.0,13360.019
2017-02-28,13339.0,13359.284
2017-03-01,13391.0,13357.994
2017-03-02,13392.0,13359.929
2017-03-03,13373.0,13360.388
2017-03-06,13278.0,13360.298
2017-03-07,13342.0,13358.176
2017-03-08,13336.0,13358.003
2017-03-09,13368.0,13358.265
2017-03-10,13403.0,13358.678
2017-03-13,13346.0,13357.068
2017-03-14,13372.0,13357.788
2017-03-15,13390.0,13359.298
2017-03-16,13217.0,13361.057
2017-03-17,13283.0,13361.811
2017-03-20,13330.0,13363.152
2017-03-21,13332.0,13363.491
2017-03-22,13308.0,13364.001
2017-03-23,13327.0,13365.197
2017-03-24,13318.0,13366.09
2017-03-26,13320.0,13368.062
2017-03-27,13308.0,13368.686
2017-03-28,13309.0,13370.28
2017-03-29,13303.0,13369.854
2017-03-30,13299.0,13369.607
2017-04-02,13335.0,13369.8
2017-04-03,13316.0,13365.785
2017-04-04,13332.0,13363.003
2017-04-05,13323.0,13360.163
2017-04-06,13353.0,13358.507
2017-04-09,13373.0,13358.279
2017-04-10,13271.0,13357.826
2017-04-11,13291.0,13357.635
2017-04-12,13277.0,13355.577
2017-04-13,13276.0,13350.21
2017-04-16,13287.0,13346.181
2017-04-17,13279.0,13346.734
2017-04-18,13296.0,13345.567
2017-04-19,13343.0,13345.101
2017-04-20,13317.0,13344.0625
2017-04-23,13105.0,13342.477
2017-04-24,13124.0,13342.837
2017-04-25,13303.0,13340.009
2017-04-26,13261.0,13336.187
2017-04-27,13351.0,13337.59
2017-04-30,13322.0,13336.708
2017-05-01,13325.0,13334.861
2017-05-02,13295.0,13332.629
2017-05-03,13304.0,13332.429
2017-05-04,13340.0,13332.11
2017-05-07,13315.0,13329.176
2017-05-08,13324.0,13328.167
2017-05-09,13359.0,13328.081
2017-05-10,13353.0,13328.967
2017-05-11,13312.0,13329.214
2017-05-14,13323.0,13326.18
2017-05-15,13285.0,13324.593
2017-05-16,13274.0,13325.187
2017-05-17,13318.0,13325.217
2017-05-18,13399.0,13326.31
2017-05-21,13328.0,13324.663
2017-05-22,13296.0,13319.361
2017-05-23,13296.0,13320.2705
2017-05-24,13302.0,13322.379
2017-05-25,13302.0,13324.421
2017-05-28,13288.0,13326.147
2017-05-29,13315.0,13328.359
2017-05-30,13319.0,13330.685
2017-05-31,13294.0,13331.416
2017-06-01,13288.0,13329.06
2017-06-04,13304.0,13329.243
2017-06-05,13283.0,13336.322
2017-06-06,13259.0,13342.391
2017-06-07,13313.0,13342.618
2017-06-08,13293.0,13343.722
2017-06-11,13295.0,13341.927
2017-06-12,13314.0,13340.298
2017-06-13,13282.0,13337.997
2017-06-14,13286.0,13337.664
2017-06-15,13294.0,13336.563
2017-06-18,13277.0,13334.939
2017-06-19,13286.0,13333.444
2017-06-20,13291.0,13331.381
2017-06-21,13301.0,13328.637
2017-06-22,13341.0,13325.966
2017-06-25,13284.0,13324.641
2017-06-26,13318.0,13322.909
2017-06-27,13308.0,13323.871
2017-06-28,13296.0,13325.423
2017-06-29,13278.0,13324.904
2017-07-02,13298.0,13321.831
2017-07-03,13364.0,13320.511
2017-07-04,13351.0,13320.354
2017-07-05,13363.0,13321.296
2017-07-06,13383.0,13323.025
2017-07-09,13408.0,13325.592
2017-07-11,13349.0,13328.976
2017-07-12,13363.0,13330.813
2017-07-13,13341.0,13332.298
2017-07-16,13332.0,13333.839
2017-07-17,13321.0,13334.896
2017-07-18,13302.0,13335.435
2017-07-19,13309.0,13337.113
2017-07-20,13303.0,13340.021
2017-07-23,13265.0,13341.499
2017-07-24,13316.0,13344.232
2017-07-25,13328.0,13347.073
2017-07-26,13329.0,13348.744
2017-07-27,13311.0,13351.241
2017-07-30,13320.0,13352.525
2017-07-31,13318.0,13353.154
2017-08-01,13317.0,13354.399
2017-08-02,13317.0,13354.95
2017-08-03,13319.0,13355.364
2017-08-06,13309.0,13354.471
2017-08-07,13315.0,13352.606
2017-08-08,13306.0,13353.478
2017-08-09,13326.0,13351.878
2017-08-10,13327.0,13351.098
2017-08-13,13351.0,13350.44
2017-08-14,13342.0,13351.108
2017-08-15,13354.0,13351.3545
2017-08-16,13350.0,13349.932
2017-08-17,13372.0,13349.544
2017-08-20,13355.0,13348.834
2017-08-21,13344.0,13347.585
2017-08-22,13325.0,13346.012
2017-08-23,13351.0,13345.858
2017-08-24,13333.0,13345.364
2017-08-27,13339.0,13345.291
2017-08-28,13303.0,13345.892
2017-08-29,13333.0,13346.772
2017-08-30,13334.0,13348.28
2017-08-31,13321.0,13349.215
2017-09-03,13331.0,13350.922
2017-09-04,13353.0,13353.679
2017-09-05,13333.0,13354.598
2017-09-06,13339.0,13354.723
2017-09-07,13289.0,13355.118
2017-09-10,13197.0,13355.712
2017-09-11,13176.0,13355.985
2017-09-12,13208.0,13356.083
2017-09-13,13242.0,13356.243
2017-09-14,13262.0,13355.827
2017-09-17,13252.0,13355.764
2017-09-18,13268.0,13355.982
2017-09-19,13256.0,13356.063
2017-09-20,13273.0,13356.359
2017-09-21,13273.0,13355.751
2017-09-24,13306.0,13352.738
2017-09-25,13319.0,13348.195
2017-09-26,13375.0,13342.6875
2017-09-27,13433.0,13337.311
2017-09-28,13508.0,13335.122
2017-10-01,13465.0,13335.731
2017-10-02,13531.0,13337.756
2017-10-03,13536.0,13343.05
2017-10-04,13470.0,13349.3545
2017-10-05,13451.0,13353.089
2017-10-08,13497.0,13355.807
2017-10-09,13510.0,13356.285
2017-10-10,13510.0,13359.092
2017-10-11,13510.0,13363.46
2017-10-12,13498.0,13369.458
2017-10-15,13492.0,13376.407
2017-10-16,13476.0,13383.131
2017-10-17,13495.0,13389.51
2017-10-18,13510.0,13396.212
2017-10-19,13490.0,13400.353
2017-10-22,13516.0,13405.475
2017-10-23,13535.0,13414.436
2017-10-24,13525.0,13424.965
2017-10-25,13572.0,13435.3545
2017-10-26,13643.0,13445.915
2017-10-30,13588.0,13457.619
2017-10-31,13574.0,13468.905
2017-11-01,13554.0,13480.13
2017-11-02,13553.0,13490.562
2017-11-03,13543.0,13498.288
2017-11-06,13480.0,13506.289
2017-11-07,13483.0,13513.2
2017-11-08,13514.0,13519.998
2017-11-09,13503.0,13525.085
2017-11-10,13527.0,13528.89
2017-11-13,13512.0,13531.895
2017-11-14,13553.0,13535.663
2017-11-15,13545.0,13536.99
2017-11-17,13514.0,13537.994
2017-11-20,13508.0,13540.197
2017-11-21,13525.0,13542.327
2017-11-22,13519.0,13542.478
2017-11-23,13491.0,13541.759
2017-11-24,13489.0,13541.393
2017-11-27,13498.0,13540.687
2017-11-28,13511.0,13541.426
2017-11-29,13500.0,13541.854
2017-11-30,13504.0,13543.2
2017-12-01,13541.0,13542.529
2017-12-04,13560.0,13541.52
2017-12-05,13494.0,13541.497
2017-12-06,13513.0,13539.228
2017-12-07,13534.0,13537.034
2017-12-08,13553.0,13536.399
2017-12-11,13507.0,13534.17
2017-12-12,13552.0,13530.129
2017-12-13,13551.0,13528.749
2017-12-14,13540.0,13528.566
2017-12-15,13554.0,13528.809
2017-12-18,13568.0,13528.314
2017-12-19,13580.0,13528.498
2017-12-20,13575.0,13530.942
2017-12-21,13573.0,13533.547
2017-12-22,13562.0,13535.082
2017-12-25,13551.0,13536.508
2017-12-26,13532.0,13537.474
2017-12-27,13552.0,13538.774
2017-12-28,13558.0,13538.538
2017-12-29,13558.0,13539.22
2018-01-01,13542.0,13541.295
2018-01-02,13550.0,13543.134
2018-01-03,13496.0,13544.026
2018-01-04,13468.0,13545.77
2018-01-05,13415.0,13548.497
2018-01-08,13427.0,13550.684
2018-01-09,13427.0,13552.088
2018-01-10,13430.0,13552.948
2018-01-11,13441.0,13554.248
2018-01-12,13393.0,13555.626
2018-01-15,13295.0,13555.667
2018-01-16,13305.0,13555.202
2018-01-17,13306.0,13556.006
2018-01-18,13336.0,13554.771
2018-01-19,13334.0,13551.132
2018-01-22,13325.0,13546.1
2018-01-23,13342.0,13541.772
2018-01-24,13336.0,13535.176
2018-01-25,13298.0,13528.514
2018-01-26,13299.0,13521.39
2018-01-29,13296.0,13512.309
2018-01-30,13367.0,13501.9795
2018-01-31,13421.0,13491.016
2018-02-01,13383.0,13478.907
2018-02-02,13386.0,13467.74
2018-02-05,13411.0,13455.304
2018-02-06,13564.0,13444.174
2018-02-07,13544.0,13435.852
2018-02-08,13641.0,13429.528
2018-02-09,13598.0,13428.976
2018-02-12,13610.0,13429.782
2018-02-13,13643.0,13430.113
2018-02-14,13640.0,13429.191
2018-02-15,13622.0,13428.654
2018-02-16,13552.0,13431.603
2018-02-19,13552.0,13436.327
2018-02-20,13554.0,13441.975
2018-02-21,13608.0,13448.138
2018-02-22,13612.0,13453.649
2018-02-23,13676.0,13458.284
2018-02-26,13652.0,13466.467
2018-02-27,13651.0,13478.708
2018-02-28,13694.0,13491.327
2018-03-01,13756.0,13502.88
2018-03-02,13741.0,13513.241
2018-03-05,13751.0,13524.307
2018-03-06,13737.0,13537.641
2018-03-07,13759.0,13551.065
2018-03-08,13745.0,13564.213
2018-03-09,13786.0,13578.927
2018-03-12,13772.0,13594.672
2018-03-13,13755.0,13610.759
2018-03-14,13740.0,13623.895
2018-03-15,13725.0,13634.686
2018-03-16,13758.0,13645.571
2018-03-19,13748.0,13655.892
2018-03-20,13771.0,13666.174
2018-03-21,13743.0,13672.227
2018-03-22,13705.0,13679.023
2018-03-23,13754.0,13682.512
2018-03-25,13762.0,13688.195
2018-03-26,13718.0,13693.197
2018-03-27,13740.0,13697.58
2018-03-28,13756.0,13701.775
2018-03-29,13757.0,13705.789
2018-04-01,13768.0,13711.773
2018-04-02,13748.0,13718.007
2018-04-03,13741.0,13724.336
2018-04-04,13751.0,13729.134
2018-04-05,13760.0,13732.799
2018-04-08,13763.0,13735.037
2018-04-09,13768.0,13738.031
2018-04-10,13742.099609375,13741.354
2018-04-11,13753.5,13742.895
2018-04-12,13767.0,13742.477
2018-04-15,13733.0,13743.492
2018-04-16,13766.0,13743.613
2018-04-17,13757.0,13744.154
2018-04-18,13769.0,13743.612
2018-04-19,13800.0,13744.023
2018-04-22,13899.0,13744.074
2018-04-23,13961.0,13745.916
2018-04-24,13872.0,13750.026
2018-04-25,13919.0,13754.593
2018-04-26,13879.0,13761.114
2018-04-29,13870.0,13766.023
2018-04-30,13901.0,13769.645
2018-05-01,13982.2998046875,13772.524
2018-05-02,14002.2998046875,13777.6455
2018-05-03,13931.0,13785.579
2018-05-06,13933.0,13792.211
2018-05-07,14268.5,13799.05
2018-05-08,14264.099609375,13812.695
2018-05-09,14073.0,13826.04
2018-05-10,14073.0,13837.574
2018-05-13,13943.0,13849.603
2018-05-14,13963.0,13857.45
2018-05-15,14030.0,13863.999
2018-05-16,14149.2001953125,13872.461
2018-05-17,14153.5,13880.813
2018-05-20,14163.0,13891.922
2018-05-21,14220.0,13907.118
2018-05-22,14200.7998046875,13923.315
2018-05-23,14169.0,13938.555
2018-05-24,14124.0,13951.037
2018-05-27,14078.0,13963.541
2018-05-28,14010.0,13973.639
2018-05-29,14029.0,13980.91
2018-05-30,13977.0,13990.735
2018-05-31,13880.0,13999.012
2018-06-03,13938.0,14008.289
2018-06-04,13860.0,14018.438
2018-06-05,13870.0,14027.283
2018-06-06,13822.0,14037.136
2018-06-07,13863.0,14043.478
2018-06-10,13866.0,14050.921
2018-06-11,13923.0,14055.061
2018-06-12,13923.0,14057.044
2018-06-13,13923.0,14055.055
2018-06-14,14121.400390625,14051.85
2018-06-17,13923.0,14052.807
2018-06-18,13923.0,14051.38
2018-06-19,13923.0,14038.696
2018-06-20,13923.0,14025.211
2018-06-21,14088.0,14015.931
2018-06-24,14073.0,14007.28
2018-06-25,14148.0,14006.456
2018-06-26,14188.0,14006.626
2018-06-27,14235.0,14006.313
2018-06-28,14350.0,14001.253
2018-07-01,14317.0,13994.934
2018-07-02,14347.0,13993.059
2018-07-03,14353.0,13992.367
2018-07-04,14400.0,13995.893
2018-07-05,14378.7998046875,13999.345
2018-07-08,14307.0,14005.441
2018-07-09,14311.0,14013.093
2018-07-10,14375.0,14023.48
2018-07-11,14378.0,14035.163
2018-07-12,14385.0,14049.581
2018-07-15,14373.0,14065.918
2018-07-16,14365.5,14078.563
2018-07-17,14377.0,14093.627
2018-07-18,14441.0,14108.701
2018-07-19,14468.0,14125.813
2018-07-22,14473.0,14142.386
2018-07-23,14567.5,14158.146
2018-07-24,14543.2998046875,14175.718
2018-07-25,14465.0,14194.33
2018-07-26,14525.0,14211.258
2018-07-29,14411.0,14223.5625
2018-07-30,14403.0,14238.905
2018-07-31,14409.2001953125,14253.995
2018-08-01,14489.0,14269.989
2018-08-02,14521.0,14285.167
2018-08-05,14486.0,14297.1455
2018-08-06,14543.2998046875,14309.027
2018-08-07,14422.0,14320.496
2018-08-08,14398.0,14330.444
2018-08-09,14472.0,14338.147
2018-08-12,14473.0,14343.024
2018-08-13,14594.0,14346.332
2018-08-14,14642.0,14348.67
2018-08-15,14555.7998046875,14351.708
2018-08-16,14598.599609375,14355.724
2018-08-19,14572.0,14363.342
2018-08-20,14562.0,14372.195
2018-08-21,14570.0,14380.875
2018-08-22,14572.0,14386.89
2018-08-23,14664.0,14391.841
2018-08-26,14559.0,14398.52
2018-08-27,14551.0,14403.126
2018-08-28,14653.0,14407.897
2018-08-29,14618.0,14413.706
2018-08-30,14751.0,14418.901
2018-09-02,14723.0,14425.903
2018-09-03,14832.0,14432.401
2018-09-04,14930.0,14437.806
2018-09-05,14979.900390625,14445.625
2018-09-06,14893.0,14456.424
2018-09-09,14813.0,14467.333
2018-09-10,14844.5,14480.496
2018-09-11,14837.0,14494.243
2018-09-12,14807.0,14505.941
2018-09-13,14740.0,14515.129
2018-09-16,14807.0,14522.421
2018-09-17,14907.099609375,14530.458
2018-09-18,14867.0,14539.957
2018-09-19,14880.0,14553.939
2018-09-20,14832.0,14568.714
2018-09-23,14812.0,14582.092
2018-09-24,14861.0,14592.665
2018-09-25,15021.5,14599.292
2018-09-26,14985.0,14604.282
2018-09-27,14918.7998046875,14613.332
2018-09-30,14902.0,14621.086
2018-10-01,15053.2998046875,14631.567
2018-10-02,15038.0,14645.055
2018-10-03,15139.2001953125,14659.487
2018-10-04,15408.900390625,14673.954
2018-10-07,15173.0,14691.096
2018-10-08,15400.0,14708.017
2018-10-09,15223.0,14729.209
2018-10-10,15196.0,14747.537
2018-10-11,15299.2001953125,14762.906
2018-10-14,15198.0,14777.115
2018-10-15,15193.7998046875,14790.228
2018-10-16,15193.0,14800.61
2018-10-17,15264.2998046875,14808.374
2018-10-18,15328.5,14815.165
2018-10-21,15181.0,14827.2
2018-10-22,15264.7001953125,14839.0625
2018-10-23,15183.0,14852.813
2018-10-24,15269.5,14866.606
2018-10-25,15257.2998046875,14878.545
2018-10-29,15210.0,14892.661
2018-10-30,15297.7998046875,14901.75
2018-10-31,15273.099609375,14910.148
2018-11-01,15196.0,14920.024
2018-11-02,15068.7001953125,14930.465
2018-11-05,14946.0,14944.583
2018-11-06,14921.599609375,14957.784
2018-11-07,14830.0,14969.462
2018-11-08,14598.900390625,14974.148
2018-11-09,14720.0,14981.383
2018-11-12,14678.0,14990.913
2018-11-13,14808.0,14997.392
2018-11-14,14794.2998046875,15004.166
2018-11-15,14813.2998046875,15008.735
2018-11-16,14562.2001953125,15007.53
2018-11-19,14605.0,14999.22
2018-11-20,14652.7001953125,14990.793
2018-11-21,14664.2998046875,14975.589
2018-11-22,14630.0,14958.771
2018-11-23,14600.0,14941.3125
2018-11-26,14533.0,14920.713
2018-11-27,14526.900390625,14901.573
2018-11-28,14575.5,14885.652
2018-11-29,14459.7998046875,14868.736
2018-11-30,14356.0,14846.43
2018-12-03,14296.0,14818.025
2018-12-04,14339.0,14791.025
2018-12-05,14448.599609375,14760.436
2018-12-06,14431.599609375,14732.736
2018-12-07,14528.0,14700.107
2018-12-10,14463.0,14667.117
2018-12-11,14548.0,14635.279
2018-12-12,14637.400390625,14605.301
2018-12-13,14579.7998046875,14577.812
2018-12-14,14550.0,14555.384
2018-12-17,14578.0,14532.828
2018-12-18,14588.7001953125,14511.856
2018-12-19,14490.0,14496.648
2018-12-20,14493.0,14485.861
2018-12-21,14534.7998046875,14482.46
2018-12-24,14548.0,14474.007
2018-12-25,14548.0,14465.77
2018-12-26,14710.0,14454.446
2018-12-27,14609.400390625,14443.787
2018-12-28,14561.599609375,14434.66
2018-12-31,14553.0,14432.754
2019-01-01,14460.0,14430.726
2019-01-02,14460.0,14427.384
2019-01-03,14409.7001953125,14423.274
2019-01-04,14375.400390625,14420.03
2019-01-07,14267.0,14417.96
2019-01-08,14083.0,14418.416
2019-01-09,14138.0,14419.209
2019-01-10,14130.0,14420.156
2019-01-11,14048.0,14423.463
2019-01-14,14038.0,14429.783
2019-01-15,14117.0,14436.62
2019-01-16,14111.0,14440.579
2019-01-17,14140.0,14439.36
2019-01-18,14173.0,14435.84
2019-01-21,14168.0,14428.176
2019-01-22,14307.0,14419.324
2019-01-23,14208.0,14405.124
2019-01-24,14130.900390625,14388.979
2019-01-25,14189.0,14372.143
2019-01-28,14078.0,14355.827
2019-01-29,14063.0,14338.582
2019-01-30,14074.0,14320.481
2019-01-31,14033.0,14303.426
2019-02-01,13966.0,14283.283
2019-02-04,13933.0,14262.867
2019-02-05,13957.5,14242.838
2019-02-06,13950.5,14218.667
2019-02-07,13915.0,14190.277
2019-02-08,13966.0,14167.528
2019-02-11,13958.0,14150.415
2019-02-12,14033.0,14134.672
2019-02-13,14012.7001953125,14122.3955
2019-02-14,14151.0,14109.747
2019-02-15,14083.0,14097.231
2019-02-18,14136.0,14085.609
2019-02-19,14192.5,14075.698
2019-02-20,14096.5,14071.907
2019-02-21,14033.0,14067.622
2019-02-22,14120.0,14064.47
2019-02-25,14051.0,14066.926
2019-02-26,14011.0,14065.516
2019-02-27,13960.0,14058.724
2019-02-28,14015.0,14051.644
2019-03-01,14194.0,14042.76
2019-03-04,14108.0,14035.939
2019-03-05,14205.0,14031.706
2019-03-06,14150.5,14027.626
2019-03-07,14214.5,14024.2705
2019-03-08,14240.7998046875,14024.645
2019-03-11,14303.0,14024.522
2019-03-12,14283.0,14028.372
2019-03-13,14258.0,14033.917
2019-03-14,14258.0,14040.502
2019-03-15,14287.0,14050.115
2019-03-18,14251.0,14060.513
2019-03-19,14251.0,14071.539
2019-03-20,14223.0,14080.654
2019-03-21,14055.0,14088.513
2019-03-22,14133.0,14097.2295
2019-03-25,14158.0,14103.477
2019-03-26,14173.0,14110.283
2019-03-27,14163.0,14115.94
2019-03-28,14346.0,14121.502
2019-03-29,14235.0,14125.523
2019-03-31,14233.0,14131.589
2019-04-01,14240.0,14134.679
2019-04-02,14213.0,14136.887
2019-04-03,14210.0,14139.855
2019-04-04,14151.0,14143.752
2019-04-07,14112.0,14145.313
2019-04-08,14191.0,14148.369
2019-04-09,14136.0,14154.517
2019-04-10,14177.0,14162.189
2019-04-11,14138.0,14167.961
2019-04-14,14086.0,14168.455
2019-04-15,14155.5,14171.176
2019-04-16,14079.0,14171.272
2019-04-17,14078.0,14171.551
2019-04-18,14036.0,14167.487
2019-04-21,14036.0,14163.713
2019-04-22,14061.5,14157.071
2019-04-23,14061.0,14152.338
2019-04-24,14154.0,14148.119
2019-04-25,14306.5,14146.157
2019-04-28,14165.0,14141.348
2019-04-29,14191.0,14137.572
2019-04-30,14243.0,14131.182
2019-05-01,14244.2998046875,14126.527
2019-05-02,14244.0,14128.936
2019-05-05,14230.0,14128.799
2019-05-06,14286.0,14129.34
2019-05-07,14346.2998046875,14131.428
2019-05-08,14288.0,14133.827
2019-05-09,14343.0,14131.337
2019-05-12,14318.0,14131.586
2019-05-13,14497.400390625,14133.616
2019-05-14,14423.0,14138.507
2019-05-15,14540.0,14143.584
2019-05-16,14569.5,14149.979
2019-05-19,14443.0,14160.174
2019-05-20,14448.0,14168.844
2019-05-22,14518.0,14176.878
2019-05-23,14453.0,14187.283
2019-05-26,14386.0,14195.594
2019-05-27,14445.0,14205.137
2019-05-28,14468.0,14215.532
2019-05-29,14393.0,14224.765
2019-05-30,14401.0,14236.078
2019-06-02,14268.0,14247.361
2019-06-03,14237.0,14261.547
2019-06-04,14260.0,14273.124
2019-06-05,14280.0,14286.111
2019-06-06,14256.0,14298.142
2019-06-09,14268.0,14305.583
2019-06-10,14276.0,14308.83
2019-06-11,14294.5,14315.437
2019-06-12,14262.0,14322.958
2019-06-13,14273.0,14328.124
2019-06-16,14318.0,14329.818
2019-06-17,14413.5,14331.175
2019-06-18,14289.5,14331.798
2019-06-19,14280.0,14329.08
2019-06-20,14142.0,14323.7705
2019-06-23,14148.0,14321.138
2019-06-24,14183.0,14316.691
2019-06-25,14118.0,14310.895
2019-06-26,14215.5,14301.186
2019-06-27,14184.5,14292.61
2019-06-30,14121.0,14282.93
2019-07-01,14150.0,14271.213
2019-07-02,14196.0,14262.356
2019-07-03,14178.5,14254.193
2019-07-04,14150.0,14244.724
2019-07-07,14076.0,14236.021
2019-07-08,14187.0,14228.837
2019-07-09,14236.0,14218.263
2019-07-10,14161.5,14208.354
2019-07-11,14124.0,14200.562
2019-07-14,14000.0,14192.682
2019-07-15,13913.0,14187.459
2019-07-16,14008.5,14183.983
2019-07-17,14023.0,14177.969
2019-07-18,13970.0,14172.526
2019-07-21,13941.0,14165.523
2019-07-22,13997.0,14157.466
2019-07-23,14039.0,14149.05
2019-07-24,14027.5,14141.237
2019-07-25,14052.7001953125,14136.91
2019-07-28,13997.0,14131.35
2019-07-29,14066.0,14120.704
2019-07-30,14066.400390625,14107.166
2019-07-31,14165.0,14096.702
2019-08-01,14329.0,14086.595
2019-08-04,14173.0,14081.648
2019-08-05,14248.0,14077.3125
2019-08-06,14258.0,14078.064
2019-08-07,14274.5,14083.514
2019-08-08,14236.5,14083.515
2019-08-11,14183.0,14083.438
2019-08-12,14241.0,14082.223
2019-08-13,14232.7998046875,14077.891
2019-08-14,14238.0,14074.551
2019-08-15,14333.0,14073.377
2019-08-18,14228.0,14077.432
2019-08-19,14337.2998046875,14082.787
2019-08-20,14326.099609375,14088.072
2019-08-21,14275.0,14092.392
2019-08-22,14228.0,14095.478
2019-08-25,14206.0,14099.297
2019-08-26,14253.7998046875,14105.648
2019-08-27,14343.7998046875,14114.913
2019-08-28,14311.2998046875,14122.709
2019-08-29,14231.0,14131.267
2019-09-01,14178.0,14142.147
2019-09-02,14265.0,14152.037
2019-09-03,14260.7001953125,14162.157
2019-09-04,14146.0,14170.488
2019-09-05,14172.2998046875,14178.204
2019-09-08,14088.0,14183.947
2019-09-09,14024.0,14189.749
2019-09-10,14095.7998046875,14194.41
2019-09-11,14106.400390625,14200.795
2019-09-12,13983.0,14203.356
2019-09-15,13958.0,14202.067
2019-09-16,14170.2998046875,14203.409
2019-09-17,14126.7998046875,14202.708
2019-09-18,14126.0,14199.348
2019-09-19,14158.0,14195.962
2019-09-22,14048.0,14191.559
2019-09-23,14078.0,14185.692
2019-09-24,14177.2998046875,14178.574
2019-09-25,14211.2998046875,14171.582
2019-09-26,14236.7998046875,14164.472
2019-09-29,14158.0,14155.204
2019-09-30,14219.400390625,14150.001
2019-10-01,14206.0,14144.996
2019-10-02,14188.0,14140.376
2019-10-03,14166.0,14133.89
2019-10-06,14128.0,14128.251
2019-10-07,14239.5,14122.757
