,Close,Close_Forecast
2002-01-23,10400.0,10371.843
2002-01-24,10385.0,10370.744
2002-01-25,10435.0,10371.737
2002-01-28,10385.0,10368.407
2002-01-29,10295.0,10366.424
2002-01-30,10325.0,10361.864
2002-01-31,10315.0,10358.006
2002-02-01,10325.0,10353.711
2002-02-04,10315.0,10353.596
2002-02-05,10306.0,10352.989
2002-02-06,10325.0,10347.945
2002-02-07,10270.0,10342.184
2002-02-08,10250.0,10332.732
2002-02-11,10210.0,10323.667
2002-02-12,10175.0,10314.067
2002-02-13,10188.0,10301.1455
2002-02-14,10230.0,10288.629
2002-02-15,10247.0,10276.481
2002-02-18,10235.0,10260.842
2002-02-19,10185.0,10246.072
2002-02-20,10187.0,10233.57
2002-02-21,10205.0,10217.229
2002-02-22,10215.0,10202.628
2002-02-25,10178.0,10188.16
2002-02-26,10175.0,10176.035
2002-02-27,10183.0,10163.15
2002-02-28,10150.0,10150.767
2002-03-01,10100.0,10145.116
2002-03-05,9985.0,10143.238
2002-03-06,9955.0,10141.888
2002-03-07,9943.0,10140.528
2002-03-08,10015.0,10136.412
2002-03-11,9945.0,10128.043
2002-03-12,9970.0,10115.795
2002-03-13,9975.0,10095.975
2002-03-14,9967.0,10075.254
2002-03-15,9995.0,10049.924
2002-03-18,9970.0,10025.594
2002-03-19,9965.0,9996.419
2002-03-20,9892.0,9970.018
2002-03-21,9870.0,9944.013
2002-03-22,9825.0,9921.863
2002-03-25,9705.0,9907.713
2002-03-26,9575.0,9899.588
2002-03-27,9660.0,9898.794
2002-03-28,9825.0,9895.779
2002-04-01,9770.0,9890.537
2002-04-02,9803.0,9876.0625
2002-04-03,9655.0,9858.189
2002-04-04,9585.0,9826.812
2002-04-07,9547.0,9793.227
2002-04-08,9665.0,9764.105
2002-04-09,9580.0,9733.118
2002-04-10,9550.0,9706.784
2002-04-11,9545.0,9676.805
2002-04-14,9395.0,9653.74
2002-04-15,9433.0,9632.026
2002-04-16,9430.0,9622.453
2002-04-17,9390.0,9612.679
2002-04-18,9320.0,9605.528
2002-04-21,9352.0,9584.347
2002-04-22,9430.0,9546.169
2002-04-23,9325.0,9515.405
2002-04-24,9370.0,9483.08
2002-04-25,9305.0,9459.862
2002-04-28,9325.0,9435.48
2002-04-29,9330.0,9412.847
2002-05-01,9340.0,9383.859
2002-05-02,9310.0,9361.171
2002-05-05,9289.0,9345.216
2002-05-06,9290.0,9326.399
2002-05-07,9290.0,9319.29
2002-05-09,9285.0,9310.7705
2002-05-12,9277.0,9304.502
2002-05-13,9270.0,9298.162
2002-05-14,9240.0,9294.757
2002-05-15,9150.0,9287.844
2002-05-16,9090.0,9277.6875
2002-05-19,9040.0,9274.051
2002-05-20,9035.0,9267.132
2002-05-21,9065.0,9262.903
2002-05-22,8945.0,9255.737
2002-05-23,8957.5,9244.213
2002-05-26,8905.0,9228.183
2002-05-27,8867.5,9209.644
2002-05-28,8850.0,9189.812
2002-05-29,8843.0,9169.063
2002-05-30,8697.5,9142.927
2002-06-02,8545.0,9116.666
2002-06-03,8650.0,9090.265
2002-06-04,8925.0,9065.967
2002-06-05,9045.0,9042.686
2002-06-06,8875.0,9026.091
2002-06-09,8730.0,9008.517
2002-06-10,8775.0,8987.405
2002-06-11,8715.0,8969.133
2002-06-12,8751.0,8955.378
2002-06-13,8660.0,8950.929
2002-06-16,8688.0,8944.96
2002-06-17,8655.0,8939.18
2002-06-18,8695.0,8934.9795
2002-06-19,8597.5,8932.827
2002-06-20,8630.0,8933.879
2002-06-23,8585.0,8938.453
2002-06-24,8657.5,8943.49
2002-06-25,8680.0,8941.074
2002-06-26,8640.0,8927.705
2002-06-27,8713.0,8907.127
2002-06-30,8710.0,8897.025
2002-07-01,8805.0,8890.959
2002-07-02,8965.0,8885.312
2002-07-03,8855.0,8881.8955
2002-07-04,8860.0,8878.032
2002-07-07,8900.0,8878.033
2002-07-08,8910.0,8878.667
2002-07-09,8907.5,8882.42
2002-07-10,9135.0,8891.073
2002-07-11,9075.0,8903.299
2002-07-14,9047.5,8914.23
2002-07-15,9040.0,8928.342
2002-07-16,8965.0,8939.35
2002-07-17,8870.0,8951.742
2002-07-18,8775.0,8975.022
2002-07-21,8817.5,8992.683
2002-07-22,9005.0,9009.709
2002-07-23,9062.5,9023.056
2002-07-24,9005.0,9028.165
2002-07-25,9150.0,9032.777
2002-07-28,9250.0,9033.241
2002-07-29,9115.0,9029.723
2002-07-30,9064.5,9029.401
2002-07-31,9155.0,9030.063
2002-08-01,9075.0,9020.728
2002-08-04,9087.5,9020.471
2002-08-05,9085.0,9028.5625
2002-08-06,9060.0,9039.35
2002-08-07,8990.0,9053.234
2002-08-08,8990.0,9070.946
2002-08-11,8850.0,9087.58
2002-08-12,8880.0,9103.182
2002-08-13,8775.0,9109.798
2002-08-14,8857.5,9109.995
2002-08-15,8815.0,9107.501
2002-08-18,8847.5,9096.153
2002-08-19,8845.0,9076.665
2002-08-20,8875.0,9064.014
2002-08-21,8845.0,9049.9
2002-08-22,8887.5,9032.502
2002-08-25,8930.0,9017.192
2002-08-26,8887.5,9001.206
2002-08-27,8886.0,8985.434
2002-08-28,8865.0,8972.757
2002-08-29,8855.0,8964.917
2002-09-01,8851.0,8958.983
2002-09-02,8842.5,8962.417
2002-09-03,8870.0,8964.038
2002-09-04,8863.0,8969.972
2002-09-05,8870.0,8971.5205
2002-09-08,8825.0,8973.932
2002-09-09,8871.0,8974.672
2002-09-10,8893.0,8975.326
2002-09-11,8919.5,8974.735
2002-09-12,8975.0,8974.448
2002-09-15,9050.0,8972.701
2002-09-16,9060.0,8968.006
2002-09-17,9000.0,8966.44
2002-09-18,9025.0,8966.229
2002-09-19,9032.5,8968.625
2002-09-29,8994.0,8974.033
2002-09-30,9000.0,8982.977
2002-10-01,9007.0,8993.941
2002-10-02,9014.5,9002.9
2002-10-03,9014.5,9013.891
2002-10-06,9015.0,9024.562
2002-10-07,9005.0,9035.339
2002-10-08,8996.5,9043.449
2002-10-09,9010.0,9049.017
2002-10-10,9007.0,9052.253
2002-10-13,9345.0,9053.008
2002-10-14,9290.0,9051.004
2002-10-15,9194.0,9048.553
2002-10-16,9175.0,9048.0625
2002-10-17,9214.0,9047.267
2002-10-20,9193.0,9046.526
2002-10-21,9200.0,9060.005
2002-10-22,9215.0,9074.145
2002-10-23,9215.0,9087.143
2002-10-24,9240.0,9100.178
2002-10-28,9224.0,9115.393
2002-10-29,9250.0,9133.409
2002-10-30,9227.0,9156.771
2002-10-31,9230.0,9173.572
2002-11-01,9225.0,9185.216
2002-11-04,9211.5,9195.105
2002-11-05,9205.0,9186.3955
2002-11-06,9211.0,9184.713
2002-11-07,9205.0,9188.118
2002-11-08,9193.0,9193.213
2002-11-11,9147.0,9195.327
2002-11-12,9075.0,9198.0
2002-11-13,9047.0,9198.932
2002-11-14,9022.5,9198.503
2002-11-15,9027.0,9197.096
2002-11-18,8995.0,9193.585
2002-11-19,8965.0,9188.3545
2002-11-20,8967.5,9177.718
2002-11-21,9020.0,9165.57
2002-11-22,8985.0,9150.566
2002-11-25,8975.0,9135.017
2002-11-26,8987.5,9118.598
2002-11-27,8935.0,9102.013
2002-11-28,8982.5,9083.938
2002-11-29,8977.5,9069.111
2002-12-02,8977.5,9055.835
2002-12-03,8980.0,9046.811
2002-12-04,8990.0,9041.62
2002-12-05,8990.0,9035.948
2002-12-06,8990.0,9033.397
2002-12-09,8977.5,9031.365
2002-12-11,8885.0,9030.744
2002-12-12,8867.5,9030.742
2002-12-13,8875.0,9030.965
2002-12-16,8815.0,9029.489
2002-12-17,8880.0,9030.05
2002-12-18,8890.0,9030.923
2002-12-19,8895.0,9027.603
2002-12-20,8888.0,9024.499
2002-12-23,8895.0,9019.086
2002-12-24,8890.0,9011.6
2002-12-27,8917.5,9005.236
2002-12-30,8950.0,8998.612
2002-12-31,8950.0,8991.397
2003-01-02,8920.0,8984.356
2003-01-03,8927.5,8979.028
2003-01-06,8934.5,8974.931
2003-01-07,8925.0,8976.894
2003-01-08,8930.0,8981.491
2003-01-09,8932.5,8986.0
2003-01-10,8917.5,8991.291
2003-01-13,8880.0,8994.025
2003-01-14,8872.5,8996.601
2003-01-15,8865.0,8999.0205
2003-01-16,8860.0,9001.806
2003-01-17,8870.0,9003.786
2003-01-20,8875.0,9004.614
2003-01-21,8880.0,9002.73
2003-01-22,8855.0,8999.23
2003-01-23,8886.5,8995.245
2003-01-24,8892.5,8991.948
2003-01-27,8892.5,8988.573
2003-01-28,8855.0,8984.931
2003-01-29,8850.0,8981.493
2003-01-30,8870.0,8977.284
2003-01-31,8870.0,8974.441
2003-02-03,8876.0,8973.065
2003-02-04,8870.0,8973.867
2003-02-05,8867.0,8973.811
2003-02-06,8869.0,8973.497
2003-02-07,8868.5,8973.554
2003-02-10,8865.0,8973.589
2003-02-11,8965.0,8973.873
2003-02-13,8945.0,8973.324
2003-02-14,8920.0,8973.214
2003-02-17,8905.0,8971.953
2003-02-18,8877.5,8970.998
2003-02-19,8880.0,8970.194
2003-02-20,8845.0,8974.374
2003-02-21,8915.5,8978.698
2003-02-24,8895.0,8981.928
2003-02-25,8887.5,8984.433
2003-02-26,8887.5,8985.658
2003-02-27,8897.5,8987.018
2003-02-28,8883.5,8987.608
2003-03-03,8883.5,8989.596
2003-03-04,8830.0,8989.74
2003-03-05,8845.0,8989.3545
2003-03-06,8866.0,8984.813
2003-03-07,8885.0,8982.096
2003-03-10,8883.0,8980.4375
2003-03-11,8882.5,8980.324
2003-03-12,8892.5,8979.256
2003-03-13,8905.0,8977.335
2003-03-14,8917.5,8977.425
2003-03-17,8970.0,8975.468
2003-03-18,9040.0,8974.541
2003-03-19,9087.5,8973.638
2003-03-20,9020.0,8973.143
2003-03-21,8972.5,8973.292
2003-03-24,8950.0,8975.454
2003-03-25,8952.5,8980.284
2003-03-26,8915.0,8990.0
2003-03-27,8900.0,9001.731
2003-03-28,8912.5,9011.296
2003-03-30,8901.5,9018.528
2003-03-31,8885.0,9024.366
2003-04-01,8884.0,9030.024
2003-04-02,8894.5,9032.985
2003-04-03,8892.5,9033.1875
2003-04-06,8884.0,9030.971
2003-04-07,8877.5,9024.815
2003-04-08,8864.5,9015.125
2003-04-09,8853.0,9004.214
2003-04-10,8877.5,8997.15
2003-04-13,8854.5,8992.4
2003-04-14,8842.5,8988.883
2003-04-15,8807.5,8985.332
2003-04-16,8725.0,8982.683
2003-04-20,8680.0,8980.202
2003-04-21,8740.0,8978.332
2003-04-22,8775.0,8976.309
2003-04-23,8727.5,8974.28
2003-04-24,8740.0,8970.957
2003-04-27,8738.0,8964.406
2003-04-28,8707.5,8956.87
2003-04-30,8675.0,8950.911
2003-12-01,8498.400390625,8945.7705
2003-12-02,8486.099609375,8939.238
2003-12-03,8467.900390625,8932.237
2003-12-04,8492.5,8924.023
2003-12-05,8469.099609375,8916.951
2003-12-08,8492.7001953125,8910.604
2003-12-09,8474.2998046875,8903.001
2003-12-10,8502.2001953125,8896.958
2003-12-11,8442.2001953125,8890.561
2003-12-12,8471.400390625,8881.478
2003-12-15,8461.2001953125,8869.398
2003-12-16,8479.2998046875,8860.642
2003-12-17,8478.7001953125,8850.706
2003-12-18,8459.900390625,8841.626
2003-12-19,8488.599609375,8832.974
2003-12-22,8498.2998046875,8826.703
2003-12-23,8497.400390625,8825.806
2003-12-24,8501.2001953125,8825.563
2003-12-25,8493.7001953125,8825.805
2003-12-26,8497.900390625,8825.074
2003-12-29,8463.0,8825.258
2003-12-30,8453.7998046875,8825.345
2003-12-31,8404.2998046875,8825.9795
2004-01-01,8336.7998046875,8825.885
2004-01-02,8445.400390625,8827.274
2004-01-05,8369.7998046875,8827.846
2004-01-06,8361.7998046875,8828.217
2004-01-07,8369.2998046875,8827.765
2004-01-08,8338.0,8826.194
2004-01-09,8319.099609375,8823.711
2004-01-12,8340.0,8822.223
2004-01-13,8289.599609375,8819.342
2004-01-14,8380.7998046875,8816.142
2004-01-15,8360.400390625,8813.006
2004-01-16,8349.7001953125,8809.495
2004-01-19,8391.599609375,8805.1455
2004-01-20,8392.7001953125,8802.694
2004-01-21,8372.7998046875,8799.463
2004-01-22,8398.2998046875,8798.385
2004-01-23,8417.0,8799.192
2004-01-26,8503.400390625,8797.054
2004-01-27,8426.7001953125,8797.153
2004-01-28,8535.7998046875,8797.815
2004-01-29,8413.400390625,8797.811
2004-01-30,8442.400390625,8799.128
2004-02-02,8452.2998046875,8801.252
2004-02-03,8460.7998046875,8804.24
2004-02-04,8449.400390625,8807.605
2004-02-05,8470.900390625,8810.643
2004-02-06,8451.400390625,8812.093
2004-02-09,8427.7001953125,8814.241
2004-02-10,8416.5,8815.74
2004-02-11,8407.2998046875,8817.654
2004-02-12,8398.400390625,8819.328
2004-02-13,8410.900390625,8821.052
2004-02-16,8391.2001953125,8821.809
2004-02-17,8391.900390625,8819.852
2004-02-18,8449.099609375,8820.031
2004-02-19,8394.7001953125,8817.049
2004-02-20,8451.7998046875,8816.79
2004-02-23,8438.0,8816.121
2004-02-24,8457.599609375,8814.803
2004-02-25,8439.400390625,8813.086
2004-02-26,8466.7001953125,8812.817
2004-02-27,8412.7998046875,8811.232
2004-03-01,8451.5,8810.927
2004-03-02,8521.5,8811.19
2004-03-03,8495.7001953125,8811.981
2004-03-04,8563.7001953125,8812.703
2004-03-05,8622.099609375,8814.356
2004-03-08,8543.7001953125,8814.511
2004-03-09,8620.2998046875,8815.808
2004-03-10,8575.099609375,8818.599
2004-03-11,8567.0,8819.68
2004-03-12,8633.0,8823.35
2004-03-15,8614.900390625,8827.297
2004-03-16,8620.5,8830.183
2004-03-17,8645.900390625,8834.23
2004-03-18,8533.2001953125,8838.795
2004-03-19,8616.2998046875,8842.164
2004-03-22,8561.5,8848.527
2004-03-23,8562.900390625,8853.956
2004-03-24,8707.2001953125,8856.762
2004-03-25,8711.7998046875,8861.097
2004-03-26,8717.599609375,8860.753
2004-03-28,8688.2001953125,8860.567
2004-03-29,8676.099609375,8861.859
2004-03-30,8585.5,8861.008
2004-03-31,8549.400390625,8863.786
2004-04-01,8716.099609375,8867.018
2004-04-04,8799.2001953125,8868.487
2004-04-05,8714.0,8871.539
2004-04-06,8584.0,8873.821
2004-04-07,8597.599609375,8873.791
2004-04-08,8591.900390625,8876.399
2004-04-11,8601.7998046875,8879.621
2004-04-12,8593.2001953125,8886.361
2004-04-13,8610.7001953125,8890.559
2004-04-14,8623.099609375,8887.552
2004-04-15,8609.7998046875,8883.514
2004-04-18,8606.7998046875,8878.9795
2004-04-19,8660.7001953125,8877.637
2004-04-20,8676.599609375,8876.854
2004-04-21,8624.900390625,8877.554
2004-04-22,8608.5,8877.951
2004-04-25,8611.599609375,8872.564
2004-04-26,8625.2998046875,8865.456
2004-04-27,8681.7001953125,8863.406
2004-04-28,8694.900390625,8865.879
2004-04-29,8665.5,8867.173
2004-05-02,8700.400390625,8868.268
2004-05-03,8698.099609375,8868.829
2004-05-04,8690.7001953125,8869.817
2004-05-05,8702.400390625,8872.001
2004-05-06,8803.2001953125,8874.157
2004-05-09,8980.400390625,8875.6
2004-05-10,8964.7998046875,8878.358
2004-05-11,8903.599609375,8879.548
2004-05-12,8994.900390625,8880.547
2004-05-13,9031.099609375,8883.99
2004-05-16,8989.900390625,8890.722
2004-05-17,9052.400390625,8902.293
2004-05-18,9046.599609375,8914.881
2004-05-19,9013.599609375,8926.092
2004-05-20,9042.2998046875,8940.568
2004-05-23,9114.5,8959.336
2004-05-24,9255.2998046875,8977.358
2004-05-25,9247.599609375,8998.321
2004-05-26,9248.099609375,9016.799
2004-05-27,9262.0,9031.485
2004-05-30,9256.900390625,9042.923
2004-05-31,9345.7998046875,9050.603
2004-06-01,9458.900390625,9064.524
2004-06-02,9442.5,9081.693
2004-06-03,9455.7998046875,9096.601
2004-06-06,9293.599609375,9112.491
2004-06-07,9241.5,9132.064
2004-06-08,9282.7001953125,9158.397
2004-06-09,9348.7001953125,9191.442
2004-06-10,9370.7998046875,9224.855
2004-06-13,9373.599609375,9257.208
2004-06-14,9388.099609375,9277.869
2004-06-15,9412.599609375,9287.993
2004-06-16,9407.599609375,9296.795
2004-06-17,9388.5,9305.788
2004-06-20,9379.900390625,9311.398
2004-06-21,9380.7001953125,9313.718
2004-06-22,9419.599609375,9308.692
2004-06-23,9397.5,9300.418
2004-06-24,9379.900390625,9299.441
2004-06-27,9420.0,9301.807
2004-06-28,9398.0,9312.987
2004-06-29,9409.099609375,9325.034
2004-06-30,9302.5,9334.744
2004-07-01,9121.7998046875,9339.053
2004-07-04,9139.099609375,9340.499
2004-07-05,9000.7001953125,9342.042
2004-07-06,8993.5,9342.299
2004-07-07,8977.099609375,9342.793
2004-07-08,8880.7001953125,9338.61
2004-07-11,8791.5,9326.134
2004-07-12,8929.7001953125,9310.336
2004-07-13,8964.0,9285.904
2004-07-14,8962.0,9255.1875
2004-07-15,8901.7001953125,9219.401
2004-07-18,8950.400390625,9178.086
2004-07-19,8975.7998046875,9127.076
2004-07-20,9000.2998046875,9088.487
2004-07-21,9037.599609375,9054.42
2004-07-22,9083.0,9029.056
2004-07-25,9133.5,9016.223
2004-07-26,9066.7998046875,9004.645
2004-07-27,9115.5,9001.424
2004-07-28,9173.5,9003.137
2004-07-29,9141.5,9009.219
2004-08-01,9141.400390625,9019.861
2004-08-02,9168.099609375,9034.979
2004-08-03,9194.2998046875,9043.604
2004-08-04,9178.7998046875,9053.567
2004-08-05,9140.400390625,9066.225
2004-08-08,9171.900390625,9080.399
2004-08-09,9200.5,9092.585
2004-08-10,9257.099609375,9104.126
2004-08-11,9248.2001953125,9115.705
2004-08-12,9238.2001953125,9125.587
2004-08-15,9278.900390625,9132.89
2004-08-16,9282.400390625,9137.358
2004-08-17,9254.599609375,9145.72
2004-08-18,9234.400390625,9154.601
2004-08-19,9211.5,9160.835
2004-08-22,9280.400390625,9168.515
2004-08-23,9253.5,9177.376
2004-08-24,9274.7001953125,9186.607
2004-08-25,9296.5,9195.673
2004-08-26,9308.2998046875,9204.086
2004-08-29,9329.900390625,9211.409
2004-08-30,9361.5,9218.157
2004-08-31,9307.0,9221.71
2004-09-01,9262.7001953125,9222.874
2004-09-02,9275.2001953125,9224.136
2004-09-05,9279.599609375,9227.146
2004-09-06,9273.7998046875,9230.465
2004-09-07,9280.7998046875,9237.2
2004-09-08,9241.2998046875,9244.805
2004-09-09,9266.5,9251.5625
2004-09-12,9220.099609375,9258.366
2004-09-13,9102.400390625,9260.367
2004-09-14,9113.900390625,9262.853
2004-09-15,8993.400390625,9262.189
2004-09-16,9038.7998046875,9256.418
2004-09-19,9022.2998046875,9250.322
2004-09-20,8991.599609375,9241.328
2004-09-21,9149.5,9226.464
2004-09-22,9121.7001953125,9213.281
2004-09-23,9106.099609375,9195.687
2004-09-26,9168.400390625,9176.646
2004-09-27,9229.7998046875,9154.36
2004-09-28,9172.0,9130.348
2004-09-29,9147.0,9113.497
2004-09-30,9149.5,9099.735
2004-10-03,9089.599609375,9087.964
2004-10-04,9088.7998046875,9083.434
2004-10-05,9084.7998046875,9089.755
2004-10-06,9087.900390625,9097.232
2004-10-07,9083.7998046875,9109.407
2004-10-10,9074.099609375,9118.596
2004-10-11,9120.5,9127.203
2004-10-12,9121.7001953125,9136.02
2004-10-13,9098.2998046875,9133.005
2004-10-14,9080.400390625,9129.6045
2004-10-17,9122.0,9124.882
2004-10-18,9068.900390625,9116.615
2004-10-19,9077.5,9107.55
2004-10-20,9093.7998046875,9102.684
2004-10-21,9044.0,9099.468
2004-10-24,9056.7998046875,9096.277
2004-10-25,9087.2998046875,9097.669
2004-10-26,9112.0,9097.703
2004-10-27,9100.0,9098.397
2004-10-28,9078.099609375,9098.811
2004-11-01,9086.2998046875,9096.9795
2004-11-02,9090.900390625,9095.216
2004-11-03,9096.599609375,9091.86
2004-11-04,9067.2001953125,9090.093
2004-11-05,9055.099609375,9089.795
2004-11-08,8936.0,9089.335
2004-11-09,8975.2998046875,9087.279
2004-11-10,9043.599609375,9088.527
2004-11-11,9057.400390625,9090.377
2004-11-12,8980.099609375,9090.8125
2004-11-15,8992.7998046875,9092.068
2004-11-16,8984.2998046875,9086.771
2004-11-17,8986.2998046875,9080.109
2004-11-18,9010.900390625,9074.6455
2004-11-19,8981.2998046875,9071.16
2004-11-22,8997.099609375,9065.528
2004-11-23,8972.900390625,9058.93
2004-11-24,8962.2001953125,9051.671
2004-11-25,8943.7998046875,9045.948
2004-11-26,8992.0,9044.046
2004-11-29,9007.099609375,9042.068
2004-11-30,9018.2998046875,9043.654
2004-12-01,8991.099609375,9042.23
2004-12-02,9029.099609375,9038.13
2004-12-03,9009.900390625,9033.366
2004-12-06,9063.099609375,9033.415
2004-12-07,9083.7998046875,9033.349
2004-12-08,9149.2001953125,9034.434
2004-12-09,9159.2001953125,9034.605
2004-12-10,9254.2998046875,9035.284
2004-12-13,9266.0,9036.869
2004-12-14,9300.0,9041.034
2004-12-15,9236.7001953125,9047.312
2004-12-16,9263.7998046875,9056.721
2004-12-17,9269.5,9067.36
2004-12-20,9289.5,9080.684
2004-12-21,9314.2998046875,9095.542
2004-12-22,9313.2998046875,9114.395
2004-12-23,9266.900390625,9134.254
2004-12-24,9249.7998046875,9157.17
2004-12-27,9271.099609375,9180.259
2004-12-28,9328.0,9201.084
2004-12-29,9305.7001953125,9218.778
2004-12-30,9318.5,9230.901
2004-12-31,9359.0,9239.125
2005-01-03,9282.599609375,9240.641
2005-01-04,9286.400390625,9241.875
2005-01-05,9278.2001953125,9244.167
2005-01-06,9300.900390625,9249.384
2005-01-07,9289.0,9252.713
2005-01-10,9277.099609375,9256.261
2005-01-11,9271.099609375,9257.013
2005-01-12,9187.599609375,9258.062
2005-01-13,9133.2001953125,9258.503
2005-01-14,9156.599609375,9262.236
2005-01-17,9126.2001953125,9265.079
2005-01-18,9150.599609375,9264.879
2005-01-19,9161.2001953125,9259.163
2005-01-20,9147.7998046875,9251.232
2005-01-21,9143.2001953125,9239.34
2005-01-24,9142.900390625,9224.642
2005-01-25,9145.2998046875,9212.162
2005-01-26,9130.400390625,9198.88
2005-01-27,9144.7001953125,9185.495
2005-01-28,9143.599609375,9170.026
2005-01-31,9157.599609375,9155.996
2005-02-01,9230.0,9144.3
2005-02-02,9177.7998046875,9135.606
2005-02-03,9186.0,9132.754
2005-02-04,9187.2001953125,9133.52
2005-02-07,9212.5,9132.498
2005-02-08,9278.900390625,9133.756
2005-02-09,9273.900390625,9136.869
2005-02-10,9268.7998046875,9138.508
2005-02-11,9268.2001953125,9142.31
2005-02-14,9242.2001953125,9145.863
2005-02-15,9268.599609375,9151.715
2005-02-16,9286.2998046875,9161.428
2005-02-17,9280.900390625,9172.72
2005-02-18,9240.5,9182.848
2005-02-21,9262.5,9192.229
2005-02-22,9187.400390625,9200.3125
2005-02-23,9199.2998046875,9206.648
2005-02-24,9246.0,9216.494
2005-02-25,9255.900390625,9224.652
2005-02-28,9258.2998046875,9229.252
2005-03-01,9286.2998046875,9232.034
2005-03-02,9269.900390625,9226.956
2005-03-03,9283.900390625,9222.989
2005-03-04,9333.5,9219.7
2005-03-07,9322.5,9217.001
2005-03-08,9376.7998046875,9215.858
2005-03-09,9328.900390625,9214.198
2005-03-10,9358.2001953125,9211.658
2005-03-11,9357.2001953125,9212.644
2005-03-14,9366.7998046875,9219.841
2005-03-15,9348.2001953125,9226.993
2005-03-16,9334.599609375,9241.014
2005-03-17,9360.0,9252.425
2005-03-18,9352.2001953125,9262.846
2005-03-21,9405.0,9272.187
2005-03-22,9394.2998046875,9283.018
2005-03-23,9406.0,9290.402
2005-03-24,9407.0,9297.095
2005-03-25,9405.2001953125,9302.129
2005-03-27,9445.0,9303.784
2005-03-28,9516.0,9308.279
2005-03-29,9506.0,9309.387
2005-03-30,9465.0,9314.528
2005-03-31,9462.0,9318.156
2005-04-03,9474.2998046875,9323.292
2005-04-04,9477.7998046875,9330.473
2005-04-05,9471.7001953125,9342.976
2005-04-06,9492.400390625,9356.594
2005-04-07,9479.599609375,9367.389
2005-04-10,9485.0,9377.933
2005-04-11,9480.0,9386.363
2005-04-12,9479.599609375,9395.803
2005-04-13,9512.400390625,9403.174
2005-04-14,9526.2001953125,9409.059
2005-04-17,9562.0,9413.577
2005-04-18,9562.0,9415.423
2005-04-19,9564.0,9412.784
2005-04-20,9675.0,9411.796
2005-04-21,9672.0,9415.018
2005-04-24,9740.0,9419.504
2005-04-25,9676.7001953125,9425.255
2005-04-26,9550.099609375,9431.707
2005-04-27,9565.900390625,9439.79
2005-04-28,9555.0,9453.553
2005-05-01,9520.7001953125,9470.538
2005-05-02,9519.2998046875,9494.907
2005-05-03,9505.0,9517.918
2005-05-04,9503.900390625,9534.258
2005-05-05,9482.0,9545.528
2005-05-08,9473.5,9552.911
2005-05-09,9448.0,9553.623
2005-05-10,9448.0,9548.466
2005-05-11,9465.0,9536.412
2005-05-12,9473.599609375,9514.468
2005-05-15,9460.5,9492.84
2005-05-16,9420.0,9467.981
2005-05-17,9422.0,9449.035
2005-05-18,9437.400390625,9439.304
2005-05-19,9437.0,9428.81
2005-05-22,9455.0,9420.1045
2005-05-23,9467.0,9413.43
2005-05-24,9466.900390625,9405.107
2005-05-25,9481.599609375,9397.791
2005-05-26,9468.599609375,9392.148
2005-05-29,9480.5,9388.616
2005-05-30,9508.0,9386.484
2005-05-31,9562.2998046875,9385.859
2005-06-01,9565.0,9385.538
2005-06-02,9576.900390625,9386.057
2005-06-05,9576.900390625,9387.066
2005-06-06,9532.7001953125,9390.478
2005-06-07,9583.099609375,9397.608
2005-06-08,9615.0,9407.442
2005-06-09,9586.900390625,9417.278
2005-06-12,9610.0,9428.604
2005-06-13,9605.0,9440.293
2005-06-14,9592.0,9450.274
2005-06-15,9621.599609375,9462.393
2005-06-16,9584.900390625,9475.121
2005-06-19,9657.599609375,9487.659
2005-06-20,9648.0,9498.773
2005-06-21,9645.0,9506.312
2005-06-22,9637.2001953125,9510.284
2005-06-23,9638.7998046875,9516.369
2005-06-26,9649.599609375,9519.937
2005-06-27,9695.599609375,9526.515
2005-06-28,9693.2001953125,9534.926
2005-06-29,9753.400390625,9540.675
2005-06-30,9792.900390625,9544.034
2005-07-03,9855.0,9549.824
2005-07-04,9872.0,9554.702
2005-07-05,9772.0,9563.175
2005-07-06,9785.2001953125,9571.927
2005-07-07,9789.5,9582.522
2005-07-10,9743.7998046875,9598.042
2005-07-11,9750.0,9615.797
2005-07-12,9784.599609375,9638.742
2005-07-13,9792.599609375,9659.606
2005-07-14,9777.5,9679.986
2005-07-17,9784.599609375,9697.909
2005-07-18,9780.7998046875,9711.749
2005-07-19,9813.0,9718.978
2005-07-20,9758.400390625,9723.042
2005-07-21,9778.5,9721.08
2005-07-24,9810.0,9716.36
2005-07-25,9805.2001953125,9708.857
2005-07-26,9830.0,9701.887
2005-07-27,9830.0,9704.836
2005-07-28,9798.7998046875,9705.1
2005-07-31,9780.0,9706.446
2005-08-01,9738.7998046875,9710.634
2005-08-02,9737.2998046875,9714.558
2005-08-03,9710.5,9718.002
2005-08-04,9733.900390625,9721.495
2005-08-07,9773.7001953125,9724.721
2005-08-08,9785.0,9726.8
2005-08-09,9762.0,9726.144
2005-08-10,9780.0,9722.064
2005-08-11,9793.0,9717.875
2005-08-14,9875.0,9711.264
2005-08-15,9890.0,9702.648
2005-08-16,9895.0,9695.495
2005-08-17,9965.099609375,9687.131
2005-08-18,9981.5,9682.308
2005-08-21,10000.0,9682.14
2005-08-22,10048.0,9690.392
2005-08-23,10260.0,9704.688
2005-08-24,10318.0,9721.689
2005-08-25,10393.0,9743.981
2005-08-28,10730.0,9767.49
2005-08-29,10289.0,9792.584
2005-08-30,9929.099609375,9821.299
2005-08-31,10153.0,9863.179
2005-09-01,10353.0,9910.929
2005-09-04,10285.0,9967.33
2005-09-05,10526.0,10041.376
2005-09-06,10369.0,10105.899
2005-09-07,10340.0,10149.6
2005-09-08,10182.0,10182.656
2005-09-11,10079.0,10215.337
2005-09-12,10080.0,10239.973
2005-09-13,10000.0,10269.643
2005-09-14,10034.0,10263.973
2005-09-15,10145.0,10258.329
2005-09-18,10145.0,10248.315
2005-09-19,10222.0,10216.426
2005-09-20,10225.0,10207.794
2005-09-21,10318.0,10211.151
2005-09-22,10221.0,10185.045
2005-09-25,10205.0,10142.647
2005-09-26,10268.0,10106.595
2005-09-27,10365.0,10067.075
2005-09-28,10315.0,10051.252
2005-09-29,10286.0,10050.744
2005-10-02,10295.0,10063.49
2005-10-03,10186.0,10087.594
2005-10-04,9997.900390625,10113.569
2005-10-05,10025.0,10149.714
2005-10-06,10026.0,10179.433
2005-10-09,10068.0,10198.473
2005-10-10,10045.0,10212.638
2005-10-11,10101.0,10214.164
2005-10-12,10114.0,10202.769
2005-10-13,10116.0,10179.321
2005-10-16,10116.0,10153.992
2005-10-17,10075.0,10127.67
2005-10-18,10075.0,10093.51
2005-10-19,10064.0,10055.417
2005-10-20,10077.0,10027.358
2005-10-23,10070.0,10009.839
2005-10-24,9972.0,9998.239
2005-10-25,9980.099609375,9996.288
2005-10-26,10005.0,10005.638
2005-10-27,10034.0,10011.4795
2005-10-31,10120.0,10016.044
2005-11-01,10007.0,10015.947
2005-11-02,10032.0,10010.363
2005-11-03,10044.0,9998.78
2005-11-04,10075.0,9985.908
2005-11-07,10075.0,9975.223
2005-11-08,10090.0,9970.358
2005-11-09,9905.0,9964.234
2005-11-10,10026.0,9959.613
2005-11-11,9956.0,9956.776
2005-11-14,9945.0,9958.141
2005-11-15,10000.0,9962.54
2005-11-16,10000.0,9974.128
2005-11-17,10010.0,9972.018
2005-11-18,10060.0,9972.185
2005-11-21,10032.0,9964.231
2005-11-22,10027.0,9952.632
2005-11-23,10031.0,9947.234
2005-11-24,10056.0,9938.968
2005-11-25,10058.0,9930.201
2005-11-28,10035.0,9925.95
2005-11-29,10030.0,9922.669
2005-11-30,10010.0,9922.281
2005-12-01,9998.7001953125,9933.924
2005-12-02,9985.099609375,9939.497
2005-12-05,9945.2998046875,9949.853
2005-12-06,9898.7001953125,9959.286
2005-12-07,9917.599609375,9962.863
2005-12-08,9770.0,9964.128
2005-12-09,9676.2001953125,9963.268
2005-12-12,9746.099609375,9958.097
2005-12-13,9751.0,9951.332
2005-12-14,9830.900390625,9940.188
2005-12-15,9829.099609375,9927.356
2005-12-16,9868.900390625,9904.092
2005-12-19,9835.5,9873.314
2005-12-20,9845.0,9841.96
2005-12-21,9874.0,9810.221
2005-12-22,9830.0,9783.364
2005-12-23,9845.0,9757.375
2005-12-26,9871.599609375,9738.084
2005-12-27,9820.0,9726.085
2005-12-28,9868.7001953125,9724.504
2005-12-29,9815.599609375,9727.425
2005-12-30,9806.2001953125,9740.205
2006-01-02,9826.900390625,9757.093
2006-01-03,9648.900390625,9767.919
2006-01-04,9623.0,9774.129
2006-01-05,9582.400390625,9776.949
2006-01-06,9528.900390625,9775.951
2006-01-09,9458.7001953125,9772.067
2006-01-10,9442.0,9770.038
2006-01-11,9383.0,9757.935
2006-01-12,9335.0,9739.029
2006-01-13,9249.2998046875,9716.988
2006-01-16,9358.900390625,9688.813
2006-01-17,9453.599609375,9650.899
2006-01-18,9485.0,9611.695
2006-01-19,9387.0,9561.406
2006-01-20,9411.2001953125,9513.431
2006-01-23,9438.0,9460.994
2006-01-24,9478.0,9413.723
2006-01-25,9345.0,9384.312
2006-01-26,9358.0,9362.507
2006-01-27,9398.400390625,9344.623
2006-01-30,9375.599609375,9333.65
2006-01-31,9355.099609375,9332.307
2006-02-01,9310.0,9340.059
2006-02-02,9347.5,9346.017
2006-02-03,9280.2998046875,9351.96
2006-02-06,9330.7001953125,9358.976
2006-02-07,9185.0,9358.733
2006-02-08,9262.0,9351.745
2006-02-09,9225.0,9339.5
2006-02-10,9218.400390625,9332.526
2006-02-13,9226.0,9321.639
2006-02-14,9190.5,9312.278
2006-02-15,9212.900390625,9293.701
2006-02-16,9185.2001953125,9285.438
2006-02-17,9204.0,9271.517
2006-02-20,9226.0,9257.042
2006-02-21,9241.900390625,9242.375
2006-02-22,9244.2998046875,9228.032
2006-02-23,9260.0,9217.023
2006-02-24,9274.599609375,9203.909
2006-02-27,9297.099609375,9196.824
2006-02-28,9232.599609375,9188.967
2006-03-01,9242.7001953125,9190.506
2006-03-02,9106.400390625,9188.643
2006-03-03,9170.2001953125,9190.435
2006-03-06,9172.0,9194.021
2006-03-07,9239.2001953125,9200.166
2006-03-08,9302.0,9206.508
2006-03-09,9300.0,9211.61
2006-03-10,9198.900390625,9210.53
2006-03-13,9226.5,9209.533
2006-03-14,9165.0,9203.921
2006-03-15,9093.7001953125,9200.801
2006-03-16,9105.7998046875,9198.869
2006-03-17,9113.7001953125,9197.09
2006-03-20,9133.5,9191.53
2006-03-21,9172.400390625,9187.86
2006-03-22,9081.5,9188.054
2006-03-23,9089.0,9186.442
2006-03-24,9058.0,9188.144
2006-03-26,9017.099609375,9181.848
2006-03-27,9064.400390625,9174.114
2006-03-28,9115.5,9162.608
2006-03-29,9064.400390625,9144.174
2006-03-30,9035.7001953125,9127.79
2006-04-02,8998.400390625,9117.519
2006-04-03,8953.0,9106.575
2006-04-04,8978.099609375,9101.071
2006-04-05,9011.2998046875,9100.48
2006-04-06,8988.7001953125,9096.871
2006-04-09,8959.2001953125,9090.9375
2006-04-10,8958.099609375,9082.033
2006-04-11,8983.599609375,9070.906
2006-04-12,8981.0,9065.622
2006-04-13,8984.2998046875,9061.638
2006-04-16,8953.2998046875,9057.48
2006-04-17,8911.900390625,9052.841
2006-04-18,8872.0,9045.462
2006-04-19,8920.7001953125,9037.547
2006-04-20,8873.900390625,9033.143
2006-04-23,8818.7001953125,9031.426
2006-04-24,8807.099609375,9029.782
2006-04-25,8784.2001953125,9027.524
2006-04-26,8766.2998046875,9022.293
2006-04-27,8762.7998046875,9017.564
2006-04-30,8824.2001953125,9012.227
2006-05-01,8770.599609375,9005.782
2006-05-02,8766.7998046875,8997.681
2006-05-03,8764.099609375,8987.107
2006-05-04,8777.0,8976.414
2006-05-07,8748.0,8965.692
2006-05-08,8710.599609375,8958.146
2006-05-09,8724.7998046875,8950.52
2006-05-10,8682.7998046875,8944.961
2006-05-11,8752.0,8937.426
2006-05-14,9104.7998046875,8932.44
2006-05-15,9188.599609375,8929.797
2006-05-16,8978.900390625,8926.678
2006-05-17,9124.900390625,8924.536
2006-05-18,9189.2001953125,8921.372
2006-05-21,9242.7001953125,8919.841
2006-05-22,9304.7001953125,8924.971
2006-05-23,9343.2998046875,8938.608
2006-05-24,9323.400390625,8951.806
2006-05-25,9303.2001953125,8974.537
2006-05-28,9293.400390625,8998.655
2006-05-29,9184.5,9028.493
2006-05-30,9270.7001953125,9064.3545
2006-05-31,9323.7998046875,9099.129
2006-06-01,9247.900390625,9135.537
2006-06-04,9299.5,9175.58
2006-06-05,9341.2001953125,9197.929
2006-06-06,9357.5,9210.56
2006-06-07,9472.2001953125,9233.153
2006-06-08,9376.5,9246.218
2006-06-11,9392.5,9250.798
2006-06-12,9510.099609375,9251.559
2006-06-13,9470.599609375,9248.595
2006-06-14,9364.2001953125,9247.22
2006-06-15,9270.7001953125,9256.45
2006-06-18,9318.2001953125,9266.452
2006-06-19,9310.7998046875,9278.551
2006-06-20,9257.099609375,9302.05
2006-06-21,9314.5,9321.56
2006-06-22,9360.2998046875,9333.674
2006-06-25,9300.0,9342.285
2006-07-02,9050.0,9344.799
2006-07-17,9211.2998046875,9342.436
2006-07-18,9140.2998046875,9335.808
2006-07-19,9155.2998046875,9320.022
2006-07-20,9114.900390625,9309.371
2006-07-23,9159.0,9296.442
2006-07-24,9159.7001953125,9268.619
2006-07-25,9046.900390625,9248.644
2006-07-26,9059.400390625,9231.261
2006-07-27,9021.0,9223.147
2006-07-30,9074.2001953125,9205.065
2006-07-31,9069.599609375,9188.465
2006-08-01,9104.2001953125,9172.872
2006-08-02,9083.099609375,9152.851
2006-08-03,9062.7001953125,9131.943
2006-08-06,9077.2998046875,9115.519
2006-08-07,9121.0,9114.221
2006-08-08,9062.0,9104.981
2006-08-09,9087.400390625,9100.469
2006-08-10,9065.900390625,9093.952
2006-08-13,9079.099609375,9088.741
2006-08-14,9085.599609375,9083.095
2006-08-15,9095.5,9082.116
2006-08-16,9087.0,9084.225
2006-08-17,9047.7001953125,9086.48
2006-08-20,9065.7998046875,9088.964
2006-08-21,9051.2001953125,9088.981
2006-08-22,9103.0,9089.534
2006-08-23,9176.400390625,9089.297
2006-08-24,9134.0,9089.6455
2006-08-27,9123.099609375,9089.067
2006-08-28,9058.7001953125,9087.761
2006-08-29,9089.5,9084.307
2006-08-30,9104.0,9085.963
2006-08-31,9085.2001953125,9089.486
2006-09-03,9069.7001953125,9093.293
2006-09-04,9097.599609375,9096.03
2006-09-05,9097.2998046875,9095.697
2006-09-06,9093.099609375,9096.78
2006-09-07,9119.599609375,9099.431
2006-09-10,9104.099609375,9103.822
2006-09-11,9147.900390625,9104.897
2006-09-12,9141.0,9105.476
2006-09-13,9142.7001953125,9102.518
2006-09-14,9112.099609375,9097.099
2006-09-17,9073.400390625,9095.842
2006-09-18,9142.2001953125,9095.286
2006-09-19,9150.7001953125,9099.577
2006-09-20,9117.2001953125,9102.595
2006-09-21,9150.599609375,9105.872
2006-09-24,9233.5,9108.916
2006-09-25,9214.5,9110.781
2006-09-26,9196.7998046875,9113.317
2006-09-27,9207.2001953125,9116.517
2006-09-28,9209.7001953125,9118.829
2006-10-01,9183.2998046875,9120.113
2006-10-02,9164.400390625,9124.571
2006-10-03,9196.7998046875,9128.043
2006-10-04,9193.0,9134.516
2006-10-05,9261.2001953125,9141.426
2006-10-08,9262.2998046875,9150.333
2006-10-09,9314.0,9161.058
2006-10-10,9227.7998046875,9166.625
2006-10-11,9197.0,9170.675
2006-10-12,9202.5,9174.898
2006-10-15,9175.0,9179.709
2006-10-16,9155.599609375,9180.336
2006-10-17,9121.400390625,9185.845
2006-10-18,9112.5,9189.607
2006-10-19,9109.599609375,9192.945
2006-10-22,9156.099609375,9195.854
2006-10-23,9157.099609375,9199.385
2006-10-24,9148.599609375,9200.786
2006-10-25,9147.7001953125,9195.243
2006-10-26,9092.2998046875,9186.655
2006-10-30,9099.099609375,9172.289
2006-10-31,9083.099609375,9159.904
2006-11-01,9090.900390625,9146.245
2006-11-02,9093.400390625,9138.779
2006-11-03,9103.400390625,9133.247
2006-11-06,9111.099609375,9126.143
2006-11-07,9109.2001953125,9122.035
2006-11-08,9103.7001953125,9119.065
2006-11-09,9106.7001953125,9117.998
2006-11-10,9111.400390625,9116.343
2006-11-13,9105.7998046875,9114.154
2006-11-14,9120.0,9109.586
2006-11-15,9170.7998046875,9105.338
2006-11-16,9193.7998046875,9102.081
2006-11-17,9145.400390625,9100.009
2006-11-20,9149.400390625,9101.383
2006-11-21,9129.099609375,9102.516
2006-11-22,9123.900390625,9104.853
2006-11-23,9114.400390625,9108.617
2006-11-24,9134.7001953125,9113.671
2006-11-27,9126.7001953125,9117.136
2006-11-28,9163.099609375,9120.305
2006-11-29,9162.7998046875,9122.753
2006-11-30,9155.400390625,9126.63
2006-12-01,9149.2001953125,9129.529
2006-12-04,9130.5,9131.66
2006-12-05,9094.2998046875,9131.919
2006-12-06,9100.099609375,9132.119
2006-12-07,9103.2001953125,9129.443
2006-12-08,9020.2998046875,9126.836
2006-12-11,9084.0,9127.3545
2006-12-12,9064.2001953125,9127.553
2006-12-13,9056.2001953125,9127.53
2006-12-14,9051.5,9127.284
2006-12-15,9056.2001953125,9126.317
2006-12-18,9054.5,9120.115
2006-12-19,9113.2998046875,9115.89
2006-12-20,9109.2001953125,9108.11
2006-12-21,9053.0,9100.41
2006-12-22,9087.099609375,9092.902
2006-12-25,9086.7998046875,9086.184
2006-12-26,9065.2998046875,9080.963
2006-12-27,9063.900390625,9080.334
2006-12-28,9035.900390625,9080.693
2006-12-29,8980.7001953125,9079.821
2007-01-01,8965.7001953125,9082.515
2007-01-02,8987.5,9083.008
2007-01-03,8952.5,9084.175
2007-01-04,9007.2001953125,9085.526
2007-01-05,9015.599609375,9085.581
2007-01-08,9023.599609375,9082.067
2007-01-09,9037.7001953125,9076.941
2007-01-10,9051.2001953125,9069.481
2007-01-11,9109.2001953125,9061.082
2007-01-12,9106.400390625,9056.51
2007-01-15,9099.7001953125,9050.9375
2007-01-16,9068.400390625,9046.107
2007-01-17,9104.599609375,9043.672
2007-01-18,9081.099609375,9043.221
2007-01-19,9073.7001953125,9047.41
2007-01-22,9066.2001953125,9054.876
2007-01-23,9065.400390625,9063.223
2007-01-24,9057.599609375,9069.345
2007-01-25,9038.900390625,9077.378
2007-01-26,9096.5,9082.341
2007-01-29,9100.0,9086.8545
2007-01-30,9086.400390625,9090.084
2007-01-31,9031.2001953125,9091.563
2007-02-01,9071.599609375,9091.163
2007-02-02,9057.2001953125,9086.971
2007-02-05,9047.2998046875,9085.211
2007-02-06,9039.099609375,9084.363
2007-02-07,9011.7001953125,9084.756
2007-02-08,9035.7998046875,9081.641
2007-02-09,9043.400390625,9080.944
2007-02-12,9073.900390625,9080.229
2007-02-13,9067.2001953125,9080.151
2007-02-14,9077.099609375,9079.449
2007-02-15,9038.599609375,9077.1455
2007-02-16,9040.7001953125,9075.262
2007-02-19,9030.400390625,9071.29
2007-02-20,9052.5,9069.478
2007-02-21,9058.400390625,9068.62
2007-02-22,9071.5,9070.238
2007-02-23,9075.400390625,9069.085
2007-02-26,9043.0,9069.007
2007-02-27,9092.599609375,9069.03
2007-02-28,9124.2001953125,9070.282
2007-03-01,9142.2998046875,9072.182
2007-03-02,9173.400390625,9073.422
2007-03-05,9262.5,9074.171
2007-03-06,9203.7001953125,9072.816
2007-03-07,9170.900390625,9073.683
2007-03-08,9156.2998046875,9076.33
2007-03-09,9161.2998046875,9082.02
2007-03-12,9167.7998046875,9089.092
2007-03-13,9209.099609375,9101.025
2007-03-14,9219.7001953125,9111.158
2007-03-15,9183.0,9120.759
2007-03-16,9210.400390625,9131.129
2007-03-19,9185.2001953125,9142.038
2007-03-20,9151.0,9153.559
2007-03-21,9057.2998046875,9162.09
2007-03-22,9098.400390625,9167.019
2007-03-23,9105.599609375,9168.649
2007-03-25,9090.599609375,9168.734
2007-03-26,9099.400390625,9164.066
2007-03-27,9142.099609375,9163.661
2007-03-28,9116.5,9160.149
2007-03-29,9081.0,9156.722
2007-04-01,9114.7001953125,9150.64
2007-04-02,9108.2998046875,9143.394
2007-04-03,9112.0,9132.605
2007-04-04,9084.099609375,9123.326
2007-04-05,9104.5,9116.407
2007-04-08,9090.599609375,9108.311
2007-04-09,9107.5,9103.966
2007-04-10,9101.099609375,9102.423
2007-04-11,9087.900390625,9105.896
2007-04-12,9080.5,9106.064
2007-04-15,9107.400390625,9105.895
2007-04-16,9074.7998046875,9105.379
2007-04-17,9065.2001953125,9104.957
2007-04-18,9072.900390625,9102.776
2007-04-19,9097.2998046875,9101.509
2007-04-22,9078.2001953125,9101.139
2007-04-23,9073.099609375,9099.976
2007-04-24,9070.2001953125,9098.389
2007-04-25,9074.2001953125,9096.338
2007-04-26,9031.0,9095.249
2007-04-29,9102.2001953125,9093.921
2007-04-30,9067.2001953125,9092.865
2007-05-01,9067.7998046875,9090.875
2007-05-02,9041.2998046875,9088.82
2007-05-03,8946.7001953125,9087.508
2007-05-06,8948.2001953125,9085.088
2007-05-07,8871.5,9084.483
2007-05-08,8805.599609375,9084.061
2007-05-09,8759.7998046875,9084.125
2007-05-10,8777.2001953125,9082.238
2007-05-13,8791.5,9075.564
2007-05-14,8791.0,9069.057
2007-05-15,8797.099609375,9060.121
2007-05-16,8785.400390625,9048.446
2007-05-17,8807.2998046875,9034.133
2007-05-20,8741.5,9019.816
2007-05-21,8753.7001953125,9002.059
2007-05-22,8719.400390625,8984.999
2007-05-23,8783.900390625,8968.473
2007-05-24,8782.2998046875,8953.605
2007-05-27,8780.2998046875,8945.268
2007-05-28,8783.599609375,8936.337
2007-05-29,8827.2998046875,8931.677
2007-05-30,8818.900390625,8929.058
2007-05-31,8817.599609375,8929.249
2007-06-03,8766.7001953125,8929.118
2007-06-04,8746.599609375,8928.011
2007-06-05,8804.2001953125,8927.241
2007-06-06,8870.5,8926.929
2007-06-07,9096.400390625,8928.022
2007-06-10,9072.2001953125,8928.94
2007-06-11,9105.900390625,8931.573
2007-06-12,9065.599609375,8932.295
2007-06-13,9091.599609375,8935.6045
2007-06-14,9030.400390625,8938.355
2007-06-17,9005.2001953125,8947.89
2007-06-18,9000.5,8960.664
2007-06-19,8943.2998046875,8977.518
2007-06-20,8946.0,8994.282
2007-06-21,8991.2998046875,9012.173
2007-06-24,8994.0,9028.768
2007-06-25,9083.5,9045.841
2007-06-26,9064.900390625,9058.791
2007-06-27,9084.7998046875,9064.756
2007-06-28,9025.099609375,9066.49
2007-07-01,9005.2001953125,9059.093
2007-07-02,9000.400390625,9052.493
2007-07-03,8998.400390625,9048.758
2007-07-04,9005.2998046875,9047.063
2007-07-05,9037.2001953125,9046.883
2007-07-08,9014.2001953125,9047.9375
2007-07-09,8963.0,9050.434
2007-07-10,9031.400390625,9052.876
2007-07-11,9049.0,9057.035
2007-07-12,9014.7001953125,9059.707
2007-07-15,9038.099609375,9060.677
2007-07-16,9032.2001953125,9059.708
2007-07-17,9087.0,9053.459
2007-07-18,9092.900390625,9050.431
2007-07-19,9070.2001953125,9048.414
2007-07-22,9078.099609375,9048.938
2007-07-23,9028.7998046875,9050.908
2007-07-24,9082.2998046875,9052.398
2007-07-25,9062.7998046875,9055.947
2007-07-26,9138.599609375,9060.485
2007-07-29,9187.099609375,9063.996
2007-07-30,9213.599609375,9068.188
2007-07-31,9294.0,9071.899
2007-08-01,9273.599609375,9074.797
2007-08-02,9220.7998046875,9076.59
2007-08-05,9213.099609375,9082.303
2007-08-06,9250.0,9088.764
2007-08-07,9209.099609375,9097.668
2007-08-08,9296.0,9108.294
2007-08-09,9286.900390625,9120.472
2007-08-12,9350.099609375,9135.393
2007-08-13,9402.599609375,9152.5205
2007-08-14,9437.2998046875,9173.044
2007-08-15,9457.2998046875,9187.42
2007-08-16,9464.5,9204.028
2007-08-19,9383.7001953125,9212.552
2007-08-20,9441.5,9221.291
2007-08-21,9378.7998046875,9230.908
2007-08-22,9351.599609375,9241.773
2007-08-23,9381.599609375,9258.547
2007-08-26,9401.599609375,9281.95
2007-08-27,9427.5,9302.931
2007-08-28,9376.5,9323.656
2007-08-29,9420.5,9341.373
2007-08-30,9454.5,9350.542
2007-09-02,9471.2001953125,9356.606
2007-09-03,9370.0,9357.719
2007-09-04,9396.900390625,9355.796
2007-09-05,9383.2998046875,9349.889
2007-09-06,9395.900390625,9344.685
2007-09-10,9401.599609375,9342.217
2007-09-11,9355.7001953125,9348.581
2007-09-12,9403.2998046875,9348.281
2007-09-13,9357.900390625,9352.078
2007-09-16,9383.7001953125,9355.026
2007-09-17,9307.5,9357.132
2007-09-18,9207.099609375,9357.083
2007-09-19,9144.2001953125,9352.236
2007-09-20,9155.099609375,9350.399
2007-09-23,9127.7001953125,9344.049
2007-09-24,9148.099609375,9338.202
2007-09-25,9142.7001953125,9328.346
2007-09-26,9126.900390625,9319.815
2007-09-27,9093.5,9303.508
2007-09-30,9112.0,9286.01
2007-10-01,9077.400390625,9264.225
2007-10-02,9125.099609375,9240.126
2007-10-03,9123.400390625,9216.355
2007-10-04,9050.400390625,9188.156
2007-10-07,9106.099609375,9163.747
2007-10-08,9057.099609375,9141.7
2007-10-09,9081.599609375,9125.464
2007-10-10,9041.900390625,9119.664
2007-10-11,9042.900390625,9117.333
2007-10-14,9057.2998046875,9111.859
2007-10-15,9075.7998046875,9108.846
2007-10-16,9050.2998046875,9102.949
2007-10-17,9000.0,9099.163
2007-10-18,9055.599609375,9094.922
2007-10-21,9131.0,9091.848
2007-10-22,9135.5,9087.488
2007-10-23,9158.7998046875,9085.601
2007-10-24,9117.2001953125,9081.093
2007-10-25,9112.7001953125,9075.328
2007-10-29,9063.2001953125,9074.002
2007-10-30,9090.2998046875,9073.994
2007-10-31,9087.7998046875,9077.652
2007-11-01,9087.7998046875,9082.234
2007-11-02,9049.5,9086.765
2007-11-05,9135.5,9091.447
2007-11-06,9102.7998046875,9094.357
2007-11-07,9133.5,9097.837
2007-11-08,9125.599609375,9102.213
2007-11-09,9107.900390625,9107.467
2007-11-12,9203.2998046875,9106.417
2007-11-13,9141.2998046875,9103.693
2007-11-14,9223.400390625,9099.87
2007-11-15,9241.099609375,9097.73
2007-11-16,9013.900390625,9098.147
2007-11-19,9313.7001953125,9098.864
2007-11-20,9310.599609375,9105.76
2007-11-21,9372.400390625,9110.407
2007-11-22,9374.900390625,9118.986
2007-11-23,9408.7998046875,9128.671
2007-11-27,9386.599609375,9132.739
2007-11-28,9383.7001953125,9142.693
2007-11-29,9370.599609375,9154.673
2007-11-30,9370.5,9173.7705
2007-12-03,9319.599609375,9191.918
2007-12-04,9286.099609375,9212.531
2007-12-05,9297.099609375,9229.864
2007-12-06,9247.7998046875,9257.656
2007-12-07,9270.2001953125,9277.47
2007-12-10,9259.0,9294.937
2007-12-11,9287.7001953125,9317.011
2007-12-12,9258.099609375,9317.641
2007-12-13,9298.2001953125,9315.601
2007-12-14,9314.7998046875,9306.179
2007-12-17,9329.0,9296.117
2007-12-19,9410.7001953125,9281.856
2007-12-20,9444.2001953125,9270.195
2007-12-21,9405.0,9257.629
2007-12-24,9405.7001953125,9249.097
2007-12-25,9406.0,9242.5625
2007-12-26,9347.0,9242.673
2007-12-27,9416.900390625,9249.717
2007-12-28,9385.0,9260.622
2007-12-31,9459.900390625,9275.119
2008-01-01,9445.599609375,9289.172
2008-01-02,9390.7998046875,9304.584
2008-01-03,9417.099609375,9315.893
2008-01-04,9441.7998046875,9330.147
2008-01-07,9439.5,9338.007
2008-01-08,9424.7001953125,9346.765
2008-01-09,9426.400390625,9352.407
2008-01-10,9425.400390625,9351.787
2008-01-11,9420.400390625,9350.104
2008-01-14,9370.099609375,9353.574
2008-01-15,9442.900390625,9357.881
2008-01-16,9515.400390625,9361.57
2008-01-17,9457.900390625,9366.975
2008-01-18,9444.7998046875,9367.323
2008-01-21,9574.5,9369.632
2008-01-22,9455.5,9365.423
2008-01-23,9340.400390625,9364.518
2008-01-24,9338.599609375,9369.818
2008-01-25,9337.5,9372.901
2008-01-28,9336.900390625,9373.917
2008-01-29,9346.599609375,9381.149
2008-01-30,9252.5,9386.997
2008-01-31,9209.900390625,9389.078
2008-02-01,9210.400390625,9386.955
2008-02-04,9219.400390625,9381.997
2008-02-05,9210.2001953125,9377.765
2008-02-06,9247.0,9367.856
2008-02-07,9336.5,9344.772
2008-02-08,9231.900390625,9322.098
2008-02-11,9278.7001953125,9299.235
2008-02-12,9227.400390625,9271.565
2008-02-13,9264.5,9251.762
2008-02-14,9202.7001953125,9239.896
2008-02-15,9173.2998046875,9231.6875
2008-02-18,9187.7001953125,9221.016
2008-02-19,9154.099609375,9215.609
2008-02-20,9139.099609375,9208.968
2008-02-21,9082.599609375,9212.719
2008-02-22,9164.7998046875,9215.5205
2008-02-25,9158.2998046875,9216.243
2008-02-26,9037.2001953125,9212.623
2008-02-27,9036.7998046875,9207.148
2008-02-28,9059.2001953125,9197.521
2008-02-29,9039.400390625,9180.024
2008-03-03,9092.400390625,9170.68
2008-03-04,9093.599609375,9158.349
2008-03-05,9078.7001953125,9145.686
2008-03-06,9016.2001953125,9129.543
2008-03-07,9036.400390625,9117.859
2008-03-10,9180.099609375,9108.563
2008-03-11,9151.599609375,9101.543
2008-03-12,9119.0,9096.209
2008-03-13,9183.2001953125,9090.936
2008-03-14,9228.2998046875,9085.78
2008-03-18,9259.2998046875,9077.994
2008-03-19,9188.599609375,9078.743
2008-03-20,9161.0,9084.832
2008-03-21,9031.2998046875,9090.341
2008-03-24,9168.099609375,9096.651
2008-03-25,9169.2001953125,9105.821
2008-03-26,9146.400390625,9116.53
2008-03-27,9182.900390625,9128.256
2008-03-28,9220.7001953125,9140.115
2008-03-30,9223.599609375,9146.475
2008-04-01,9185.7001953125,9155.867
2008-04-02,9199.099609375,9155.084
2008-04-03,9158.5,9155.434
2008-04-06,9185.900390625,9155.633
2008-04-07,9198.7001953125,9151.895
2008-04-08,9221.599609375,9148.379
2008-04-09,9179.599609375,9146.021
2008-04-10,9180.7998046875,9150.273
2008-04-13,9181.7001953125,9154.142
2008-04-14,9183.599609375,9165.692
2008-04-15,9187.5,9168.649
2008-04-16,9191.5,9172.072
2008-04-17,9175.0,9174.022
2008-04-20,9163.2001953125,9173.01
2008-04-21,9120.7998046875,9169.457
2008-04-22,9204.2998046875,9167.3545
2008-04-23,9191.2001953125,9168.133
2008-04-24,9220.2998046875,9168.039
2008-04-27,9338.2998046875,9168.652
2008-04-28,9210.099609375,9166.684
2008-04-29,9354.5,9161.786
2008-05-01,9212.0,9159.342
2008-05-04,9195.7001953125,9159.058
2008-05-05,9207.599609375,9161.149
2008-05-06,9218.2998046875,9167.913
2008-05-07,9207.599609375,9170.922
2008-05-08,9213.599609375,9181.933
2008-05-11,9183.7998046875,9187.717
2008-05-12,9239.900390625,9196.881
2008-05-13,9290.5,9203.155
2008-05-14,9313.900390625,9212.083
2008-05-15,9228.2001953125,9212.192
2008-05-18,9257.7998046875,9211.77
2008-05-19,9183.7998046875,9205.802
2008-05-20,9375.2001953125,9196.326
2008-05-21,9408.5,9196.955
2008-05-22,9295.400390625,9194.591
2008-05-25,9297.7998046875,9198.359
2008-05-26,9340.0,9203.673
2008-05-27,9278.7998046875,9205.02
2008-05-28,9361.599609375,9215.739
2008-05-29,9346.7998046875,9228.655
2008-06-01,9343.7998046875,9238.451
2008-06-02,9401.900390625,9247.222
2008-06-03,9412.599609375,9253.0
2008-06-04,9276.099609375,9257.338
2008-06-05,9161.7998046875,9265.492
2008-06-08,9341.0,9275.358
2008-06-09,9317.0,9281.361
2008-06-10,9308.099609375,9292.415
2008-06-11,9365.2001953125,9293.98
2008-06-12,9423.099609375,9290.782
2008-06-15,9303.599609375,9288.328
2008-06-16,9286.7998046875,9289.629
2008-06-17,9277.599609375,9286.7295
2008-06-18,9266.2001953125,9288.466
2008-06-19,9251.2001953125,9283.439
2008-06-22,9311.7001953125,9281.23
2008-06-23,9269.0,9277.618
2008-06-24,9188.400390625,9274.098
2008-06-25,9192.2998046875,9269.771
2008-06-26,9193.7001953125,9273.356
2008-06-29,9194.5,9280.263
2008-07-01,9203.400390625,9275.822
2008-07-02,9202.2001953125,9268.665
2008-07-03,9194.2001953125,9258.247
2008-07-06,9189.2001953125,9243.309
2008-07-07,9208.2998046875,9226.029
2008-07-08,9157.099609375,9217.447
2008-07-09,9152.0,9209.75
2008-07-10,9058.099609375,9201.805
2008-07-13,9141.5,9193.717
2008-07-14,9140.2998046875,9186.428
2008-07-15,9184.2998046875,9178.254
2008-07-16,9158.7001953125,9172.35
2008-07-17,9137.099609375,9170.82
2008-07-20,9150.2998046875,9163.456
2008-07-21,9151.099609375,9158.424
2008-07-22,9210.0,9151.831
2008-07-23,9110.2998046875,9148.071
2008-07-24,9140.5,9142.672
2008-07-27,9120.400390625,9136.956
2008-07-28,9106.900390625,9132.293
2008-07-29,9118.599609375,9129.158
2008-07-30,9108.099609375,9133.768
2008-08-25,9312.7998046875,9134.931
2008-08-26,9159.400390625,9140.735
2008-08-27,9165.7001953125,9138.495
2008-08-28,9193.5,9136.3125
2008-08-31,9253.2001953125,9132.125
2008-09-01,9500.5,9128.455
2008-09-02,9521.099609375,9134.098
2008-09-03,9330.400390625,9134.308
2008-09-04,9318.900390625,9136.797
2008-09-07,9377.7998046875,9135.672
2008-09-08,9357.599609375,9145.734
2008-09-09,9470.2001953125,9168.205
2008-09-10,9461.2001953125,9197.013
2008-09-11,9299.099609375,9219.954
2008-09-14,9118.900390625,9242.525
2008-09-15,9468.2001953125,9267.882
2008-09-16,9367.7001953125,9283.204
2008-09-17,9385.0,9310.267
2008-09-18,9389.2001953125,9331.011
2008-09-21,9277.7001953125,9338.572
2008-09-22,9327.2998046875,9330.959
2008-09-23,9367.099609375,9322.752
2008-09-24,9360.400390625,9311.987
2008-09-25,9393.0,9318.738
2008-09-28,9442.7001953125,9318.127
2008-09-29,9481.7001953125,9308.141
2008-09-30,9536.2001953125,9303.661
2008-10-01,9431.0,9298.835
2008-10-02,9453.7001953125,9296.395
2008-10-05,9572.099609375,9303.028
2008-10-06,9605.099609375,9319.077
2008-10-07,9572.400390625,9317.714
2008-10-08,9634.900390625,9329.356
2008-10-09,9876.099609375,9338.809
2008-10-12,9713.7001953125,9350.905
2008-10-13,9715.400390625,9373.193
2008-10-14,9823.7001953125,9395.993
2008-10-15,9838.0,9415.18
2008-10-16,9868.900390625,9437.17
2008-10-19,9953.7001953125,9469.447
2008-10-20,9858.099609375,9498.091
2008-10-21,9954.0,9531.535
2008-10-22,9854.0,9563.563
2008-10-23,9993.7001953125,9603.551
2008-10-27,10832.0,9644.994
2008-10-28,10542.0,9684.4795
2008-10-29,10700.0,9711.964
2008-10-30,10782.0,9745.623
2008-10-31,11024.0,9769.201
2008-11-03,11065.0,9786.176
2008-11-04,10749.0,9856.465
2008-11-05,10453.0,9930.489
2008-11-06,11100.0,10026.358
2008-11-07,11155.0,10138.687
2008-11-10,11124.0,10273.443
2008-11-11,11171.0,10417.208
2008-11-12,11218.0,10554.537
2008-11-13,11314.0,10640.13
2008-11-14,11493.0,10740.787
2008-11-17,11865.0,10831.92
2008-11-18,12009.0,10877.038
2008-11-19,12000.0,10935.399
2008-11-20,12372.0,10977.654
2008-11-21,11955.0,11028.129
2008-11-24,12407.0,11094.108
2008-11-25,12416.0,11187.313
2008-11-26,12549.0,11314.818
2008-11-27,12552.0,11471.583
2008-11-28,12749.0,11609.891
2008-12-01,12233.0,11729.108
2008-12-02,12313.0,11871.564
2008-12-03,11961.0,12001.43
2008-12-04,11949.0,12138.329
2008-12-05,12002.0,12257.835
2008-12-08,11430.0,12368.484
2008-12-09,10856.0,12432.244
2008-12-10,10889.0,12478.463
2008-12-11,10926.0,12493.013
2008-12-12,10909.0,12468.485
2008-12-15,11100.0,12451.254
2008-12-16,10853.0,12368.759
2008-12-17,10863.0,12240.071
2008-12-18,10953.0,12069.673
2008-12-19,11244.0,11884.177
2008-12-22,10934.0,11682.137
2008-12-23,11179.0,11516.415
2008-12-24,11165.0,11333.41
2008-12-25,11158.0,11186.828
2008-12-26,11148.0,11070.308
2008-12-29,11111.0,10995.304
2008-12-30,11032.0,10969.408
2008-12-31,11160.0,11000.597
2009-01-01,11142.0,11022.524
2009-01-02,10991.0,11050.927
2009-01-05,10929.0,11083.378
2009-01-06,10992.0,11103.512
2009-01-07,10852.0,11127.21
2009-01-09,11001.0,11152.552
2009-01-12,11109.0,11166.594
2009-01-13,11076.0,11152.938
2009-01-14,11101.0,11149.134
2009-01-15,11087.0,11124.992
2009-01-16,10964.0,11094.604
2009-01-19,11128.0,11072.691
2009-01-20,11308.0,11055.668
2009-01-21,11129.0,11044.711
2009-01-22,11160.0,11044.558
2009-01-23,11255.0,11039.939
2009-01-26,11060.0,11035.677
2009-01-27,11043.0,11053.313
2009-01-28,11369.0,11086.232
2009-01-29,11414.0,11109.507
2009-01-30,11328.0,11140.686
2009-02-02,11725.0,11160.357
2009-02-03,11667.0,11166.271
2009-02-04,11622.0,11174.789
2009-02-05,11681.0,11193.802
2009-02-06,11559.0,11218.364
2009-02-09,11793.0,11253.39
2009-02-10,11838.0,11297.784
2009-02-11,11878.0,11336.7295
2009-02-12,11689.0,11402.182
2009-02-13,11812.0,11472.745
2009-02-16,11873.0,11529.079
2009-02-17,12075.0,11601.711
2009-02-18,11869.0,11677.149
2009-02-19,11982.0,11731.589
2009-02-20,11650.0,11766.103
2009-02-23,12031.0,11808.032
2009-02-24,11786.0,11824.878
2009-02-25,11935.0,11863.335
2009-02-26,12045.0,11897.095
2009-02-27,12041.0,11928.036
2009-03-02,12145.0,11946.537
2009-03-03,12029.0,11965.075
2009-03-04,12043.0,11968.659
2009-03-05,11995.0,11977.079
2009-03-06,12048.0,11996.8125
2009-03-09,12064.0,12009.947
2009-03-10,11925.0,12031.224
2009-03-11,11842.0,12036.609
2009-03-12,11901.0,12062.524
2009-03-13,11950.0,12076.723
2009-03-16,11988.0,12114.511
2009-03-17,11936.0,12123.097
2009-03-18,11624.0,12137.675
2009-03-19,11930.0,12131.019
2009-03-20,11726.0,12112.764
2009-03-23,11694.0,12096.87
2009-03-24,11814.0,12078.505
2009-03-25,11585.0,12065.929
2009-03-26,11505.0,12036.034
2009-03-27,11456.0,12019.612
2009-03-29,11548.0,11990.765
2009-03-30,11590.0,11964.042
2009-03-31,11538.0,11944.656
2009-04-01,11459.0,11917.182
2009-04-02,11396.0,11876.616
2009-04-05,11467.0,11827.846
2009-04-06,11294.0,11778.684
2009-04-07,11320.0,11737.396
2009-04-08,11354.0,11717.361
2009-04-09,11336.0,11670.589
2009-04-12,11178.0,11635.074
2009-04-13,10892.0,11608.095
2009-04-14,10851.0,11569.387
2009-04-15,10969.0,11545.615
2009-04-16,11083.0,11522.634
2009-04-19,10684.0,11500.892
2009-04-20,10828.0,11464.104
2009-04-21,10824.0,11405.877
2009-04-22,10787.0,11338.587
2009-04-23,10693.0,11277.526
2009-04-26,10889.0,11227.89
2009-04-27,10796.0,11152.26
2009-04-28,10686.0,11087.043
2009-04-29,10713.0,11015.22
2009-04-30,10598.0,10952.865
2009-05-03,10477.0,10896.355
2009-05-04,10410.0,10863.155
2009-05-05,10420.0,10842.695
2009-05-06,10366.0,10825.329
2009-05-07,10258.0,10799.527
2009-05-10,10296.0,10761.177
2009-05-11,10318.0,10741.191
2009-05-12,10362.0,10701.762
2009-05-13,10338.0,10655.419
2009-05-14,10326.0,10603.814
2009-05-17,10251.0,10549.749
2009-05-18,10271.0,10480.1455
2009-05-19,10337.0,10419.521
2009-05-20,10252.0,10374.042
2009-05-21,10181.0,10332.412
2009-05-24,10177.0,10303.734
2009-05-25,10300.0,10281.745
2009-05-26,10684.0,10268.696
2009-05-27,10321.0,10260.233
2009-05-28,10155.0,10253.081
2009-05-31,10151.0,10246.888
2009-06-01,10229.0,10232.169
2009-06-02,10125.0,10220.716
2009-06-03,10070.0,10234.265
2009-06-04,9949.5,10240.32
2009-06-07,10006.0,10240.016
2009-06-08,10012.0,10234.241
2009-06-09,10013.0,10230.974
2009-06-10,10024.0,10221.222
2009-06-11,10104.0,10209.521
2009-06-14,10175.0,10177.812
2009-06-15,10203.0,10141.028
2009-06-16,10179.0,10095.755
2009-06-17,10450.0,10033.66
2009-06-18,10426.0,10002.289
2009-06-21,10185.0,9987.23
2009-06-22,10341.0,9979.743
2009-06-23,10331.0,9978.449
2009-06-24,10297.0,9988.839
2009-06-25,10262.0,10020.544
2009-06-28,10238.0,10065.635
2009-06-29,10179.0,10103.813
2009-06-30,10105.0,10147.658
2009-07-01,10239.0,10185.03
2009-07-02,10237.0,10218.89
2009-07-05,10225.0,10242.19
2009-07-06,10269.0,10248.987
2009-07-07,10297.0,10242.046
2009-07-08,10187.0,10231.514
2009-07-09,10035.0,10206.014
2009-07-12,10125.0,10183.048
2009-07-13,10184.9501953125,10178.146
2009-07-14,10048.0,10165.674
2009-07-15,9990.0,10159.091
2009-07-16,10045.0,10153.873
2009-07-19,10150.0,10144.567
2009-07-20,9990.7998046875,10136.6
2009-07-21,9987.2998046875,10132.83
2009-07-22,10070.0,10124.627
2009-07-23,10035.0,10099.83
2009-07-26,10010.0,10073.003
2009-07-27,9982.400390625,10053.477
2009-07-28,9983.7001953125,10029.351
2009-07-29,9894.2001953125,10006.316
2009-07-30,9774.099609375,9991.059
2009-08-02,9671.0,9985.78
2009-08-03,9664.400390625,9976.591
2009-08-04,9867.099609375,9963.392
2009-08-05,9896.2001953125,9956.069
2009-08-06,9941.5,9947.31
2009-08-09,9919.0,9927.572
2009-08-10,9926.7998046875,9892.458
2009-08-11,9952.900390625,9861.119
2009-08-12,9944.7001953125,9835.369
2009-08-13,9965.5,9805.058
2009-08-16,10030.0,9782.933
2009-08-17,10023.0,9766.793
2009-08-18,9926.7001953125,9761.106
2009-08-19,10050.0,9764.88
2009-08-20,9986.0,9783.595
2009-08-23,10006.0,9809.972
2009-08-24,10011.0,9841.759
2009-08-25,10046.0,9870.482
2009-08-26,10048.0,9880.801
2009-08-27,10006.0,9893.6
2009-08-30,10101.0,9899.821
2009-08-31,10124.0,9910.437
2009-09-01,10090.0,9918.752
2009-09-02,10133.0,9926.114
2009-09-03,10110.0,9933.234
2009-09-06,10083.0,9939.009
2009-09-07,9880.7001953125,9944.227
2009-09-08,9916.099609375,9953.253
2009-09-09,9893.0,9968.589
2009-09-10,9894.0,9979.006
2009-09-13,9850.7998046875,9991.868
2009-09-14,9833.2998046875,10002.183
2009-09-15,9697.7998046875,10000.809
2009-09-16,9459.0,9993.803
2009-09-17,9688.7001953125,9979.118
2009-09-20,9719.400390625,9964.638
2009-09-21,9679.2998046875,9936.861
2009-09-22,9641.5,9904.333
2009-09-23,9690.5,9864.238
2009-09-24,9671.0,9811.757
2009-09-27,9705.2998046875,9766.565
2009-09-28,9680.7001953125,9725.486
2009-09-29,9622.5,9699.855
2009-09-30,9729.0,9665.658
2009-10-01,9540.0,9633.946
2009-10-04,9577.7001953125,9609.18
2009-10-05,9537.7001953125,9598.451
2009-10-06,9414.7001953125,9591.916
2009-10-07,9389.400390625,9591.641
2009-10-08,9401.900390625,9607.732
2009-10-11,9364.099609375,9599.729
2009-10-12,9330.099609375,9590.711
2009-10-13,9350.599609375,9578.621
2009-10-14,9307.2998046875,9562.797
2009-10-15,9379.400390625,9537.114
2009-10-18,9385.900390625,9509.695
2009-10-19,9360.900390625,9475.084
2009-10-20,9315.7001953125,9440.439
2009-10-21,9398.599609375,9410.144
2009-10-22,9418.900390625,9370.155
2009-10-26,9513.099609375,9349.598
2009-10-27,9539.400390625,9330.551
2009-10-28,9652.400390625,9316.615
2009-10-29,9573.099609375,9309.303
2009-10-30,9605.599609375,9307.581
2009-11-02,9568.5,9307.999
2009-11-03,9565.5,9318.6455
2009-11-04,9504.2998046875,9333.153
2009-11-05,9470.400390625,9353.845
2009-11-06,9456.099609375,9377.5625
2009-11-09,9356.7998046875,9403.006
2009-11-10,9372.2998046875,9426.61
2009-11-11,9377.599609375,9452.38
2009-11-12,9430.900390625,9472.604
2009-11-13,9318.400390625,9484.727
2009-11-16,9317.2998046875,9487.624
2009-11-17,9386.7001953125,9476.502
2009-11-18,9439.2998046875,9459.503
2009-11-19,9540.0,9433.124
2009-11-20,9497.7001953125,9414.137
2009-11-23,9455.2998046875,9387.48
2009-11-24,9419.2998046875,9363.821
2009-11-25,9374.599609375,9344.119
2009-11-26,9471.7001953125,9334.957
2009-11-27,9383.2001953125,9336.243
2009-11-30,9353.599609375,9339.856
2009-12-01,9321.400390625,9348.38
2009-12-02,9423.900390625,9356.423
2009-12-03,9430.099609375,9363.427
2009-12-04,9562.099609375,9371.7295
2009-12-07,9572.099609375,9379.711
2009-12-08,9670.7998046875,9382.648
2009-12-09,9638.7001953125,9374.522
2009-12-10,9644.7998046875,9366.3955
2009-12-11,9717.7998046875,9354.348
2009-12-14,9449.9501953125,9354.863
2009-12-15,9504.5,9359.801
2009-12-16,9515.0,9375.932
2009-12-17,9633.0,9399.129
2009-12-18,9633.0,9424.314
2009-12-21,9673.7998046875,9459.392
2009-12-22,9509.2998046875,9483.134
2009-12-23,9474.2998046875,9507.087
2009-12-24,9443.7001953125,9516.758
2009-12-25,9431.900390625,9529.194
2009-12-28,9447.900390625,9529.054
2009-12-29,9388.2001953125,9529.646
2009-12-30,9417.400390625,9512.693
2009-12-31,9427.2001953125,9502.79
2010-01-01,9385.599609375,9490.408
2010-01-04,9364.2001953125,9477.063
2010-01-05,9305.2001953125,9476.462
2010-01-06,9218.099609375,9464.463
2010-01-07,9272.5,9446.925
2010-01-08,9212.7001953125,9421.337
2010-01-11,9148.099609375,9397.213
2010-01-12,9171.0,9372.588
2010-01-13,9141.0,9358.0
2010-01-14,9155.7998046875,9341.042
2010-01-15,9226.099609375,9326.894
2010-01-18,9130.0,9308.964
2010-01-19,9229.9501953125,9286.849
2010-01-20,9294.9501953125,9264.676
2010-01-21,9183.0,9238.411
2010-01-22,9240.0,9212.768
2010-01-25,9319.9501953125,9194.371
2010-01-26,9379.9501953125,9176.322
2010-01-27,9399.9501953125,9167.687
2010-01-28,9324.9501953125,9167.1455
2010-01-29,9250.0,9163.694
2010-02-01,9256.400390625,9167.959
2010-02-02,9313.7001953125,9178.588
2010-02-03,9364.599609375,9193.708
2010-02-04,9386.900390625,9213.59
2010-02-05,9468.099609375,9229.944
2010-02-08,9484.5,9238.116
2010-02-09,9339.2998046875,9252.207
2010-02-10,9314.400390625,9261.72
2010-02-11,9330.099609375,9269.066
2010-02-12,9323.7001953125,9281.285
2010-02-15,9344.7998046875,9291.098
2010-02-16,9292.900390625,9298.497
2010-02-17,9400.599609375,9300.752
2010-02-18,9499.7998046875,9303.9375
2010-02-19,9292.2001953125,9311.276
2010-02-22,9281.7001953125,9320.581
2010-02-23,9341.7998046875,9327.187
2010-02-24,9352.2998046875,9323.67
2010-02-25,9335.2001953125,9318.276
2010-02-26,9340.0,9316.631
2010-03-01,9385.099609375,9307.17
2010-03-02,9184.400390625,9297.895
2010-03-03,9149.2998046875,9297.963
2010-03-04,9328.900390625,9301.937
2010-03-05,8898.400390625,9305.126
2010-03-08,9180.0,9305.993
2010-03-09,9173.099609375,9303.576
2010-03-10,9169.900390625,9296.904
2010-03-11,9152.900390625,9282.189
2010-03-12,9144.7001953125,9267.25
2010-03-15,9205.900390625,9249.173
2010-03-16,9151.7998046875,9236.756
2010-03-17,9099.5,9213.931
2010-03-18,9120.2998046875,9193.978
2010-03-19,9110.400390625,9173.815
2010-03-22,9115.400390625,9155.028
2010-03-23,9144.599609375,9138.5625
2010-03-24,9114.7001953125,9137.095
2010-03-25,9132.599609375,9137.683
2010-03-26,9112.900390625,9128.483
2010-03-28,9073.0,9139.996
2010-03-29,9075.400390625,9135.3
2010-03-30,9103.0,9131.96
2010-03-31,9041.400390625,9126.933
2010-04-01,9094.900390625,9123.882
2010-04-04,9052.7998046875,9120.398
2010-04-05,9037.2998046875,9113.639
2010-04-06,9054.5,9110.117
2010-04-07,9057.7001953125,9109.84
2010-04-08,8992.900390625,9106.024
2010-04-11,9011.0,9103.993
2010-04-12,9009.5,9099.1455
2010-04-13,9011.400390625,9092.338
2010-04-14,9001.099609375,9087.343
2010-04-15,9006.099609375,9082.516
2010-04-18,9016.400390625,9076.812
2010-04-19,9017.7998046875,9073.153
2010-04-20,9023.2998046875,9068.544
2010-04-21,9104.2998046875,9063.6875
2010-04-22,9004.0,9060.689
2010-04-25,8961.900390625,9056.07
2010-04-26,9096.099609375,9053.191
2010-04-27,9022.400390625,9051.387
2010-04-28,9002.5,9049.728
2010-04-29,9028.7001953125,9051.723
2010-05-02,9021.099609375,9053.148
2010-05-03,9069.7001953125,9052.302
2010-05-04,9116.5,9055.398
2010-05-05,9273.400390625,9056.6875
2010-05-06,9220.2998046875,9058.121
2010-05-09,9203.2001953125,9059.069
2010-05-10,9186.7001953125,9058.622
2010-05-11,9179.0,9059.851
2010-05-12,9103.7001953125,9063.552
2010-05-13,9104.2001953125,9071.792
2010-05-16,9078.7998046875,9083.231
2010-05-17,9283.5,9096.963
2010-05-18,9123.900390625,9106.868
2010-05-19,9121.099609375,9119.988
2010-05-20,9260.599609375,9134.706
2010-05-23,9282.400390625,9146.647
2010-05-24,9283.900390625,9150.962
2010-05-25,9376.2001953125,9159.005
2010-05-26,9215.0,9156.091
2010-05-27,9295.599609375,9145.921
2010-05-30,9284.599609375,9142.147
2010-05-31,9245.099609375,9144.465
2010-06-01,9242.099609375,9154.024
2010-06-02,9237.5,9170.03
2010-06-03,9282.7001953125,9182.896
2010-06-06,9318.099609375,9199.788
2010-06-07,9223.400390625,9217.082
2010-06-08,9281.2001953125,9223.354
2010-06-09,9193.400390625,9234.063
2010-06-10,9196.599609375,9241.609
2010-06-13,9205.2001953125,9239.918
2010-06-14,9141.0,9239.041
2010-06-15,9163.2998046875,9234.907
2010-06-16,9142.900390625,9228.004
2010-06-17,9071.5,9226.607
2010-06-20,8997.900390625,9221.941
2010-06-21,9012.0,9217.006
2010-06-22,8979.5,9211.152
2010-06-23,9065.5,9203.489
2010-06-24,9065.599609375,9193.496
2010-06-27,9059.099609375,9177.353
2010-06-28,9077.099609375,9155.825
2010-06-29,9044.7998046875,9138.29
2010-06-30,9035.7001953125,9117.189
2010-07-01,9062.7001953125,9105.632
2010-07-04,9085.099609375,9093.904
2010-07-05,9023.599609375,9082.767
2010-07-06,9060.2998046875,9075.82
2010-07-07,9044.900390625,9068.196
2010-07-08,9034.099609375,9064.376
2010-07-11,9072.099609375,9065.61
2010-07-12,8977.900390625,9070.525
2010-07-13,9018.7998046875,9072.181
2010-07-14,9037.400390625,9075.156
2010-07-15,9034.0,9073.646
2010-07-18,9079.5,9072.143
2010-07-19,9037.7001953125,9072.342
2010-07-20,9090.599609375,9068.787
2010-07-21,8995.5,9067.099
2010-07-22,8977.5,9065.77
2010-07-25,8917.099609375,9063.911
2010-07-26,8921.900390625,9063.339
2010-07-27,9025.0,9063.711
2010-07-28,8970.599609375,9064.572
2010-07-29,8923.599609375,9063.146
2010-08-01,8831.7998046875,9061.725
2010-08-02,8798.2998046875,9056.004
2010-08-03,8798.099609375,9053.224
2010-08-04,8942.099609375,9051.161
2010-08-05,8925.7998046875,9046.927
2010-08-08,8863.5,9040.396
2010-08-09,8935.599609375,9028.072
2010-08-10,8883.2998046875,9015.548
2010-08-11,9005.7001953125,9001.303
2010-08-12,9026.7998046875,8996.607
2010-08-15,8954.7001953125,8993.491
2010-08-16,8924.599609375,8988.91
2010-08-17,8880.2001953125,8985.751
2010-08-18,8896.099609375,8978.386
2010-08-19,8928.599609375,8979.694
2010-08-22,8997.900390625,8987.071
2010-08-23,8867.0,8996.194
2010-08-24,8977.4501953125,9002.773
2010-08-25,8878.0,9006.94
2010-08-26,8987.4501953125,9006.066
2010-08-29,9014.9501953125,9007.361
2010-08-30,8918.0,9013.02
2010-08-31,9014.2001953125,9010.121
2010-09-01,9004.900390625,9011.16
2010-09-02,8991.0,9004.416
2010-09-05,8982.2998046875,9002.25
2010-09-06,8999.2001953125,9005.297
2010-09-07,9032.0,9007.8
2010-09-08,9005.900390625,9013.231
2010-09-09,9032.900390625,9017.894
2010-09-12,9016.900390625,9021.797
2010-09-13,8997.7001953125,9023.489
2010-09-14,8987.2998046875,9030.285
2010-09-15,8974.599609375,9033.155
2010-09-16,8931.0,9039.014
2010-09-19,8970.7001953125,9041.97
2010-09-20,8982.400390625,9042.904
2010-09-21,8875.2998046875,9046.388
2010-09-22,8918.400390625,9045.9
2010-09-23,8965.599609375,9045.298
2010-09-26,8859.400390625,9042.898
2010-09-27,8971.400390625,9041.51
2010-09-28,8952.2001953125,9039.417
2010-09-29,8931.7998046875,9032.317
2010-09-30,8934.7001953125,9026.639
2010-10-03,8920.099609375,9021.519
2010-10-04,8933.0,9014.007
2010-10-05,8829.7001953125,9011.556
2010-10-06,8871.5,9009.106
2010-10-07,8912.900390625,9006.699
2010-10-10,8887.0,9006.009
2010-10-11,8995.2998046875,9004.528
2010-10-12,8910.2998046875,9002.625
2010-10-13,8878.099609375,9001.53
2010-10-14,8904.2001953125,8999.507
2010-10-17,8949.0,8996.132
2010-10-18,8948.7998046875,8996.066
2010-10-19,8965.400390625,8995.572
2010-10-20,8820.0,8993.4795
2010-10-21,8849.5,8990.707
2010-10-24,8908.2998046875,8989.099
2010-10-25,8933.599609375,8991.219
2010-10-26,8913.7001953125,8993.327
2010-10-27,8923.7998046875,9000.138
2010-10-28,8923.7998046875,8999.34
2010-11-02,8906.7001953125,8995.584
2010-11-03,8827.900390625,8994.523
2010-11-04,8772.599609375,8992.59
2010-11-05,8909.9501953125,8993.022
2010-11-08,8900.0,8994.412
2010-11-09,8904.4501953125,8993.204
2010-11-10,8805.0,8990.753
2010-11-11,8779.599609375,8987.186
2010-11-12,8798.0,8981.403
2010-11-15,8924.4501953125,8983.447
2010-11-16,8967.4501953125,8984.455
2010-11-17,8856.0,8983.516
2010-11-18,8846.0,8978.08
2010-11-19,8843.0,8971.092
2010-11-22,8748.2001953125,8964.403
2010-11-23,8929.4501953125,8962.802
2010-11-24,8966.2998046875,8965.977
2010-11-25,8962.4501953125,8968.045
2010-11-26,8967.4501953125,8970.482
2010-11-29,9000.0,8966.829
2010-11-30,9015.4501953125,8961.672
2010-12-01,9033.9501953125,8963.508
2010-12-02,9018.4501953125,8971.032
2010-12-03,8916.0,8978.491
2010-12-06,9017.4501953125,8984.546
2010-12-07,9009.9501953125,8988.137
2010-12-08,8990.0,8991.867
2010-12-09,9020.0,9004.111
2010-12-10,9018.0,9016.325
2010-12-13,9021.9501953125,9022.818
2010-12-14,9015.0,9034.139
2010-12-15,9009.4501953125,9037.868
2010-12-16,9022.4501953125,9040.191
2010-12-17,8938.0,9042.599
2010-12-20,9034.4501953125,9044.205
2010-12-21,8943.0,9044.29
2010-12-22,9041.9501953125,9044.559
2010-12-23,9041.599609375,9044.88
2010-12-24,9038.900390625,9045.972
2010-12-27,9041.9501953125,9047.229
2010-12-28,8939.0,9047.751
2010-12-29,9017.4501953125,9044.827
2010-12-30,9001.4501953125,9046.264
2010-12-31,8886.0,9046.146
2011-01-03,9009.9501953125,9047.034
2011-01-04,8989.9501953125,9047.853
2011-01-05,8886.0,9045.6875
2011-01-06,8983.9501953125,9046.309
2011-01-07,9015.7998046875,9046.242
2011-01-10,9027.4501953125,9045.35
2011-01-11,9050.9501953125,9043.282
2011-01-12,8935.7001953125,9043.2295
2011-01-13,9040.0,9035.626
2011-01-14,9049.9501953125,9031.074
2011-01-17,8901.7998046875,9028.646
2011-01-18,9060.0,9027.41
2011-01-19,9053.9501953125,9032.385
2011-01-20,8948.0,9030.966
2011-01-21,8911.2001953125,9032.758
2011-01-24,8947.599609375,9039.853
2011-01-25,9050.0,9038.854
2011-01-26,9036.4501953125,9042.587
2011-01-27,8920.599609375,9048.678
2011-01-28,9026.9501953125,9047.388
2011-01-31,8935.599609375,9043.204
2011-02-01,8958.0,9039.192
2011-02-02,9000.0,9037.3125
2011-02-03,9020.9501953125,9041.003
2011-02-04,8921.0,9037.066
2011-02-07,8852.2998046875,9035.107
2011-02-08,8823.599609375,9034.673
2011-02-09,8900.0,9030.656
2011-02-10,8929.9501953125,9029.674
2011-02-11,8925.0,9033.521
2011-02-14,8763.7001953125,9033.473
2011-02-15,8914.4501953125,9028.884
2011-02-16,8815.0,9018.521
2011-02-17,8894.9501953125,9010.614
2011-02-18,8780.0,9009.223
2011-02-21,8610.2001953125,9004.236
2011-02-22,8750.0,8997.013
2011-02-23,8876.4501953125,8990.024
2011-02-24,8872.0,8980.158
2011-02-25,8865.0,8974.396
2011-02-28,8841.4501953125,8970.682
2011-03-01,8821.4501953125,8963.209
2011-03-02,8798.0,8958.464
2011-03-03,8812.4501953125,8953.805
2011-03-04,8805.4501953125,8949.589
2011-03-07,8616.2998046875,8944.8955
2011-03-08,8785.9501953125,8947.567
2011-03-09,8786.0,8941.59
2011-03-10,8760.0,8941.597
2011-03-11,8783.4501953125,8941.711
2011-03-14,8776.9501953125,8945.199
2011-03-15,8762.4501953125,8948.424
2011-03-16,8775.0,8948.03
2011-03-17,8760.5,8942.439
2011-03-18,8770.0,8937.06
2011-03-21,8584.2001953125,8931.954
2011-03-22,8720.0,8928.453
2011-03-23,8721.0,8924.746
2011-03-24,8721.4501953125,8923.186
2011-03-25,8710.0,8922.286
2011-03-27,8633.7998046875,8921.52
2011-03-28,8718.2001953125,8923.206
2011-03-29,8688.900390625,8919.675
2011-03-30,8700.0,8916.65
2011-03-31,8718.5,8914.866
2011-04-03,8665.900390625,8911.002
2011-04-04,8645.900390625,8905.817
2011-04-05,8653.2998046875,8901.833
2011-04-06,8636.7001953125,8898.303
2011-04-07,8643.099609375,8896.058
2011-04-10,8616.7001953125,8894.64
2011-04-11,8655.400390625,8897.513
2011-04-12,8617.099609375,8894.863
2011-04-13,8668.5,8892.473
2011-04-17,8637.900390625,8889.883
2011-04-18,8657.7001953125,8887.74
2011-04-19,8667.400390625,8887.3955
2011-04-20,8633.599609375,8883.936
2011-04-21,8640.5,8880.896
2011-04-24,8622.900390625,8878.66
2011-04-25,8623.5,8875.651
2011-04-26,8616.400390625,8875.005
2011-04-27,8566.2998046875,8875.485
2011-04-28,8553.2998046875,8875.276
2011-05-01,8568.400390625,8875.56
2011-05-02,8561.400390625,8875.444
2011-05-03,8558.900390625,8875.833
2011-05-04,8535.599609375,8874.886
2011-05-05,8580.099609375,8873.919
2011-05-08,8618.2998046875,8870.452
2011-05-09,8522.0,8868.292
2011-05-10,8530.900390625,8865.246
2011-05-11,8586.2001953125,8861.714
2011-05-12,8549.099609375,8858.638
2011-05-15,8553.0,8855.946
2011-05-16,8592.400390625,8854.72
2011-05-17,8372.7001953125,8851.913
2011-05-18,8540.900390625,8849.294
2011-05-19,8552.0,8849.755
2011-05-22,8419.5,8849.689
2011-05-23,8600.0,8849.307
2011-05-24,8405.7998046875,8850.318
2011-05-25,8591.9501953125,8846.43
2011-05-26,8575.0,8846.0625
2011-05-29,8559.9501953125,8845.093
2011-05-30,8544.4501953125,8840.201
2011-05-31,8537.900390625,8840.636
2011-06-01,8540.0,8838.611
2011-06-02,8540.099609375,8836.336
2011-06-05,8520.4501953125,8837.231
2011-06-06,8500.0,8837.056
2011-06-07,8515.4501953125,8835.347
2011-06-08,8490.599609375,8840.719
2011-06-09,8520.0,8840.366
2011-06-12,8517.4501953125,8840.742
2011-06-13,8539.4501953125,8844.413
2011-06-14,8533.9501953125,8842.009
2011-06-15,8521.599609375,8845.312
2011-06-16,8610.0,8842.286
2011-06-19,8386.7998046875,8840.248
2011-06-20,8611.400390625,8838.713
2011-06-21,8600.0,8838.146
2011-06-22,8580.0,8837.704
2011-06-23,8599.9501953125,8837.12
2011-06-26,8599.9501953125,8838.239
2011-06-27,8625.0,8835.915
2011-06-28,8620.0,8838.029
2011-06-29,8616.9501953125,8840.663
2011-06-30,8568.0,8842.928
2011-07-03,8545.4501953125,8845.173
2011-07-04,8522.4501953125,8847.84
2011-07-05,8537.4501953125,8849.563
2011-07-06,8535.2998046875,8852.863
2011-07-07,8533.4501953125,8856.534
2011-07-10,8512.4501953125,8856.441
2011-07-11,8525.9501953125,8861.012
2011-07-12,8566.9501953125,8859.347
2011-07-13,8550.0,8858.196
2011-07-14,8531.9501953125,8857.036
2011-07-17,8366.099609375,8854.768
2011-07-18,8563.599609375,8851.782
2011-07-19,8540.0,8848.249
2011-07-20,8530.0,8845.631
2011-07-21,8537.0,8842.995
2011-07-24,8526.9501953125,8841.808
2011-07-25,8522.9501953125,8838.249
2011-07-26,8500.0,8838.697
2011-07-27,8482.0,8838.541
2011-07-28,8495.0,8838.411
2011-07-31,8499.9501953125,8838.179
2011-08-01,8433.599609375,8838.595
2011-08-02,8467.4501953125,8837.514
2011-08-03,8325.2001953125,8836.382
2011-08-04,8472.400390625,8835.045
2011-08-07,8514.9501953125,8834.55
2011-08-08,8478.2998046875,8838.411
2011-08-09,8517.599609375,8835.01
2011-08-10,8500.2998046875,8832.9
2011-08-11,8509.2998046875,8828.319
2011-08-14,8542.9501953125,8825.662
2011-08-15,8292.7001953125,8824.722
2011-08-16,8358.7001953125,8823.488
2011-08-17,8374.2001953125,8823.252
2011-08-18,8560.0,8823.833
2011-08-21,8339.2998046875,8823.751
2011-08-22,8537.0,8825.045
2011-08-23,8543.0,8823.472
2011-08-24,8550.0,8820.626
2011-08-25,8600.0,8822.132
2011-08-28,8532.9501953125,8823.336
2011-08-29,8520.0,8819.783
2011-08-30,8532.9501953125,8820.443
2011-08-31,8532.9501953125,8819.775
2011-09-01,8490.0,8820.604
2011-09-04,8402.0,8822.941
2011-09-05,8379.5,8823.979
2011-09-06,8552.9501953125,8829.06
2011-09-07,8535.0,8833.718
2011-09-08,8567.9501953125,8838.88
2011-09-11,8491.7001953125,8838.167
2011-09-12,8572.2998046875,8840.977
2011-09-13,8631.0,8837.269
2011-09-14,8719.9501953125,8836.3125
2011-09-15,8809.0,8835.178
2011-09-18,8764.9501953125,8833.245
2011-09-19,8822.400390625,8832.023
2011-09-20,8812.7001953125,8832.15
2011-09-21,8840.900390625,8834.604
2011-09-22,8762.9501953125,8839.965
2011-09-25,8779.9501953125,8849.567
2011-09-26,9080.0,8861.403
2011-09-27,8904.9501953125,8874.821
2011-09-28,8889.9501953125,8885.642
2011-09-29,8952.599609375,8898.324
2011-10-02,8789.9501953125,8908.318
2011-10-03,8897.4501953125,8920.315
2011-10-04,8622.0,8936.215
2011-10-05,8956.2998046875,8948.633
2011-10-09,8897.4501953125,8958.647
2011-10-10,8892.4501953125,8965.718
2011-10-11,8717.0,8969.516
2011-10-12,8857.599609375,8974.359
2011-10-13,8869.9501953125,8973.196
2011-10-16,8637.599609375,8974.898
2011-10-17,8880.2001953125,8978.928
2011-10-18,8880.0,8981.312
2011-10-19,8840.7998046875,8966.335
2011-10-20,8824.9501953125,8961.78
2011-10-23,8859.9501953125,8958.487
2011-10-24,8839.9501953125,8949.621
2011-10-25,8849.9501953125,8953.152
2011-10-26,8872.9501953125,8951.434
2011-10-27,8854.599609375,8958.059
2011-10-31,8624.2001953125,8951.724
2011-11-01,8825.599609375,8949.895
2011-11-02,8866.5,8946.983
2011-11-03,8900.7001953125,8952.533
2011-11-04,8943.599609375,8955.141
2011-11-07,8949.9501953125,8955.399
2011-11-08,8954.9501953125,8958.143
2011-11-09,8915.0,8953.851
2011-11-10,8889.9501953125,8952.266
2011-11-11,8969.9501953125,8952.887
2011-11-14,8967.9501953125,8956.757
2011-11-15,8964.9501953125,8959.716
2011-11-16,8994.9501953125,8964.06
2011-11-17,8993.4501953125,8970.442
2011-11-18,8972.7001953125,8975.79
2011-11-21,9019.9501953125,8983.778
2011-11-22,9024.9501953125,8998.837
2011-11-23,9044.9501953125,9006.034
2011-11-24,9016.900390625,9011.686
2011-11-25,8962.400390625,9015.564
2011-11-28,9054.9501953125,9017.441
2011-11-29,9114.9501953125,9021.892
2011-11-30,9120.5,9026.841
2011-12-01,9076.7001953125,9033.883
2011-12-02,8994.9501953125,9040.388
2011-12-05,9014.9501953125,9041.595
2011-12-06,9016.599609375,9045.334
2011-12-07,9034.9501953125,9051.924
2011-12-08,9027.400390625,9058.976
2011-12-09,8994.9501953125,9064.505
2011-12-12,9035.7001953125,9066.783
2011-12-13,9049.9501953125,9066.849
2011-12-14,9112.099609375,9067.383
2011-12-15,9100.0,9068.653
2011-12-16,9089.9501953125,9069.332
2011-12-19,9016.5,9069.722
2011-12-20,9114.2998046875,9065.643
2011-12-21,9047.599609375,9060.45
2011-12-22,9043.5,9059.878
2011-12-23,9136.5,9062.217
2011-12-26,9040.0,9067.643
2011-12-27,9038.400390625,9069.144
2011-12-28,9062.0,9074.145
2011-12-29,9044.400390625,9076.53
2011-12-30,8854.7998046875,9079.307
2012-01-02,9055.0,9085.103
2012-01-03,8903.7998046875,9085.525
2012-01-04,9115.0,9084.429
2012-01-05,9115.7998046875,9080.962
2012-01-06,9110.0,9078.471
2012-01-09,9058.400390625,9069.932
2012-01-10,9146.0,9069.293
2012-01-11,9145.0,9059.346
2012-01-12,9190.0,9059.116
2012-01-13,9150.0,9059.255
2012-01-16,9052.900390625,9058.041
2012-01-17,9099.900390625,9058.78
2012-01-18,9070.0,9064.161
2012-01-19,9008.099609375,9070.889
2012-01-20,8945.0,9082.942
2012-01-23,8920.0,9099.278
2012-01-24,8920.0,9103.339
2012-01-25,8958.0,9113.805
2012-01-26,9050.599609375,9112.52
2012-01-27,9074.0,9109.474
2012-01-30,8952.0,9102.121
2012-01-31,9074.0,9093.638
2012-02-01,8981.900390625,9078.7705
2012-02-02,8980.0,9064.474
2012-02-03,8958.7998046875,9052.545
2012-02-06,8928.099609375,9045.747
2012-02-08,8930.0,9039.46
2012-02-09,8851.5,9036.817
2012-02-10,8920.0,9034.074
2012-02-13,8965.0,9036.079
2012-02-14,8971.5,9039.061
2012-02-15,8998.0,9040.702
2012-02-16,8930.0,9039.665
2012-02-17,8980.0,9034.025
2012-02-20,8983.2001953125,9025.501
2012-02-21,8971.599609375,9018.124
2012-02-22,9030.0,9016.499
2012-02-23,9040.0,9011.96
2012-02-24,9040.0,9009.479
2012-02-27,9020.900390625,9009.135
2012-02-28,9105.0,9011.285
2012-02-29,9005.0,9015.78
2012-03-01,9010.0,9021.657
2012-03-02,9055.0,9030.187
2012-03-05,9055.0,9035.796
2012-03-06,9113.0,9039.276
2012-03-07,9115.0,9046.067
2012-03-08,9085.0,9048.872
2012-03-09,9105.0,9054.262
2012-03-12,9132.4501953125,9058.155
2012-03-13,9133.0,9061.863
2012-03-14,9133.0,9067.817
2012-03-15,9163.0,9072.169
2012-03-16,9163.0,9074.946
2012-03-19,9120.0,9078.413
2012-03-20,9110.0,9084.021
2012-03-21,9145.0,9088.199
2012-03-22,9145.0,9096.574
2012-03-23,9220.0,9105.742
2012-03-25,9150.0,9112.385
2012-03-26,9150.0,9117.307
2012-03-27,9150.0,9118.874
2012-03-28,9150.0,9121.316
2012-03-29,9150.0,9125.563
2012-04-01,9112.0,9132.103
2012-04-02,9118.0,9133.874
2012-04-03,9136.0,9135.57
2012-04-04,9133.0,9136.051
2012-04-05,9085.0,9136.451
2012-04-08,9085.0,9137.954
2012-04-09,9151.5,9139.538
2012-04-10,9149.0,9139.508
2012-04-11,9149.0,9136.929
2012-04-12,9149.0,9134.1455
2012-04-15,9139.9501953125,9126.005
2012-04-16,9155.0,9121.456
2012-04-17,9155.0,9119.266
2012-04-18,9155.0,9118.004
2012-04-19,9154.0,9117.849
2012-04-22,9143.7001953125,9117.818
2012-04-23,9163.0,9119.069
2012-04-24,9163.0,9121.042
2012-04-25,9163.0,9123.752
2012-04-26,9156.7001953125,9127.633
2012-04-29,9188.9501953125,9133.052
2012-04-30,9168.0,9136.844
2012-05-01,9181.2998046875,9137.413
2012-05-02,9165.0,9138.399
2012-05-03,9165.0,9139.79
2012-05-06,9047.599609375,9140.687
2012-05-07,9170.0,9143.245
2012-05-08,9166.0,9144.419
2012-05-09,9213.0,9146.854
2012-05-10,9170.0,9148.293
2012-05-13,9165.0,9149.865
2012-05-14,9238.0,9146.295
2012-05-15,9238.0,9145.781
2012-05-16,9238.0,9143.638
2012-05-17,9217.0,9145.784
2012-05-20,8995.2001953125,9145.602
2012-05-21,9243.0,9143.222
2012-05-22,9210.0,9145.287
2012-05-23,9255.0,9150.16
2012-05-24,9255.0,9159.03
2012-05-27,9287.4501953125,9166.204
2012-05-28,9265.0,9168.312
2012-05-29,9370.0,9171.318
2012-05-30,9410.0,9172.245
2012-05-31,9375.0,9176.366
2012-06-03,9387.4501953125,9179.814
2012-06-04,9375.0,9183.66
2012-06-05,9378.0,9184.069
2012-06-06,9275.0,9194.426
2012-06-07,9355.0,9210.232
2012-06-10,9384.9501953125,9228.045
2012-06-11,9380.0,9257.613
2012-06-12,9405.0,9272.142
2012-06-13,9395.0,9289.144
2012-06-14,9395.0,9298.314
2012-06-17,9293.0,9307.601
2012-06-18,9357.599609375,9312.693
2012-06-19,9375.599609375,9319.182
2012-06-20,9391.0,9318.948
2012-06-21,9399.400390625,9316.21
2012-06-24,9437.4501953125,9317.088
2012-06-25,9409.7998046875,9314.975
2012-06-26,9409.400390625,9316.207
2012-06-27,9413.900390625,9316.725
2012-06-28,9415.2998046875,9324.256
2012-07-01,9368.0,9325.405
2012-07-02,9384.9501953125,9326.108
2012-07-03,9334.9501953125,9326.927
2012-07-04,9344.9501953125,9329.12
2012-07-05,9387.4501953125,9333.329
2012-07-08,9441.9501953125,9338.606
2012-07-09,9379.7001953125,9346.305
2012-07-10,9398.7001953125,9349.238
2012-07-11,9383.900390625,9346.9375
2012-07-12,9414.900390625,9343.331
2012-07-15,9423.0,9339.477
2012-07-16,9419.599609375,9336.189
2012-07-17,9409.2998046875,9332.88
2012-07-18,9419.2001953125,9330.886
2012-07-19,9417.099609375,9328.037
2012-07-22,9425.0,9329.585
2012-07-23,9423.2998046875,9335.145
2012-07-24,9436.5,9340.172
2012-07-25,9452.599609375,9345.674
2012-07-26,9446.2998046875,9350.515
2012-07-29,9430.0,9352.704
2012-07-30,9424.2001953125,9353.176
2012-07-31,9413.5,9356.973
2012-08-01,9412.599609375,9359.834
2012-08-02,9436.7001953125,9363.999
2012-08-05,9443.0,9366.577
2012-08-06,9433.599609375,9368.241
2012-08-07,9437.2001953125,9369.926
2012-08-08,9439.599609375,9371.356
2012-08-09,9441.099609375,9371.844
2012-08-12,9477.4501953125,9372.725
2012-08-13,9454.2001953125,9373.024
2012-08-14,9451.599609375,9372.8545
2012-08-15,9467.0,9371.851
2012-08-16,9459.5,9370.618
2012-08-19,9489.9501953125,9371.014
2012-08-20,9459.2998046875,9374.576
2012-08-21,9465.0,9377.783
2012-08-22,9465.0,9381.468
2012-08-23,9463.2998046875,9385.36
2012-08-26,9480.0,9387.89
2012-08-27,9485.0,9391.765
2012-08-28,9505.400390625,9394.857
2012-08-29,9517.7001953125,9397.541
2012-08-30,9514.7998046875,9399.586
2012-09-02,9534.9501953125,9401.437
2012-09-03,9505.400390625,9401.893
2012-09-04,9541.7001953125,9404.051
2012-09-05,9540.400390625,9407.04
2012-09-06,9535.7001953125,9410.344
2012-09-09,9541.900390625,9414.62
2012-09-10,9547.900390625,9419.041
2012-09-11,9548.400390625,9424.784
2012-09-12,9538.599609375,9432.248
2012-09-13,9548.599609375,9439.428
2012-09-16,9480.0,9446.718
2012-09-17,9434.7001953125,9452.087
2012-09-18,9474.0,9457.381
2012-09-19,9508.7998046875,9461.106
2012-09-20,9510.599609375,9464.036
2012-09-23,9520.0,9467.09
2012-09-24,9533.099609375,9465.579
2012-09-25,9545.400390625,9462.708
2012-09-26,9555.599609375,9457.009
2012-09-27,9546.099609375,9452.103
2012-09-30,9569.9501953125,9447.594
2012-10-01,9550.2001953125,9442.467
2012-10-02,9551.400390625,9437.099
2012-10-03,9557.2001953125,9434.675
2012-10-04,9562.2998046875,9436.518
2012-10-07,9407.2001953125,9439.994
2012-10-08,9561.900390625,9449.583
2012-10-09,9563.7001953125,9460.043
2012-10-10,9562.099609375,9467.669
2012-10-11,9553.7001953125,9473.012
2012-10-14,9577.4501953125,9478.217
2012-10-15,9561.599609375,9474.46
2012-10-16,9555.7001953125,9474.647
2012-10-17,9545.5,9472.682
2012-10-18,9559.400390625,9472.464
2012-10-21,9592.4501953125,9470.399
2012-10-22,9576.099609375,9468.665
2012-10-23,9579.2001953125,9469.127
2012-10-24,9581.5,9472.582
2012-10-25,9577.099609375,9475.452
2012-10-29,9604.9501953125,9478.3955
2012-10-30,9575.599609375,9490.892
2012-10-31,9586.2998046875,9491.971
2012-11-01,9576.400390625,9493.023
2012-11-02,9591.5,9494.44
2012-11-05,9469.2001953125,9496.895
2012-11-06,9591.400390625,9499.916
2012-11-07,9591.0,9503.149
2012-11-08,9575.7001953125,9506.644
2012-11-09,9601.7998046875,9509.503
2012-11-12,9443.599609375,9511.92
2012-11-13,9590.099609375,9505.94
2012-11-14,9595.400390625,9505.533
2012-11-15,9595.2998046875,9503.484
2012-11-16,9595.5,9502.567
2012-11-19,9624.9501953125,9501.592
2012-11-20,9600.2998046875,9491.988
2012-11-21,9603.900390625,9490.667
2012-11-22,9605.5,9490.308
2012-11-23,9598.0,9492.976
2012-11-26,9612.4501953125,9493.13
2012-11-27,9571.099609375,9502.172
2012-11-28,9571.7001953125,9502.732
2012-11-29,9571.5,9507.792
2012-11-30,9571.400390625,9513.696
2012-12-03,9569.0,9517.656
2012-12-05,9573.599609375,9530.233
2012-12-06,9570.7998046875,9530.292
2012-12-07,9580.900390625,9528.866
2012-12-10,9612.4501953125,9526.337
2012-12-11,9600.7998046875,9523.516
2012-12-12,9606.099609375,9518.138
2012-12-13,9601.7998046875,9514.332
2012-12-14,9606.099609375,9509.707
2012-12-17,9612.4501953125,9506.223
2012-12-18,9611.7998046875,9505.414
2012-12-19,9615.7001953125,9504.761
2012-12-20,9622.2998046875,9508.189
2012-12-21,9624.0,9511.587
2012-12-24,9610.0,9515.793
2012-12-25,9632.7998046875,9520.683
2012-12-26,9630.5,9525.704
2012-12-27,9629.0,9529.912
2012-12-28,9633.900390625,9534.152
2012-12-31,9612.4501953125,9537.505
2013-01-01,9609.0,9538.416
2013-01-02,9609.0,9541.224
2013-01-03,9622.5,9543.563
2013-01-04,9626.2998046875,9546.508
2013-01-07,9770.0,9549.106
2013-01-08,9639.099609375,9550.132
2013-01-09,9641.2001953125,9550.663
2013-01-10,9632.099609375,9550.601
2013-01-11,9631.7001953125,9550.334
2013-01-14,9612.4501953125,9549.884
2013-01-15,9606.7998046875,9557.807
2013-01-16,9621.599609375,9559.38
2013-01-17,9626.2001953125,9563.971
2013-01-18,9621.7998046875,9565.965
2013-01-21,9682.0,9569.701
2013-01-22,9589.400390625,9572.782
2013-01-23,9591.599609375,9574.764
2013-01-24,9596.900390625,9572.61
2013-01-25,9597.5,9569.423
2013-01-28,9612.4501953125,9564.794
2013-01-29,9649.7998046875,9555.62
2013-01-30,9650.0,9552.733
2013-01-31,9659.7001953125,9550.249
2013-02-01,9669.900390625,9547.772
2013-02-04,9612.4501953125,9546.125
2013-02-05,9642.7001953125,9545.594
2013-02-06,9647.900390625,9546.224
2013-02-07,9682.099609375,9545.492
2013-02-08,9666.0,9546.79
2013-02-11,9612.4501953125,9550.238
2013-02-12,9593.099609375,9549.695
2013-02-13,9617.7001953125,9557.032
2013-02-14,9618.5,9563.201
2013-02-15,9631.599609375,9570.695
2013-02-18,9645.0,9576.267
2013-02-19,9652.599609375,9577.258
2013-02-20,9674.900390625,9573.526
2013-02-21,9655.5,9570.611
2013-02-22,9674.5,9567.288
2013-02-25,9684.0,9563.853
2013-02-26,9676.400390625,9563.065
2013-02-27,9678.5,9560.512
2013-02-28,9657.2998046875,9560.162
2013-03-01,9633.7998046875,9559.319
2013-03-04,9612.4501953125,9562.747
2013-03-05,9677.5,9570.458
2013-03-06,9663.7998046875,9579.356
2013-03-07,9658.7998046875,9586.305
2013-03-08,9663.900390625,9591.329
2013-03-11,9612.4501953125,9593.208
2013-03-12,9668.599609375,9591.982
2013-03-13,9668.0,9592.007
2013-03-14,9661.7998046875,9589.774
2013-03-15,9673.400390625,9588.468
2013-03-18,9675.7998046875,9585.444
2013-03-19,9682.5,9580.246
2013-03-20,9682.7001953125,9578.856
2013-03-21,9695.2001953125,9578.62
2013-03-22,9703.2001953125,9580.287
2013-03-25,9612.4501953125,9583.131
2013-03-26,9705.0,9586.695
2013-03-27,9702.2001953125,9587.248
2013-03-28,9694.7998046875,9590.088
2013-03-29,9688.599609375,9594.321
2013-03-31,9612.4501953125,9598.894
2013-04-01,9715.0,9601.625
2013-04-02,9707.5,9604.3545
2013-04-03,9718.2001953125,9606.075
2013-04-04,9720.0,9609.394
2013-04-07,9728.2998046875,9610.704
2013-04-08,9719.0,9607.548
2013-04-09,9690.400390625,9607.77
2013-04-10,9661.400390625,9609.032
2013-04-11,9674.2998046875,9611.761
2013-04-14,9683.5,9613.593
2013-04-15,9683.400390625,9621.525
2013-04-16,9688.099609375,9623.648
2013-04-17,9680.900390625,9626.646
2013-04-18,9684.900390625,9628.145
2013-04-21,9688.0,9628.69
2013-04-22,9688.7001953125,9632.463
2013-04-23,9694.7001953125,9628.441
2013-04-24,9688.7998046875,9624.218
2013-04-25,9689.400390625,9618.778
2013-04-28,9612.4501953125,9614.081
2013-04-29,9691.5,9610.527
2013-04-30,9694.099609375,9608.911
2013-05-01,9695.0,9609.99
2013-05-02,9708.2001953125,9612.428
2013-05-05,9612.4501953125,9613.841
2013-05-06,9705.599609375,9610.45
2013-05-07,9705.599609375,9609.955
2013-05-08,9705.0,9608.888
2013-05-09,9702.0,9609.364
2013-05-12,9709.0,9609.744
2013-05-13,9708.7001953125,9605.375
2013-05-14,9708.099609375,9605.153
2013-05-15,9718.2001953125,9605.617
2013-05-16,9720.5,9608.728
2013-05-19,9731.0,9610.863
2013-05-20,9727.7001953125,9617.402
2013-05-21,9734.2998046875,9618.673
2013-05-22,9736.900390625,9621.7
2013-05-23,9744.0,9625.424
2013-05-26,9744.0,9628.382
2013-05-27,9760.2001953125,9637.057
2013-05-28,9763.7998046875,9639.385
2013-05-29,9772.900390625,9642.43
2013-05-30,9778.2001953125,9645.789
2013-06-02,9612.4501953125,9650.03
2013-06-03,9776.599609375,9653.9
2013-06-04,9769.900390625,9658.761
2013-06-05,9762.7998046875,9663.791
2013-06-06,9764.5,9669.066
2013-06-09,9764.5,9674.634
2013-06-10,9764.5,9670.796
2013-06-11,9764.5,9673.612
2013-06-12,9831.2998046875,9673.752
2013-06-13,9854.5,9676.013
2013-06-16,9612.4501953125,9676.321
2013-06-17,9859.2998046875,9676.428
2013-06-18,9877.2001953125,9675.966
2013-06-19,9880.2001953125,9678.519
2013-06-20,9897.400390625,9684.651
2013-06-23,9612.4501953125,9692.447
2013-06-24,9901.7998046875,9698.0625
2013-06-25,9892.0,9702.983
2013-06-26,9895.7998046875,9707.34
2013-06-27,9897.2001953125,9719.093
2013-06-30,9612.4501953125,9732.288
2013-07-01,9898.2001953125,9729.757
2013-07-02,9903.2001953125,9736.88
2013-07-03,9910.7001953125,9745.025
2013-07-04,9911.0,9755.89
2013-07-07,9918.0,9762.635
2013-07-08,9926.7998046875,9767.259
2013-07-09,9928.7998046875,9763.354
2013-07-10,9935.400390625,9762.716
2013-07-11,9968.0,9769.099
2013-07-14,9612.4501953125,9773.025
2013-07-15,9989.2001953125,9792.724
2013-07-16,10007.0,9793.249
2013-07-17,10017.0,9802.623
2013-07-18,10032.0,9813.511
2013-07-21,9612.4501953125,9825.211
2013-07-22,10037.0,9832.766
2013-07-23,10171.0,9834.911
2013-07-24,10303.0,9834.154
2013-07-25,10240.0,9842.061
2013-07-28,10269.0,9851.302
2013-07-29,10244.0,9838.843
2013-07-30,10244.0,9839.702
2013-07-31,10250.0,9853.397
2013-08-01,10252.0,9887.4375
2013-08-04,10029.0,9918.398
2013-08-05,10256.0,9971.23
2013-08-06,10257.0,9998.528
2013-08-07,10257.0,10038.423
2013-08-08,10256.0,10079.279
2013-08-11,10262.0,10117.186
2013-08-12,10309.0,10157.145
2013-08-13,10308.0,10169.878
2013-08-14,10265.0,10168.209
2013-08-15,10390.0,10162.475
2013-08-18,10509.0,10161.732
2013-08-19,10664.0,10159.79
2013-08-20,10657.0,10163.984
2013-08-21,10747.0,10175.494
2013-08-22,10790.0,10185.358
2013-08-25,11005.0,10201.031
2013-08-26,10817.0,10239.127
2013-08-27,10897.0,10275.753
2013-08-28,10917.0,10320.065
2013-08-29,10908.0,10374.541
2013-09-01,10895.0,10437.043
2013-09-02,10950.0,10518.937
2013-09-03,11037.0,10592.64
2013-09-04,11097.0,10669.024
2013-09-05,11098.0,10738.6875
2013-09-08,11150.0,10797.439
2013-09-09,11132.0,10842.417
2013-09-10,11210.0,10875.571
2013-09-11,11318.0,10907.039
2013-09-12,11322.0,10937.306
2013-09-15,11213.0,10967.044
2013-09-16,11349.0,10988.189
2013-09-17,11417.0,11023.499
2013-09-18,11449.0,11060.276
2013-09-19,11255.0,11104.182
2013-09-22,11325.0,11151.967
2013-09-23,11417.0,11193.75
2013-09-24,11443.0,11234.361
2013-09-25,11457.0,11271.733
2013-09-26,11453.0,11311.96
2013-09-29,11552.0,11341.572
2013-09-30,11552.0,11363.735
2013-10-01,11476.0,11386.294
2013-10-02,11503.0,11408.653
2013-10-03,11500.0,11426.232
2013-10-06,11480.0,11440.969
2013-10-08,11489.0,11466.313
2013-10-09,11504.0,11486.408
2013-10-10,11463.0,11503.455
2013-10-13,10787.0,11518.671
2013-10-14,11337.0,11543.766
2013-10-15,11339.0,11560.758
2013-10-16,11339.0,11569.532
2013-10-17,11303.0,11574.051
2013-10-20,10758.0,11573.376
2013-10-21,11307.0,11534.953
2013-10-22,11264.0,11500.141
2013-10-23,11244.0,11461.431
2013-10-24,11128.0,11440.19
2013-10-28,9612.4501953125,11411.407
2013-10-29,11025.0,11349.726
2013-10-30,11075.0,11307.737
2013-10-31,11147.0,11277.794
2013-11-01,11245.0,11264.656
2013-11-04,11308.0,11243.094
2013-11-05,11327.0,11182.262
2013-11-06,11330.0,11103.757
2013-11-07,11380.0,11033.989
2013-11-08,11363.0,11004.172
2013-11-11,9612.4501953125,10977.959
2013-11-12,11532.0,10995.558
2013-11-13,11565.0,10987.939
2013-11-14,11577.0,11039.387
2013-11-15,11515.0,11103.198
2013-11-18,9612.4501953125,11165.45
2013-11-19,11605.0,11218.872
2013-11-20,11570.0,11218.352
2013-11-21,11629.0,11206.934
2013-11-22,11674.0,11240.438
2013-11-25,9612.4501953125,11252.633
2013-11-26,11719.0,11169.96
2013-11-27,11750.0,11130.462
2013-11-28,11880.0,11137.799
2013-11-29,9612.4501953125,11198.305
2013-12-02,9612.4501953125,11239.305
2013-12-03,9612.4501953125,11289.971
2013-12-04,11885.0,11231.062
2013-12-05,11972.0,11225.131
2013-12-06,9612.4501953125,11288.297
2013-12-09,9610.0,11225.176
2013-12-10,11813.0,11229.956
2013-12-11,11834.0,11030.623
2013-12-12,11878.0,10943.156
2013-12-13,11999.0,10893.348
2013-12-16,11988.0,10773.741
2013-12-17,11973.0,10750.619
2013-12-18,11984.0,10614.94
2013-12-19,12012.0,10628.333
2013-12-20,12118.0,10720.306
2013-12-23,12153.0,10952.106
2013-12-24,12147.0,11198.167
2013-12-25,12148.0,11445.93
2013-12-26,12143.0,11557.223
2013-12-27,12148.0,11647.3125
2013-12-30,12142.0,11871.302
2013-12-31,12217.0,12067.631
2014-01-01,12158.0,12101.964
2014-01-02,12158.0,12133.659
2014-01-03,12102.0,12161.6
2014-01-06,12112.0,12182.474
2014-01-07,12133.0,12203.101
2014-01-08,12065.0,12225.805
2014-01-09,12077.0,12242.953
2014-01-10,12032.0,12256.273
2014-01-13,12017.0,12257.023
2014-01-14,11812.0,12254.816
2014-01-15,11801.0,12253.132
2014-01-16,11828.0,12247.01
2014-01-17,11878.0,12239.711
2014-01-20,11858.0,12226.987
2014-01-21,11897.0,12213.175
2014-01-22,12038.0,12182.832
2014-01-23,12052.0,12150.661
2014-01-24,12093.0,12113.966
2014-01-27,12127.0,12082.876
2014-01-28,12197.0,12050.425
2014-01-29,12093.0,12018.758
2014-01-30,12145.0,12002.386
2014-01-31,12143.0,11995.815
2014-02-03,12150.0,12005.143
2014-02-04,12083.0,12022.488
2014-02-05,11981.0,12062.421
2014-02-06,12020.0,12101.377
2014-02-07,11940.0,12139.372
2014-02-10,12001.0,12169.917
2014-02-11,12026.0,12200.371
2014-02-12,11946.0,12220.796
2014-02-13,11931.0,12220.978
2014-02-14,11876.0,12216.471
2014-02-17,11686.0,12201.519
2014-02-18,11631.0,12185.137
2014-02-19,11840.0,12162.951
2014-02-20,11671.0,12144.801
2014-02-21,11761.0,12122.293
2014-02-24,11686.0,12096.845
2014-02-25,11576.0,12062.69
2014-02-26,11620.0,12025.865
2014-02-27,11666.0,11998.903
2014-02-28,11601.0,11961.278
2014-03-03,11569.0,11931.946
2014-03-04,11656.0,11893.348
2014-03-05,11566.0,11850.143
2014-03-06,11571.0,11816.448
2014-03-07,11410.0,11790.706
2014-03-10,11486.0,11767.198
2014-03-11,11430.0,11753.394
2014-03-12,11485.0,11744.719
2014-03-13,11435.0,11719.179
2014-03-14,11421.0,11708.593
2014-03-17,11296.0,11682.8
2014-03-18,11286.0,11662.374
2014-03-19,11325.0,11644.23
2014-03-20,11310.0,11625.872
2014-03-21,11435.0,11600.294
2014-03-24,11401.0,11577.943
2014-03-25,11361.0,11550.268
2014-03-26,11381.0,11516.27
2014-03-27,11435.0,11489.297
2014-03-28,11381.0,11462.574
2014-03-30,11305.0,11453.419
2014-03-31,11230.0,11438.844
2014-04-01,11285.0,11429.434
2014-04-02,11330.0,11419.74
2014-04-03,11375.0,11421.073
2014-04-06,11310.0,11425.2705
2014-04-07,11295.0,11434.052
2014-04-08,11295.0,11432.768
2014-04-09,11363.0,11425.435
2014-04-10,11415.0,11419.758
2014-04-13,11395.0,11409.515
2014-04-14,11436.0,11398.521
2014-04-15,11410.0,11388.507
2014-04-16,11405.0,11377.544
2014-04-17,11445.0,11371.076
2014-04-20,11445.0,11376.016
2014-04-21,11425.0,11387.599
2014-04-22,11540.0,11405.196
2014-04-23,11610.0,11417.74
2014-04-24,11595.0,11429.173
2014-04-27,11565.0,11441.162
2014-04-28,11580.0,11458.142
2014-04-29,11515.0,11473.662
2014-04-30,11545.0,11492.513
2014-05-01,11520.0,11511.405
2014-05-04,11505.0,11530.817
2014-05-05,11505.0,11552.441
2014-05-06,11510.0,11571.733
2014-05-07,11550.0,11589.898
2014-05-08,11525.0,11609.047
2014-05-11,11505.0,11620.635
2014-05-12,11520.0,11626.642
2014-05-13,11485.0,11629.288
2014-05-14,11370.0,11622.206
2014-05-15,11420.0,11612.664
2014-05-18,11390.0,11605.364
2014-05-19,11400.0,11600.173
2014-05-20,11460.0,11594.716
2014-05-21,11495.0,11592.834
2014-05-25,11590.0,11582.554
2014-05-26,11560.0,11572.795
2014-05-27,11560.0,11559.301
2014-05-28,11630.0,11545.23
2014-05-29,11595.0,11532.768
2014-06-01,11660.0,11520.7295
2014-06-02,11760.0,11519.275
2014-06-03,11770.0,11524.484
2014-06-04,11880.0,11533.888
2014-06-05,11845.0,11552.331
2014-06-08,11815.0,11580.217
2014-06-09,11775.0,11609.162
2014-06-10,11815.0,11644.63
2014-06-11,11805.0,11680.636
2014-06-12,11780.0,11719.756
2014-06-15,11785.0,11757.799
2014-06-16,11815.0,11789.569
2014-06-17,11885.0,11820.426
2014-06-18,12005.0,11851.108
2014-06-19,11925.0,11873.18
2014-06-22,11950.0,11892.237
2014-06-23,11988.0,11901.684
2014-06-24,11995.0,11902.172
2014-06-25,12090.0,11906.389
2014-06-26,12100.0,11913.075
2014-06-29,12020.0,11923.547
2014-06-30,11885.0,11940.211
2014-07-01,11865.0,11961.803
2014-07-02,11900.0,11984.926
2014-07-03,11905.0,12015.564
2014-07-06,11860.0,12047.463
2014-07-07,11725.0,12075.277
2014-07-08,11665.0,12090.489
2014-07-09,11615.0,12094.011
2014-07-10,11570.0,12086.711
2014-07-13,11605.0,12082.411
2014-07-14,11663.0,12069.856
2014-07-15,11720.0,12042.954
2014-07-16,11642.0,12007.849
2014-07-17,11660.0,11960.109
2014-07-20,11615.0,11909.64
2014-07-21,11566.0,11864.335
2014-07-22,11580.0,11829.47
2014-07-23,11485.0,11800.415
2014-07-24,11552.0,11770.563
2014-07-27,11561.0,11746.396
2014-07-28,11561.0,11727.773
2014-07-29,11560.0,11719.723
2014-07-30,11561.0,11715.7705
2014-07-31,11761.0,11707.032
2014-08-03,11861.0,11699.243
2014-08-04,11755.0,11686.858
2014-08-05,11675.0,11671.472
2014-08-06,11758.0,11653.543
2014-08-07,11785.0,11643.201
2014-08-10,11745.0,11645.027
2014-08-11,11700.0,11664.133
2014-08-12,11680.0,11690.293
2014-08-13,11683.0,11712.049
2014-08-14,11670.0,11741.992
2014-08-17,11667.0,11770.208
2014-08-18,11680.0,11798.368
2014-08-19,11663.0,11817.584
2014-08-20,11700.0,11826.961
2014-08-21,11688.0,11831.567
2014-08-24,11660.0,11821.98
2014-08-25,11703.0,11805.431
2014-08-26,11688.0,11795.364
2014-08-27,11665.0,11789.141
2014-08-28,11715.0,11779.84
2014-08-31,11694.0,11770.5625
2014-09-01,11698.0,11764.626
2014-09-02,11743.0,11764.11
2014-09-03,11767.0,11765.258
2014-09-04,11741.0,11765.629
2014-09-07,11722.0,11768.742
2014-09-08,11713.0,11771.244
2014-09-09,11775.0,11773.348
2014-09-10,11805.0,11779.058
2014-09-11,11830.0,11784.864
2014-09-14,11885.0,11791.942
2014-09-15,11925.0,11800.379
2014-09-16,11975.0,11804.339
2014-09-17,11962.0,11812.1045
2014-09-18,11969.0,11824.223
2014-09-21,11983.0,11835.242
2014-09-22,11978.0,11850.8955
2014-09-23,11970.0,11870.6455
2014-09-24,11943.0,11893.546
2014-09-25,11968.0,11917.964
2014-09-28,12050.0,11946.498
2014-09-29,12132.0,11976.582
2014-09-30,12175.0,12006.347
2014-10-01,12130.0,12029.4375
2014-10-02,12112.0,12045.702
2014-10-05,12181.0,12058.242
2014-10-06,12147.0,12069.1
2014-10-07,12218.0,12082.903
2014-10-08,12210.0,12099.224
2014-10-09,12192.0,12117.766
2014-10-12,12210.0,12136.963
2014-10-13,12200.0,12159.608
2014-10-14,12188.0,12183.207
2014-10-15,12227.0,12210.291
2014-10-16,12210.0,12235.339
2014-10-19,12102.0,12256.249
2014-10-20,12008.0,12270.831
2014-10-21,11987.0,12278.796
2014-10-22,11980.0,12284.392
2014-10-23,12032.0,12293.435
2014-10-27,12075.0,12301.58
2014-10-28,12100.0,12299.622
2014-10-29,12137.0,12291.358
2014-10-30,12092.0,12271.61
2014-10-31,12150.0,12248.616
2014-11-03,12070.0,12226.592
2014-11-04,12107.0,12203.726
2014-11-05,12110.0,12184.548
2014-11-06,12175.0,12171.852
2014-11-07,12150.0,12160.382
2014-11-10,12175.0,12158.857
2014-11-11,12145.0,12164.402
2014-11-12,12128.0,12178.632
2014-11-13,12187.0,12191.641
2014-11-14,12187.0,12206.852
2014-11-17,12200.0,12216.897
2014-11-18,12195.0,12224.888
2014-11-19,12125.0,12230.0625
2014-11-20,12102.0,12232.873
2014-11-21,12133.0,12241.524
2014-11-24,12133.0,12246.665
2014-11-25,12133.0,12258.504
2014-11-26,12133.0,12266.289
2014-11-27,12175.0,12270.055
2014-11-28,12175.0,12267.424
2014-12-01,12175.0,12265.676
2014-12-02,12285.0,12261.796
2014-12-03,12285.0,12259.104
2014-12-04,12285.0,12255.455
2014-12-05,12285.0,12250.001
2014-12-08,12285.0,12247.006
2014-12-09,12285.0,12245.9375
2014-12-10,12285.0,12252.463
2014-12-11,12285.0,12267.033
2014-12-12,12463.0,12286.619
2014-12-15,12612.0,12304.194
2014-12-16,12850.0,12322.129
2014-12-17,12705.0,12340.554
2014-12-18,12673.0,12357.314
2014-12-19,12480.0,12369.338
2014-12-22,12435.0,12388.164
2014-12-23,12460.0,12416.656
2014-12-24,12415.0,12457.879
2014-12-25,12470.0,12503.3545
2014-12-26,12470.0,12554.436
2014-12-29,12405.0,12594.723
2014-12-30,12410.0,12627.329
2014-12-31,12420.0,12650.987
2015-01-01,12390.0,12661.085
2015-01-02,12390.0,12662.681
2015-01-05,12480.0,12646.559
2015-01-06,12625.0,12618.373
2015-01-07,12635.0,12580.163
2015-01-08,12720.0,12554.981
2015-01-09,12610.0,12535.014
2015-01-12,12565.0,12527.842
2015-01-13,12558.0,12526.295
2015-01-14,12587.0,12532.284
2015-01-15,12555.0,12548.051
2015-01-16,12469.0,12570.091
2015-01-19,12580.0,12592.082
2015-01-20,12630.0,12617.862
2015-01-21,12562.0,12640.529
2015-01-22,12465.0,12660.649
2015-01-23,12405.0,12676.859
2015-01-26,12423.0,12682.631
2015-01-27,12487.0,12681.25
2015-01-28,12450.0,12673.278
2015-01-29,12455.0,12666.236
2015-01-30,12570.0,12651.486
2015-02-02,12730.0,12638.041
2015-02-03,12645.0,12625.595
2015-02-04,12575.0,12615.632
2015-02-05,12625.0,12602.074
2015-02-06,12587.0,12589.367
2015-02-09,12633.0,12585.862
2015-02-10,12665.0,12588.581
2015-02-11,12727.0,12595.635
2015-02-12,12805.0,12608.468
2015-02-13,12770.0,12628.207
2015-02-16,12677.0,12650.22
2015-02-17,12615.0,12672.454
2015-02-18,12772.0,12688.76
2015-02-19,12810.0,12707.536
2015-02-20,12885.0,12729.852
2015-02-23,12813.0,12746.064
2015-02-24,12860.0,12752.082
2015-02-25,12797.0,12759.794
2015-02-26,12855.0,12775.187
2015-02-27,12857.0,12789.722
2015-03-02,12978.0,12810.937
2015-03-03,12995.0,12825.574
2015-03-04,12970.0,12840.629
2015-03-05,13015.0,12851.428
2015-03-06,12900.0,12862.4375
2015-03-09,13030.0,12875.482
2015-03-10,13073.0,12898.578
2015-03-11,13070.0,12925.483
2015-03-12,13175.0,12943.258
2015-03-13,13170.0,12961.866
2015-03-16,13185.0,12973.339
2015-03-17,13195.0,12994.379
2015-03-18,13120.0,13013.695
2015-03-19,12880.0,13037.028
2015-03-20,13058.0,13059.525
2015-03-23,13025.0,13083.203
2015-03-24,12943.0,13104.568
2015-03-25,12905.0,13127.215
2015-03-26,12930.0,13148.929
2015-03-27,13010.0,13155.676
2015-03-29,13035.0,13166.027
2015-03-30,13087.0,13161.44
2015-03-31,13060.0,13149.585
2015-04-01,12958.0,13129.495
2015-04-02,12985.0,13100.422
2015-04-05,12965.0,13078.506
2015-04-06,12945.0,13061.73
2015-04-07,12995.0,13050.802
2015-04-08,12925.0,13047.411
2015-04-09,12935.0,13057.652
2015-04-12,12890.0,13058.231
2015-04-13,13045.0,13058.9795
2015-04-14,12975.0,13062.292
2015-04-15,12897.0,13065.803
2015-04-16,12820.0,13061.653
2015-04-19,12800.0,13052.176
2015-04-20,12970.0,13038.614
2015-04-21,12925.0,13029.816
2015-04-22,12900.0,13023.39
2015-04-23,12930.0,13021.583
2015-04-26,12942.0,13011.692
2015-04-27,12927.0,12999.039
2015-04-28,12935.0,12994.456
2015-04-29,12915.0,12986.521
2015-04-30,12957.0,12982.34
2015-05-03,12975.0,12977.339
2015-05-04,12860.0,12977.301
2015-05-05,13005.0,12972.736
2015-05-06,13004.0,12974.695
2015-05-07,13095.0,12979.427
2015-05-10,13047.0,12989.523
2015-05-11,13170.0,13000.654
2015-05-12,13145.0,12996.827
2015-05-13,13102.0,13000.867
2015-05-14,13013.0,13006.503
2015-05-17,13047.0,13018.051
2015-05-18,13162.0,13028.558
2015-05-19,13168.0,13046.789
2015-05-20,13015.0,13067.288
2015-05-21,13108.0,13090.735
2015-05-24,13140.0,13106.243
2015-05-25,13173.0,13118.351
2015-05-26,13217.0,13138.512
2015-05-27,13170.0,13149.165
2015-05-28,13165.0,13152.363
2015-05-31,13200.0,13150.48
2015-06-01,13188.0,13153.419
2015-06-02,13150.0,13155.498
2015-06-03,13230.0,13161.734
2015-06-04,13275.0,13169.543
2015-06-07,13388.0,13183.312
2015-06-08,13310.0,13196.093
2015-06-09,13345.0,13203.189
2015-06-10,13205.0,13208.234
2015-06-11,13230.0,13222.07
2015-06-14,13315.0,13231.675
2015-06-15,13320.0,13246.609
2015-06-16,13340.0,13259.229
2015-06-17,13330.0,13273.303
2015-06-18,13290.0,13286.019
2015-06-21,13310.0,13299.174
2015-06-22,13302.0,13309.995
2015-06-23,13250.0,13319.506
2015-06-24,13290.0,13329.74
2015-06-25,13303.0,13332.803
2015-06-28,13322.0,13334.142
2015-06-29,13322.0,13331.646
2015-06-30,13342.0,13334.476
2015-07-01,13318.0,13332.793
2015-07-02,13260.0,13337.753
2015-07-05,13340.0,13339.459
2015-07-06,13340.0,13337.386
2015-07-07,13325.0,13335.533
2015-07-08,13335.0,13334.625
2015-07-09,13303.0,13335.463
2015-07-12,13278.0,13337.237
2015-07-13,13280.0,13340.038
2015-07-14,13305.0,13343.166
2015-07-15,13338.0,13349.084
2015-07-16,13331.0,13351.349
2015-07-19,13350.0,13351.668
2015-07-20,13340.0,13350.61
2015-07-21,13335.0,13348.507
2015-07-22,13400.0,13345.367
2015-07-23,13430.0,13344.424
2015-07-26,13430.0,13346.541
2015-07-27,13465.0,13345.452
2015-07-28,13290.0,13345.769
2015-07-29,13460.0,13348.757
2015-07-30,13492.0,13354.532
2015-08-02,13425.0,13364.544
2015-08-03,13440.0,13377.37
2015-08-04,13485.0,13391.684
2015-08-05,13517.0,13398.53
2015-08-06,13465.0,13408.848
2015-08-09,13465.0,13420.062
2015-08-10,13467.0,13429.618
2015-08-11,13605.0,13437.467
2015-08-12,13745.0,13445.578
2015-08-13,13675.0,13454.789
2015-08-16,13715.0,13461.493
2015-08-17,13830.0,13467.4
2015-08-18,13828.0,13469.431
2015-08-19,13748.0,13488.422
2015-08-20,13885.0,13503.872
2015-08-23,13815.0,13519.293
2015-08-24,13915.0,13543.603
2015-08-25,13800.0,13573.623
2015-08-26,13960.0,13605.98
2015-08-27,13795.0,13636.883
2015-08-30,13910.0,13672.023
2015-08-31,14000.0,13702.493
2015-09-01,13988.0,13736.806
2015-09-02,14050.0,13756.633
2015-09-03,14065.0,13771.555
2015-09-06,14190.0,13785.014
2015-09-07,14275.0,13798.672
2015-09-08,14160.0,13808.3955
2015-09-09,14250.0,13819.952
2015-09-10,14235.0,13840.603
2015-09-13,14270.0,13854.853
2015-09-14,14310.0,13880.815
2015-09-15,14400.0,13908.935
2015-09-16,14377.0,13943.529
2015-09-17,14225.0,13973.414
2015-09-20,14403.0,14009.459
2015-09-21,14470.0,14040.845
2015-09-22,14595.0,14067.675
2015-09-23,14640.0,14095.818
2015-09-24,14670.0,14120.602
2015-09-27,14617.0,14139.257
2015-09-28,14697.0,14154.818
2015-09-29,14680.0,14168.507
2015-09-30,14552.0,14196.372
2015-10-01,14665.0,14223.785
2015-10-04,14605.0,14255.65
2015-10-05,14433.0,14288.199
2015-10-06,14060.0,14323.508
2015-10-07,13865.0,14355.359
2015-10-08,13410.0,14383.402
2015-10-11,13320.0,14415.169
2015-10-12,13502.0,14429.26
2015-10-13,13650.0,14431.743
2015-10-14,13260.0,14407.774
2015-10-15,13400.0,14360.729
2015-10-18,13475.0,14281.989
2015-10-19,13650.0,14182.345
2015-10-20,13733.0,14063.994
2015-10-21,13700.0,13943.375
2015-10-22,13478.0,13820.22
2015-10-26,13520.0,13699.079
2015-10-27,13610.0,13596.839
2015-10-28,13650.0,13533.045
2015-10-29,13602.0,13507.272
2015-10-30,13602.0,13498.078
2015-11-02,13630.0,13515.561
2015-11-03,13580.0,13539.57
2015-11-04,13395.0,13555.216
2015-11-05,13455.0,13560.442
2015-11-06,13525.0,13585.093
2015-11-09,13610.0,13594.707
2015-11-10,13645.0,13601.547
2015-11-11,13560.0,13598.4795
2015-11-12,13525.0,13585.365
2015-11-13,13610.0,13570.08
2015-11-16,13743.0,13567.143
2015-11-17,13708.0,13564.737
2015-11-18,13720.0,13559.048
2015-11-19,13705.0,13549.909
2015-11-20,13655.0,13546.781
2015-11-23,13540.0,13549.242
2015-11-24,13665.0,13557.874
2015-11-25,13620.0,13570.977
2015-11-26,13590.0,13595.753
2015-11-27,13735.0,13615.896
2015-11-30,13638.0,13631.919
2015-12-01,13883.0,13638.56
2015-12-02,13820.0,13641.46
2015-12-03,13807.0,13644.798
2015-12-04,13695.0,13647.233
2015-12-07,13758.0,13646.35
2015-12-08,13870.0,13636.383
2015-12-09,13979.0,13642.111
2015-12-10,13920.0,13649.452
2015-12-11,13925.0,13662.837
2015-12-14,14130.0,13676.305
2015-12-15,13997.0,13697.58
2015-12-16,13970.0,13714.096
2015-12-17,13760.0,13736.358
2015-12-18,14020.0,13760.3
2015-12-21,13865.0,13774.914
2015-12-22,13760.0,13803.812
2015-12-23,13645.0,13820.906
2015-12-24,13625.0,13845.095
2015-12-25,13630.0,13857.743
2015-12-28,13630.0,13878.045
2015-12-29,13495.0,13886.475
2015-12-30,13682.0,13882.003
2015-12-31,13845.0,13860.1045
2016-01-01,13775.0,13833.274
2016-01-04,13775.0,13804.19
2016-01-05,13957.0,13762.499
2016-01-06,13805.0,13721.349
2016-01-07,13905.0,13687.04
2016-01-08,13930.0,13673.446
2016-01-11,13890.0,13654.675
2016-01-12,13805.0,13651.475
2016-01-13,13795.0,13663.277
2016-01-14,13847.0,13684.143
2016-01-15,13825.0,13713.671
2016-01-18,13973.0,13741.282
2016-01-19,13925.0,13765.87
2016-01-20,13830.0,13795.389
2016-01-21,13825.0,13806.265
2016-01-22,13769.0,13807.223
2016-01-25,13747.0,13809.483
2016-01-26,13830.0,13814.953
2016-01-27,13880.0,13810.269
2016-01-28,13802.0,13813.35
2016-01-29,13765.0,13811.096
2016-02-01,13675.0,13805.306
2016-02-02,13630.0,13800.658
2016-02-03,13730.0,13799.22
2016-02-04,13582.0,13797.146
2016-02-05,13612.0,13790.608
2016-02-08,13585.0,13784.011
2016-02-09,13676.0,13766.788
2016-02-10,13560.0,13751.067
2016-02-11,13455.0,13741.593
2016-02-12,13480.0,13724.931
2016-02-15,13465.0,13708.442
2016-02-16,13275.0,13688.558
2016-02-17,13397.0,13668.669
2016-02-18,13500.0,13645.77
2016-02-19,13415.0,13623.324
2016-02-22,13427.0,13602.089
2016-02-23,13385.0,13583.771
2016-02-24,13410.0,13560.955
2016-02-25,13385.0,13530.179
2016-02-26,13430.0,13509.952
2016-02-29,13425.0,13488.974
2016-03-01,13365.0,13471.351
2016-03-02,13246.0,13448.4
2016-03-03,13249.0,13438.781
2016-03-04,13140.0,13435.932
2016-03-07,13028.0,13432.859
2016-03-08,13000.0,13429.9375
2016-03-09,13181.0,13435.2705
2016-03-10,13100.0,13427.043
2016-03-11,13130.0,13410.349
2016-03-14,12943.0,13391.767
2016-03-15,12980.0,13363.328
2016-03-16,13123.0,13326.66
2016-03-17,12770.0,13291.577
2016-03-18,12935.0,13256.491
2016-03-21,13038.0,13222.779
2016-03-22,13183.0,13184.176
2016-03-23,13101.0,13154.167
2016-03-24,13215.0,13138.863
2016-03-25,13233.0,13111.646
2016-03-27,13170.0,13093.821
2016-03-28,13278.0,13080.432
2016-03-29,13180.0,13081.329
2016-03-30,13240.0,13073.224
2016-03-31,13158.0,13078.823
2016-04-03,13127.0,13090.841
2016-04-04,13140.0,13119.99
2016-04-05,13210.0,13151.647
2016-04-06,13172.0,13171.637
2016-04-07,13172.0,13211.646
2016-04-10,13115.0,13232.189
2016-04-11,13095.0,13241.855
2016-04-12,13073.0,13239.3955
2016-04-13,13145.0,13241.8125
2016-04-14,13172.0,13236.284
2016-04-17,13130.0,13229.33
2016-04-18,13104.0,13223.447
2016-04-19,13086.0,13211.499
2016-04-20,13166.0,13204.092
2016-04-21,13172.0,13195.086
2016-04-24,13195.0,13191.89
2016-04-25,13190.0,13189.3
2016-04-26,13160.0,13184.821
2016-04-27,13155.0,13176.348
2016-04-28,13170.0,13175.205
2016-05-01,13175.0,13175.968
2016-05-02,13095.0,13181.87
2016-05-03,13185.0,13188.555
2016-05-04,13350.0,13196.272
2016-05-05,13345.0,13200.498
2016-05-08,13310.0,13203.8
2016-05-09,13377.0,13209.431
2016-05-10,13298.0,13211.491
2016-05-11,13247.0,13215.043
2016-05-12,13255.0,13220.73
2016-05-15,13332.0,13231.68
2016-05-16,13320.0,13243.646
2016-05-17,13318.0,13260.134
2016-05-18,13435.0,13280.137
2016-05-19,13595.0,13299.41
2016-05-22,13605.0,13313.405
2016-05-23,13540.0,13325.848
2016-05-24,13570.0,13339.502
2016-05-25,13608.0,13345.006
2016-05-26,13549.0,13345.208
2016-05-29,13560.0,13357.174
2016-05-30,13631.0,13379.87
2016-05-31,13643.0,13401.581
2016-06-01,13610.0,13431.662
2016-06-02,13610.0,13467.706
2016-06-05,13418.0,13501.033
2016-06-06,13347.0,13525.489
2016-06-07,13227.0,13547.47
2016-06-08,13205.0,13569.111
2016-06-09,13250.0,13582.819
2016-06-12,13326.0,13585.472
2016-06-13,13321.0,13580.299
2016-06-14,13350.0,13573.38
2016-06-15,13320.0,13552.721
2016-06-16,13386.0,13520.211
2016-06-19,13332.0,13485.919
2016-06-20,13250.0,13450.046
2016-06-21,13255.0,13410.239
2016-06-22,13195.0,13376.038
2016-06-23,13250.0,13350.351
2016-06-26,13375.0,13335.559
2016-06-27,13385.0,13335.572
2016-06-28,13160.0,13337.919
2016-06-29,13139.0,13343.96
2016-06-30,13177.0,13344.837
2016-07-03,13115.0,13341.777
2016-07-04,13060.0,13336.187
2016-07-05,13160.0,13333.459
2016-07-06,13212.0,13323.157
2016-07-07,13100.0,13312.424
2016-07-10,13105.0,13298.74
2016-07-11,13120.0,13286.454
2016-07-12,13075.0,13271.819
2016-07-13,13015.0,13253.763
2016-07-14,13020.0,13241.218
2016-07-17,13062.0,13224.94
2016-07-18,13078.0,13203.349
2016-07-19,13093.0,13184.401
2016-07-20,13105.0,13180.414
2016-07-21,13111.0,13173.8545
2016-07-24,13113.0,13161.462
2016-07-25,13095.0,13152.421
2016-07-26,13162.0,13147.005
2016-07-27,13098.0,13136.995
2016-07-28,13058.0,13126.71
2016-07-31,13020.0,13126.375
2016-08-01,13010.0,13128.654
2016-08-02,13092.0,13131.251
2016-08-03,13140.0,13139.6875
2016-08-04,13103.0,13149.12
2016-08-07,13122.0,13155.38
2016-08-08,13105.0,13154.216
2016-08-09,13101.0,13149.121
2016-08-10,13083.0,13144.97
2016-08-11,13098.0,13141.569
2016-08-14,13106.0,13138.08
2016-08-15,13062.0,13136.44
2016-08-16,13111.0,13137.462
2016-08-17,13115.0,13137.938
2016-08-18,13109.0,13141.952
2016-08-21,13179.0,13147.358
2016-08-22,13209.0,13153.407
2016-08-23,13234.0,13156.633
2016-08-24,13258.0,13155.533
2016-08-25,13246.0,13152.147
2016-08-28,13310.0,13152.425
2016-08-29,13248.0,13154.841
2016-08-30,13283.0,13161.541
2016-08-31,13280.0,13172.92
2016-09-01,13273.0,13188.279
2016-09-04,13195.0,13204.508
2016-09-05,13125.0,13224.4795
2016-09-06,13058.0,13244.977
2016-09-07,13070.0,13263.126
2016-09-08,13071.0,13278.727
2016-09-11,13176.0,13293.312
2016-09-12,13172.0,13298.522
2016-09-13,13241.0,13295.551
2016-09-14,13191.0,13284.137
2016-09-15,13144.0,13266.811
2016-09-18,13163.0,13246.431
2016-09-19,13139.0,13225.212
2016-09-20,13158.0,13208.718
2016-09-21,13058.0,13197.476
2016-09-22,13062.0,13190.274
2016-09-25,13053.0,13187.443
2016-09-26,13039.0,13191.907
2016-09-27,12917.0,13199.321
2016-09-28,12921.0,13209.336
2016-09-29,13003.0,13210.141
2016-10-02,12966.0,13206.682
2016-10-03,12962.0,13193.586
2016-10-04,13031.0,13179.585
2016-10-05,13014.0,13155.332
2016-10-06,13005.0,13130.993
2016-10-09,12967.0,13111.05
2016-10-10,12926.0,13090.514
2016-10-11,13068.0,13072.812
2016-10-12,13019.0,13057.301
2016-10-13,13044.0,13050.975
2016-10-16,13092.0,13048.156
2016-10-17,13051.0,13045.489
2016-10-18,13020.0,13041.782
2016-10-19,12972.0,13050.498
2016-10-20,13005.0,13057.117
2016-10-23,13050.0,13060.561
2016-10-24,13012.0,13067.209
2016-10-25,12976.0,13075.208
2016-10-26,13024.0,13079.99
2016-10-27,13053.0,13082.606
2016-10-31,13063.0,13084.72
2016-11-01,13013.0,13089.518
2016-11-02,13038.0,13093.836
2016-11-03,13046.0,13086.508
2016-11-04,13068.0,13082.912
2016-11-07,13115.0,13080.793
2016-11-08,13087.0,13079.081
2016-11-09,13041.0,13078.727
2016-11-10,13137.0,13080.991
2016-11-11,13588.0,13086.704
2016-11-14,13342.0,13092.226
2016-11-15,13459.0,13097.134
2016-11-16,13313.0,13104.032
2016-11-17,13368.0,13111.5
2016-11-18,13411.0,13119.087
2016-11-21,13479.0,13145.769
2016-11-22,13412.0,13174.611
2016-11-23,13432.0,13214.705
2016-11-24,13607.0,13248.3
2016-11-25,13558.0,13288.745
2016-11-28,13480.0,13327.57
2016-11-29,13479.0,13362.727
2016-11-30,13502.0,13391.394
2016-12-01,13572.0,13416.539
2016-12-02,13518.0,13442.6455
2016-12-05,13640.0,13444.863
2016-12-06,13436.0,13463.171
2016-12-07,13296.0,13471.223
2016-12-08,13277.0,13488.306
2016-12-09,13306.0,13504.446
2016-12-12,13357.0,13514.554
2016-12-13,13278.0,13522.439
2016-12-14,13280.0,13527.852
2016-12-15,13418.0,13526.817
2016-12-16,13411.0,13507.233
2016-12-19,13383.0,13486.473
2016-12-20,13370.0,13469.75
2016-12-21,13421.0,13445.645
2016-12-22,13439.0,13417.299
2016-12-23,13449.0,13392.756
2016-12-26,13442.0,13379.152
2016-12-27,13442.0,13364.626
2016-12-28,13429.0,13363.742
2016-12-29,13490.0,13375.045
2016-12-30,13466.0,13390.005
2017-01-02,13512.0,13403.732
2017-01-03,13506.0,13413.187
2017-01-04,13443.0,13426.575
2017-01-05,13348.0,13439.009
2017-01-06,13319.0,13445.402
2017-01-09,13351.0,13451.653
2017-01-10,13314.0,13460.881
2017-01-11,13291.0,13470.661
2017-01-12,13241.0,13476.022
2017-01-13,13258.0,13475.892
2017-01-16,13313.0,13469.763
2017-01-17,13349.0,13461.8
2017-01-18,13296.0,13449.35
2017-01-19,13370.0,13433.574
2017-01-20,13378.0,13409.056
2017-01-23,13406.0,13386.648
2017-01-24,13345.0,13365.461
2017-01-25,13342.0,13349.204
2017-01-26,13316.0,13337.56
2017-01-27,13387.0,13335.919
2017-01-30,13326.0,13339.395
2017-01-31,13338.0,13346.237
2017-02-01,13345.0,13354.344
2017-02-02,13360.0,13363.144
2017-02-03,13346.0,13372.322
2017-02-06,13338.0,13381.327
2017-02-07,13326.0,13383.396
2017-02-08,13310.0,13382.066
2017-02-09,13302.0,13382.545
2017-02-10,13288.0,13380.045
2017-02-13,13335.0,13377.875
2017-02-14,13323.0,13373.829
2017-02-15,13321.0,13373.048
2017-02-16,13316.0,13371.466
2017-02-17,13321.0,13370.374
2017-02-20,13350.0,13363.412
2017-02-21,13347.0,13361.05
2017-02-22,13358.0,13357.508
2017-02-23,13338.0,13354.235
2017-02-24,13325.0,13350.285
2017-02-27,13324.0,13348.534
2017-02-28,13339.0,13349.53
2017-03-01,13391.0,13351.797
2017-03-02,13392.0,13355.881
2017-03-03,13373.0,13359.633
2017-03-06,13278.0,13363.797
2017-03-07,13342.0,13364.717
2017-03-08,13336.0,13366.355
2017-03-09,13368.0,13369.727
2017-03-10,13403.0,13373.79
2017-03-13,13346.0,13377.76
2017-03-14,13372.0,13376.592
2017-03-15,13390.0,13377.396
2017-03-16,13217.0,13376.891
2017-03-17,13283.0,13378.555
2017-03-20,13330.0,13380.755
2017-03-21,13332.0,13381.159
2017-03-22,13308.0,13382.991
2017-03-23,13327.0,13383.444
2017-03-24,13318.0,13378.849
2017-03-26,13320.0,13374.664
2017-03-27,13308.0,13374.004
2017-03-28,13309.0,13370.149
2017-03-29,13303.0,13364.574
2017-03-30,13299.0,13356.956
2017-04-02,13335.0,13349.84
2017-04-03,13316.0,13348.527
2017-04-04,13332.0,13346.147
2017-04-05,13323.0,13342.73
2017-04-06,13353.0,13348.449
2017-04-09,13373.0,13348.949
2017-04-10,13271.0,13347.73
2017-04-11,13291.0,13346.141
2017-04-12,13277.0,13347.156
2017-04-13,13276.0,13346.94
2017-04-16,13287.0,13349.417
2017-04-17,13279.0,13353.504
2017-04-18,13296.0,13354.995
2017-04-19,13343.0,13355.76
2017-04-20,13317.0,13354.328
2017-04-23,13105.0,13352.583
2017-04-24,13124.0,13347.108
2017-04-25,13303.0,13341.064
2017-04-26,13261.0,13335.078
2017-04-27,13351.0,13332.436
2017-04-30,13322.0,13329.732
2017-05-01,13325.0,13318.867
2017-05-02,13295.0,13310.799
2017-05-03,13304.0,13305.0
2017-05-04,13340.0,13300.228
2017-05-07,13315.0,13298.638
2017-05-08,13324.0,13294.957
2017-05-09,13359.0,13297.991
2017-05-10,13353.0,13303.18
2017-05-11,13312.0,13308.224
2017-05-14,13323.0,13316.514
2017-05-15,13285.0,13333.788
2017-05-16,13274.0,13347.389
2017-05-17,13318.0,13349.893
2017-05-18,13399.0,13355.831
2017-05-21,13328.0,13355.765
2017-05-22,13296.0,13357.323
2017-05-23,13296.0,13356.813
2017-05-24,13302.0,13356.608
2017-05-25,13302.0,13355.326
2017-05-28,13288.0,13354.719
2017-05-29,13315.0,13354.646
2017-05-30,13319.0,13353.259
2017-05-31,13294.0,13349.76
2017-06-01,13288.0,13348.329
2017-06-04,13304.0,13349.271
2017-06-05,13283.0,13346.917
2017-06-06,13259.0,13346.216
2017-06-07,13313.0,13346.17
2017-06-08,13293.0,13343.627
2017-06-11,13295.0,13336.779
2017-06-12,13314.0,13335.15
2017-06-13,13282.0,13335.005
2017-06-14,13286.0,13333.236
2017-06-15,13294.0,13331.92
2017-06-18,13277.0,13330.121
2017-06-19,13286.0,13329.837
2017-06-20,13291.0,13328.45
2017-06-21,13301.0,13326.7705
2017-06-22,13341.0,13327.319
2017-06-25,13284.0,13327.917
2017-06-26,13318.0,13327.111
2017-06-27,13308.0,13327.186
2017-06-28,13296.0,13328.01
2017-06-29,13278.0,13326.333
2017-07-02,13298.0,13327.956
2017-07-03,13364.0,13328.345
2017-07-04,13351.0,13329.464
2017-07-05,13363.0,13332.133
2017-07-06,13383.0,13334.894
2017-07-09,13408.0,13335.549
2017-07-11,13349.0,13336.558
2017-07-12,13363.0,13339.439
2017-07-13,13341.0,13342.48
2017-07-16,13332.0,13346.619
2017-07-17,13321.0,13350.204
2017-07-18,13302.0,13360.562
2017-07-19,13309.0,13368.294
2017-07-20,13303.0,13376.446
2017-07-23,13265.0,13382.767
2017-07-24,13316.0,13388.351
2017-07-25,13328.0,13389.832
2017-07-26,13329.0,13384.501
2017-07-27,13311.0,13379.02
2017-07-30,13320.0,13371.835
2017-07-31,13318.0,13362.086
2017-08-01,13317.0,13352.617
2017-08-02,13317.0,13347.88
2017-08-03,13319.0,13344.202
2017-08-06,13309.0,13341.919
2017-08-07,13315.0,13341.325
2017-08-08,13306.0,13342.474
2017-08-09,13326.0,13345.066
2017-08-10,13327.0,13346.775
2017-08-13,13351.0,13348.195
2017-08-14,13342.0,13350.972
2017-08-15,13354.0,13350.534
2017-08-16,13350.0,13349.028
2017-08-17,13372.0,13348.314
2017-08-20,13355.0,13348.836
2017-08-21,13344.0,13350.234
2017-08-22,13325.0,13352.103
2017-08-23,13351.0,13355.281
2017-08-24,13333.0,13358.949
2017-08-27,13339.0,13363.925
2017-08-28,13303.0,13369.1455
2017-08-29,13333.0,13373.208
2017-08-30,13334.0,13376.086
2017-08-31,13321.0,13377.8125
2017-09-03,13331.0,13378.297
2017-09-04,13353.0,13376.925
2017-09-05,13333.0,13373.856
2017-09-06,13339.0,13370.795
2017-09-07,13289.0,13368.22
2017-09-10,13197.0,13364.447
2017-09-11,13176.0,13361.979
2017-09-12,13208.0,13361.169
2017-09-13,13242.0,13361.92
2017-09-14,13262.0,13361.683
2017-09-17,13252.0,13360.488
2017-09-18,13268.0,13354.452
2017-09-19,13256.0,13346.387
2017-09-20,13273.0,13334.092
2017-09-21,13273.0,13321.386
2017-09-24,13306.0,13309.292
2017-09-25,13319.0,13296.908
2017-09-26,13375.0,13286.802
2017-09-27,13433.0,13281.3125
2017-09-28,13508.0,13279.389
2017-10-01,13465.0,13281.836
2017-10-02,13531.0,13291.017
2017-10-03,13536.0,13301.593
2017-10-04,13470.0,13312.747
2017-10-05,13451.0,13325.905
2017-10-08,13497.0,13344.051
2017-10-09,13510.0,13364.8955
2017-10-10,13510.0,13389.632
2017-10-11,13510.0,13416.719
2017-10-12,13498.0,13441.705
2017-10-15,13492.0,13463.11
2017-10-16,13476.0,13479.136
2017-10-17,13495.0,13493.468
2017-10-18,13510.0,13502.571
2017-10-19,13490.0,13506.728
2017-10-22,13516.0,13505.487
2017-10-23,13535.0,13508.228
2017-10-24,13525.0,13506.421
2017-10-25,13572.0,13504.222
2017-10-26,13643.0,13506.039
2017-10-30,13588.0,13508.308
2017-10-31,13574.0,13508.355
2017-11-01,13554.0,13508.764
2017-11-02,13553.0,13510.514
2017-11-03,13543.0,13514.745
2017-11-06,13480.0,13523.436
2017-11-07,13483.0,13533.269
2017-11-08,13514.0,13544.505
2017-11-09,13503.0,13552.901
2017-11-10,13527.0,13559.764
2017-11-13,13512.0,13566.233
2017-11-14,13553.0,13565.704
2017-11-15,13545.0,13560.722
2017-11-17,13514.0,13555.277
2017-11-20,13508.0,13547.088
2017-11-21,13525.0,13535.454
2017-11-22,13519.0,13527.485
2017-11-23,13491.0,13523.669
2017-11-24,13489.0,13523.048
2017-11-27,13498.0,13522.901
2017-11-28,13511.0,13522.86
2017-11-29,13500.0,13526.492
2017-11-30,13504.0,13529.777
2017-12-01,13541.0,13528.975
2017-12-04,13560.0,13527.445
2017-12-05,13494.0,13523.789
2017-12-06,13513.0,13522.099
2017-12-07,13534.0,13517.699
2017-12-08,13553.0,13513.921
2017-12-11,13507.0,13513.908
2017-12-12,13552.0,13516.542
2017-12-13,13551.0,13517.29
2017-12-14,13540.0,13518.478
2017-12-15,13554.0,13521.681
2017-12-18,13568.0,13526.449
2017-12-19,13580.0,13528.998
2017-12-20,13575.0,13530.75
2017-12-21,13573.0,13533.542
2017-12-22,13562.0,13536.955
2017-12-25,13551.0,13538.769
2017-12-26,13532.0,13539.321
2017-12-27,13552.0,13545.7
2017-12-28,13558.0,13550.919
2017-12-29,13558.0,13555.014
2018-01-01,13542.0,13557.284
2018-01-02,13550.0,13562.06
2018-01-03,13496.0,13562.364
2018-01-04,13468.0,13562.086
2018-01-05,13415.0,13562.014
2018-01-08,13427.0,13560.93
2018-01-09,13427.0,13558.442
2018-01-10,13430.0,13555.55
2018-01-11,13441.0,13551.606
2018-01-12,13393.0,13545.988
2018-01-15,13295.0,13537.068
2018-01-16,13305.0,13526.528
2018-01-17,13306.0,13515.33
2018-01-18,13336.0,13501.568
2018-01-19,13334.0,13487.871
2018-01-22,13325.0,13472.804
2018-01-23,13342.0,13456.012
2018-01-24,13336.0,13438.184
2018-01-25,13298.0,13422.474
2018-01-26,13299.0,13408.873
2018-01-29,13296.0,13396.83
2018-01-30,13367.0,13383.787
2018-01-31,13421.0,13373.338
2018-02-01,13383.0,13365.345
2018-02-02,13386.0,13357.855
2018-02-05,13411.0,13353.363
2018-02-06,13564.0,13353.653
2018-02-07,13544.0,13355.441
2018-02-08,13641.0,13359.743
2018-02-09,13598.0,13362.92
2018-02-12,13610.0,13367.919
2018-02-13,13643.0,13375.938
2018-02-14,13640.0,13391.998
2018-02-15,13622.0,13410.988
2018-02-16,13552.0,13437.083
2018-02-19,13552.0,13463.478
2018-02-20,13554.0,13493.654
2018-02-21,13608.0,13521.175
2018-02-22,13612.0,13544.452
2018-02-23,13676.0,13568.7
2018-02-26,13652.0,13585.658
2018-02-27,13651.0,13598.068
2018-02-28,13694.0,13597.294
2018-03-01,13756.0,13598.658
2018-03-02,13741.0,13593.19
2018-03-05,13751.0,13593.357
2018-03-06,13737.0,13594.791
2018-03-07,13759.0,13597.144
2018-03-08,13745.0,13603.459
2018-03-09,13786.0,13614.599
2018-03-12,13772.0,13631.703
2018-03-13,13755.0,13648.745
2018-03-14,13740.0,13665.06
2018-03-15,13725.0,13678.54
2018-03-16,13758.0,13691.76
2018-03-19,13748.0,13701.162
2018-03-20,13771.0,13710.748
2018-03-21,13743.0,13719.112
2018-03-22,13705.0,13723.509
2018-03-23,13754.0,13722.927
2018-03-25,13762.0,13723.83
2018-03-26,13718.0,13723.214
2018-03-27,13740.0,13723.853
2018-03-28,13756.0,13722.194
2018-03-29,13757.0,13720.156
2018-04-01,13768.0,13717.386
2018-04-02,13748.0,13715.979
2018-04-03,13741.0,13714.919
2018-04-04,13751.0,13714.408
2018-04-05,13760.0,13714.482
2018-04-08,13763.0,13714.052
2018-04-09,13768.0,13715.3545
2018-04-10,13742.099609375,13714.773
2018-04-11,13753.5,13715.871
2018-04-12,13767.0,13719.157
2018-04-15,13733.0,13719.81
2018-04-16,13766.0,13720.267
2018-04-17,13757.0,13723.066
2018-04-18,13769.0,13723.62
2018-04-19,13800.0,13723.653
2018-04-22,13899.0,13724.105
2018-04-23,13961.0,13723.118
2018-04-24,13872.0,13723.931
2018-04-25,13919.0,13724.237
2018-04-26,13879.0,13724.858
2018-04-29,13870.0,13726.468
2018-04-30,13901.0,13732.382
2018-05-01,13982.2998046875,13743.553
2018-05-02,14002.2998046875,13757.002
2018-05-03,13931.0,13772.961
2018-05-06,13933.0,13787.09
2018-05-07,14268.5,13803.393
2018-05-08,14264.099609375,13816.721
2018-05-09,14073.0,13830.208
2018-05-10,14073.0,13843.682
2018-05-13,13943.0,13853.527
2018-05-14,13963.0,13857.9795
2018-05-15,14030.0,13871.857
2018-05-16,14149.2001953125,13897.299
2018-05-17,14153.5,13921.578
2018-05-20,14163.0,13945.438
2018-05-21,14220.0,13960.914
2018-05-22,14200.7998046875,13974.002
2018-05-23,14169.0,13978.634
2018-05-24,14124.0,13980.576
2018-05-27,14078.0,13985.423
2018-05-28,14010.0,13990.771
2018-05-29,14029.0,13985.713
2018-05-30,13977.0,13988.558
2018-05-31,13880.0,14005.416
2018-06-03,13938.0,14020.034
2018-06-04,13860.0,14035.612
2018-06-05,13870.0,14042.387
2018-06-06,13822.0,14039.945
2018-06-07,13863.0,14025.137
2018-06-10,13866.0,14003.683
2018-06-11,13923.0,13979.893
2018-06-12,13923.0,13949.426
2018-06-13,13923.0,13921.505
2018-06-14,14121.400390625,13893.42
2018-06-17,13923.0,13869.322
2018-06-18,13923.0,13849.833
2018-06-19,13923.0,13837.832
2018-06-20,13923.0,13828.122
2018-06-21,14088.0,13824.429
2018-06-24,14073.0,13835.3955
2018-06-25,14148.0,13841.562
2018-06-26,14188.0,13854.31
2018-06-27,14235.0,13863.188
2018-06-28,14350.0,13872.818
2018-07-01,14317.0,13885.355
2018-07-02,14347.0,13895.9375
2018-07-03,14353.0,13908.122
2018-07-04,14400.0,13924.349
2018-07-05,14378.7998046875,13946.651
2018-07-08,14307.0,13969.595
2018-07-09,14311.0,14005.974
2018-07-10,14375.0,14045.049
2018-07-11,14378.0,14082.809
2018-07-12,14385.0,14120.628
2018-07-15,14373.0,14148.536
2018-07-16,14365.5,14172.203
2018-07-17,14377.0,14187.575
2018-07-18,14441.0,14198.932
2018-07-19,14468.0,14206.751
2018-07-22,14473.0,14209.022
2018-07-23,14567.5,14211.51
2018-07-24,14543.2998046875,14212.622
2018-07-25,14465.0,14214.747
2018-07-26,14525.0,14217.745
2018-07-29,14411.0,14224.566
2018-07-30,14403.0,14236.322
2018-07-31,14409.2001953125,14251.583
2018-08-01,14489.0,14265.462
2018-08-02,14521.0,14279.623
2018-08-05,14486.0,14294.475
2018-08-06,14543.2998046875,14304.214
2018-08-07,14422.0,14311.776
2018-08-08,14398.0,14313.047
2018-08-09,14472.0,14310.192
2018-08-12,14473.0,14307.482
2018-08-13,14594.0,14304.175
2018-08-14,14642.0,14300.162
2018-08-15,14555.7998046875,14296.72
2018-08-16,14598.599609375,14297.794
2018-08-19,14572.0,14296.7295
2018-08-20,14562.0,14300.177
2018-08-21,14570.0,14307.946
2018-08-22,14572.0,14316.829
2018-08-23,14664.0,14322.668
2018-08-26,14559.0,14331.82
2018-08-27,14551.0,14343.09
2018-08-28,14653.0,14353.639
2018-08-29,14618.0,14368.754
2018-08-30,14751.0,14380.831
2018-09-02,14723.0,14390.203
2018-09-03,14832.0,14395.327
2018-09-04,14930.0,14394.035
2018-09-05,14979.900390625,14393.213
2018-09-06,14893.0,14397.13
2018-09-09,14813.0,14406.029
2018-09-10,14844.5,14416.257
2018-09-11,14837.0,14433.625
2018-09-12,14807.0,14457.551
2018-09-13,14740.0,14488.401
2018-09-16,14807.0,14517.593
2018-09-17,14907.099609375,14548.883
2018-09-18,14867.0,14577.395
2018-09-19,14880.0,14596.778
2018-09-20,14832.0,14612.748
2018-09-23,14812.0,14613.311
2018-09-24,14861.0,14611.462
2018-09-25,15021.5,14606.166
2018-09-26,14985.0,14598.312
2018-09-27,14918.7998046875,14592.178
2018-09-30,14902.0,14590.596
2018-10-01,15053.2998046875,14593.68
2018-10-02,15038.0,14597.205
2018-10-03,15139.2001953125,14606.516
2018-10-04,15408.900390625,14618.805
2018-10-07,15173.0,14633.253
2018-10-08,15400.0,14642.558
2018-10-09,15223.0,14652.299
2018-10-10,15196.0,14667.47
2018-10-11,15299.2001953125,14687.52
2018-10-14,15198.0,14719.571
2018-10-15,15193.7998046875,14750.401
2018-10-16,15193.0,14791.072
2018-10-17,15264.2998046875,14819.324
2018-10-18,15328.5,14851.05
2018-10-21,15181.0,14884.907
2018-10-22,15264.7001953125,14909.237
2018-10-23,15183.0,14922.48
2018-10-24,15269.5,14927.716
2018-10-25,15257.2998046875,14927.45
2018-10-29,15210.0,14919.71
2018-10-30,15297.7998046875,14919.232
2018-10-31,15273.099609375,14913.369
2018-11-01,15196.0,14912.413
2018-11-02,15068.7001953125,14916.416
2018-11-05,14946.0,14915.969
2018-11-06,14921.599609375,14917.726
2018-11-07,14830.0,14921.908
2018-11-08,14598.900390625,14923.953
2018-11-09,14720.0,14923.126
2018-11-12,14678.0,14914.17
2018-11-13,14808.0,14902.797
2018-11-14,14794.2998046875,14880.883
2018-11-15,14813.2998046875,14852.141
2018-11-16,14562.2001953125,14805.165
2018-11-19,14605.0,14753.787
2018-11-20,14652.7001953125,14698.169
2018-11-21,14664.2998046875,14646.177
2018-11-22,14630.0,14600.34
2018-11-23,14600.0,14565.856
2018-11-26,14533.0,14537.024
2018-11-27,14526.900390625,14517.373
2018-11-28,14575.5,14500.674
2018-11-29,14459.7998046875,14490.148
2018-11-30,14356.0,14488.106
2018-12-03,14296.0,14474.427
2018-12-04,14339.0,14459.712
2018-12-05,14448.599609375,14439.177
2018-12-06,14431.599609375,14421.796
2018-12-07,14528.0,14401.404
2018-12-10,14463.0,14387.839
2018-12-11,14548.0,14364.031
2018-12-12,14637.400390625,14335.677
2018-12-13,14579.7998046875,14310.5
2018-12-14,14550.0,14288.382
2018-12-17,14578.0,14273.901
2018-12-18,14588.7001953125,14264.824
2018-12-19,14490.0,14264.926
2018-12-20,14493.0,14272.261
2018-12-21,14534.7998046875,14289.513
2018-12-24,14548.0,14312.764
2018-12-25,14548.0,14336.046
2018-12-26,14710.0,14355.425
2018-12-27,14609.400390625,14365.393
2018-12-28,14561.599609375,14371.772
2018-12-31,14553.0,14370.496
2019-01-01,14460.0,14371.47
2019-01-02,14460.0,14368.157
2019-01-03,14409.7001953125,14366.31
2019-01-04,14375.400390625,14368.346
2019-01-07,14267.0,14374.083
2019-01-08,14083.0,14377.586
2019-01-09,14138.0,14376.872
2019-01-10,14130.0,14379.088
2019-01-11,14048.0,14373.061
2019-01-14,14038.0,14358.972
2019-01-15,14117.0,14336.374
2019-01-16,14111.0,14302.168
2019-01-17,14140.0,14257.064
2019-01-18,14173.0,14214.021
2019-01-21,14168.0,14170.394
2019-01-22,14307.0,14125.364
2019-01-23,14208.0,14086.775
2019-01-24,14130.900390625,14053.337
2019-01-25,14189.0,14029.572
2019-01-28,14078.0,14013.495
2019-01-29,14063.0,14007.918
2019-01-30,14074.0,14020.405
2019-01-31,14033.0,14030.46
2019-02-01,13966.0,14041.077
2019-02-04,13933.0,14054.586
2019-02-05,13957.5,14062.103
2019-02-06,13950.5,14062.916
2019-02-07,13915.0,14058.092
2019-02-08,13966.0,14046.482
2019-02-11,13958.0,14029.219
2019-02-12,14033.0,14007.58
2019-02-13,14012.7001953125,13979.035
2019-02-14,14151.0,13956.584
2019-02-15,14083.0,13937.263
2019-02-18,14136.0,13917.07
2019-02-19,14192.5,13903.992
2019-02-20,14096.5,13897.311
2019-02-21,14033.0,13892.751
2019-02-22,14120.0,13898.436
2019-02-25,14051.0,13909.331
2019-02-26,14011.0,13926.816
2019-02-27,13960.0,13946.261
2019-02-28,14015.0,13964.75
2019-03-01,14194.0,13982.419
2019-03-04,14108.0,13994.957
2019-03-05,14205.0,14003.112
2019-03-06,14150.5,14004.064
2019-03-07,14214.5,13998.683
2019-03-08,14240.7998046875,13984.847
2019-03-11,14303.0,13981.176
2019-03-12,14283.0,13975.591
2019-03-13,14258.0,13974.63
2019-03-14,14258.0,13979.585
2019-03-15,14287.0,13994.2295
2019-03-18,14251.0,14009.11
2019-03-19,14251.0,14031.284
2019-03-20,14223.0,14055.672
2019-03-21,14055.0,14080.274
2019-03-22,14133.0,14099.844
2019-03-25,14158.0,14110.349
2019-03-26,14173.0,14123.447
2019-03-27,14163.0,14129.611
2019-03-28,14346.0,14134.607
2019-03-29,14235.0,14128.215
2019-03-31,14233.0,14118.849
2019-04-01,14240.0,14103.78
2019-04-02,14213.0,14091.178
2019-04-03,14210.0,14079.403
2019-04-04,14151.0,14073.953
2019-04-07,14112.0,14069.478
2019-04-08,14191.0,14072.732
2019-04-09,14136.0,14077.316
2019-04-10,14177.0,14083.777
2019-04-11,14138.0,14098.527
2019-04-14,14086.0,14102.923
2019-04-15,14155.5,14101.011
2019-04-16,14079.0,14097.174
2019-04-17,14078.0,14090.31
2019-04-18,14036.0,14076.654
2019-04-21,14036.0,14067.268
2019-04-22,14061.5,14056.991
2019-04-23,14061.0,14049.283
2019-04-24,14154.0,14040.846
2019-04-25,14306.5,14033.201
2019-04-28,14165.0,14025.011
2019-04-29,14191.0,14016.729
2019-04-30,14243.0,14005.059
2019-05-01,14244.2998046875,13995.941
2019-05-02,14244.0,13989.119
2019-05-05,14230.0,13992.399
2019-05-06,14286.0,13999.683
2019-05-07,14346.2998046875,14008.551
2019-05-08,14288.0,14023.464
2019-05-09,14343.0,14041.235
2019-05-12,14318.0,14062.485
2019-05-13,14497.400390625,14079.684
2019-05-14,14423.0,14094.84
2019-05-15,14540.0,14111.193
2019-05-16,14569.5,14121.993
2019-05-19,14443.0,14128.22
2019-05-20,14448.0,14140.671
2019-05-22,14518.0,14158.82
2019-05-23,14453.0,14174.697
2019-05-26,14386.0,14196.812
2019-05-27,14445.0,14221.086
2019-05-28,14468.0,14244.49
2019-05-29,14393.0,14265.084
2019-05-30,14401.0,14281.289
2019-06-02,14268.0,14297.257
2019-06-03,14237.0,14305.203
2019-06-04,14260.0,14309.25
2019-06-05,14280.0,14303.263
2019-06-06,14256.0,14299.526
2019-06-09,14268.0,14289.069
2019-06-10,14276.0,14271.9
2019-06-11,14294.5,14258.543
2019-06-12,14262.0,14241.85
2019-06-13,14273.0,14220.666
2019-06-16,14318.0,14202.094
2019-06-17,14413.5,14185.795
2019-06-18,14289.5,14167.741
2019-06-19,14280.0,14153.265
2019-06-20,14142.0,14144.977
2019-06-23,14148.0,14138.844
2019-06-24,14183.0,14141.505
2019-06-25,14118.0,14149.951
2019-06-26,14215.5,14155.576
2019-06-27,14184.5,14160.061
2019-06-30,14121.0,14158.622
2019-07-01,14150.0,14153.724
2019-07-02,14196.0,14145.767
2019-07-03,14178.5,14131.44
2019-07-04,14150.0,14118.992
2019-07-07,14076.0,14103.511
2019-07-08,14187.0,14086.303
2019-07-09,14236.0,14068.166
2019-07-10,14161.5,14059.495
2019-07-11,14124.0,14054.651
2019-07-14,14000.0,14056.566
2019-07-15,13913.0,14053.631
2019-07-16,14008.5,14051.431
2019-07-17,14023.0,14054.669
2019-07-18,13970.0,14053.215
2019-07-21,13941.0,14052.034
2019-07-22,13997.0,14047.256
2019-07-23,14039.0,14035.66
2019-07-24,14027.5,14020.698
2019-07-25,14052.7001953125,14003.9
2019-07-28,13997.0,13985.934
2019-07-29,14066.0,13968.114
2019-07-30,14066.400390625,13946.272
2019-07-31,14165.0,13928.627
2019-08-01,14329.0,13919.695
2019-08-04,14173.0,13916.238
2019-08-05,14248.0,13918.691
2019-08-06,14258.0,13928.44
2019-08-07,14274.5,13933.893
2019-08-08,14236.5,13943.601
2019-08-11,14183.0,13963.56
2019-08-12,14241.0,13983.789
2019-08-13,14232.7998046875,14006.428
2019-08-14,14238.0,14026.941
2019-08-15,14333.0,14051.278
2019-08-18,14228.0,14073.56
2019-08-19,14337.2998046875,14092.266
2019-08-20,14326.099609375,14104.834
2019-08-21,14275.0,14113.958
2019-08-22,14228.0,14117.199
2019-08-25,14206.0,14115.188
2019-08-26,14253.7998046875,14118.633
2019-08-27,14343.7998046875,14123.377
2019-08-28,14311.2998046875,14128.219
2019-08-29,14231.0,14133.624
2019-09-01,14178.0,14139.431
2019-09-02,14265.0,14143.294
2019-09-03,14260.7001953125,14143.901
2019-09-04,14146.0,14146.481
2019-09-05,14172.2998046875,14147.97
2019-09-08,14088.0,14143.183
2019-09-09,14024.0,14140.5
2019-09-10,14095.7998046875,14134.708
2019-09-11,14106.400390625,14131.253
2019-09-12,13983.0,14126.964
2019-09-15,13958.0,14121.721
2019-09-16,14170.2998046875,14111.058
2019-09-17,14126.7998046875,14094.767
2019-09-18,14126.0,14073.898
2019-09-19,14158.0,14053.984
2019-09-22,14048.0,14035.103
2019-09-23,14078.0,14015.687
2019-09-24,14177.2998046875,13997.922
2019-09-25,14211.2998046875,13984.844
2019-09-26,14236.7998046875,13983.203
2019-09-29,14158.0,13981.98
2019-09-30,14219.400390625,13983.969
2019-10-01,14206.0,13992.127
2019-10-02,14188.0,13998.16
2019-10-03,14166.0,14006.111
2019-10-06,14128.0,14022.302
2019-10-07,14239.5,14035.738
